date,price,log_price,r
2011-10-10,9.33894,2.2341927554362067,0.0015474106468427173
2011-10-11,9.42081,2.2429210721527255,0.008728316716518858
2011-10-12,9.51268,2.25262564547921,0.009704573326484667
2011-10-13,9.5279,2.25422433661589,0.001598691136679875
2011-10-14,9.82239,2.284664473609456,0.030440136993565847
2011-10-17,10.3607,2.338019802116319,0.05335532850686331
2011-10-18,10.9328,2.3917674450443767,0.05374764292805745
2011-10-19,11.3708,2.431048665885319,0.03928122084094232
2011-10-20,11.2721,2.4223306460971266,-0.008718019788192422
2011-10-21,11.2863,2.423589600799193,0.0012589547020662728
2011-10-24,11.9292,2.478989176023963,0.055399575224770015
2011-10-25,11.1564,2.4120133242676753,-0.06697585175628751
2011-10-26,11.2357,2.4190962089923485,0.007082884724673111
2011-10-27,11.6432,2.454722318610685,0.035626109618336343
2011-10-28,11.2635,2.4215674092259114,-0.03315490938477339
2011-10-31,10.9716,2.395310115976244,-0.026257293249667413
2011-11-01,11.0754,2.4047264326604725,0.009416316684228487
2011-11-02,11.3767,2.4315674042198436,0.026840971559371152
2011-11-03,11.326,2.4271009676916133,-0.004466436528230311
2011-11-04,11.326,2.4271009676916133,0.0
2011-11-07,11.1648,2.412765972010318,-0.014334995681295482
2011-11-08,11.3902,2.4327533365674396,0.0199873645571218
2011-11-09,11.2492,2.420297015010803,-0.012456321556636674
2011-11-10,11.8534,2.4726147462587407,0.052317731247937704
2011-11-11,11.5117,2.4433639094817803,-0.029250836776960387
2011-11-14,11.3479,2.4290327047822933,-0.01433120469948701
2011-11-15,11.693,2.458990372158181,0.029957667375887898
2011-11-16,11.3548,2.429640562016231,-0.02934981014195026
2011-11-17,11.7242,2.461655081727366,0.032014519711135225
2011-11-18,11.7082,2.4602894510206017,-0.0013656307067644313
2011-11-21,11.52,2.444084655267745,-0.016204795752856604
2011-11-22,11.6044,2.451384336537164,0.007299681269418823
2011-11-23,11.5589,2.447455703007297,-0.003928633529866943
2011-11-25,11.6652,2.4566100506328867,0.009154347625589754
2011-11-28,12.0567,2.4896205220142202,0.033010471381333506
2011-11-29,12.0879,2.4922049522691117,0.002584430254891412
2011-11-30,12.5942,2.533236390518509,0.04103143824939748
2011-12-01,12.071,2.49080588171899,-0.04243050879951893
2011-12-02,12.4718,2.5234700957064367,0.032664213987446455
2011-12-05,12.4187,2.5192034011397793,-0.004266694566657403
2011-12-06,12.433,2.5203542279708007,0.001150826831021412
2011-12-07,12.4187,2.5192034011397793,-0.001150826831021412
2011-12-08,12.3901,2.516897766633501,-0.002305634506278409
2011-12-09,12.8422,2.5527366231487316,0.03583885651523078
2011-12-12,12.3217,2.5113619355990284,-0.04137468754970319
2011-12-13,11.9133,2.4776554230738075,-0.033706512525220944
2011-12-14,12.0644,2.490258967214609,0.01260354414080167
2011-12-15,12.0111,2.485831222239135,-0.004427744975473935
2011-12-16,11.7715,2.4656813558028676,-0.020149866436267594
2011-12-19,11.5732,2.4486920803203485,-0.01698927548251916
2011-12-20,11.8905,2.475739761963183,0.027047681642834664
2011-12-21,12.2306,2.5039410081849827,0.028201246221799536
2011-12-22,12.4187,2.5192034011397793,0.015262392954796589
2011-12-23,12.6103,2.5345139403361827,0.015310539196403461
2011-12-27,12.5689,2.5312255088286255,-0.003288431507557199
2011-12-28,12.3756,2.5157267921278867,-0.015498716700738768
2011-12-29,12.5604,2.530549007666701,0.014822215538814465
2011-12-30,12.8583,2.5539895172251947,0.023440509558493527
2012-01-03,12.6996,2.541570496905542,-0.012419020319652585
2012-01-04,12.8583,2.5539895172251947,0.012419020319652585
2012-01-05,13.0811,2.571168440352353,0.017178923127158185
2012-01-06,13.3241,2.5895744255569464,0.018405985204593467
2012-01-09,13.4237,2.5970218014417563,0.007447375884809926
2012-01-10,13.6043,2.6103859192393477,0.01336411779759139
2012-01-11,13.5738,2.608141464122629,-0.002244455116718669
2012-01-12,13.8084,2.6252771026352764,0.017135638512647322
2012-01-13,13.7569,2.6215405164257617,-0.0037365862095146696
2012-01-17,13.5308,2.604968568298719,-0.016571948127042546
2012-01-18,13.4439,2.5985254715727732,-0.006443096725945896
2012-01-19,13.6641,2.614771955520605,0.01624648394783179
2012-01-20,13.5088,2.6033413249330986,-0.011430630587506485
2012-01-23,13.4237,2.5970218014417563,-0.006319523491342238
2012-01-24,13.4852,2.601592787775741,0.004570986333984894
2012-01-25,13.5156,2.603844573859514,0.0022517860837729664
2012-01-26,13.5233,2.6044141236716847,0.0005695498121705
2012-01-27,13.5527,2.606585789468296,0.0021716657966113218
2012-01-30,13.8303,2.626861837415369,0.02027604794707294
2012-01-31,14.0194,2.6404420846849628,0.013580247269593837
2012-02-01,14.2632,2.6576827937384233,0.017240709053460535
2012-02-02,14.5331,2.676428806512124,0.01874601277370047
2012-02-03,14.761,2.69198856755486,0.015559761042736042
2012-02-06,14.2235,2.6548955262976897,-0.03709304125717017
2012-02-07,14.0817,2.6448760820779373,-0.010019444219752316
2012-02-08,14.4285,2.669205417278643,0.024329335200705682
2012-02-09,14.5113,2.674927656266722,0.005722238988079109
2012-02-10,14.6007,2.6810694727704356,0.006141816503713482
2012-02-13,14.7382,2.6904427626150595,0.009373289844623933
2012-02-14,14.8876,2.7005286517033595,0.010085889088299993
2012-02-15,14.7146,2.6888401981695185,-0.01168845353384107
2012-02-16,14.7382,2.6904427626150595,0.001602564445541077
2012-02-17,14.5864,2.6800895877428577,-0.010353174872201887
2012-02-21,14.691,2.6872350613882903,0.0071454736454326095
2012-02-22,14.5265,2.6759745676297246,-0.011260493758565637
2012-02-23,14.9112,2.7021126084354568,0.02613804080573212
2012-02-24,14.6555,2.684815691629296,-0.017296916806160745
2012-02-27,14.6825,2.6866563084145376,0.001840616785241611
2012-02-28,14.5265,2.6759745676297246,-0.010681740784812987
2012-02-29,14.6007,2.6810694727704356,0.005094905140710981
2012-03-01,14.6235,2.682629823755299,0.0015603509848634012
2012-03-02,14.459,2.671317058045989,-0.011312765709309947
2012-03-05,14.5331,2.676428806512124,0.0051117484661347135
2012-03-06,14.3585,2.6643421013395714,-0.012086705172552392
2012-03-07,14.7222,2.689356558654956,0.025014457315384764
2012-03-08,15.1981,2.72117042003908,0.031813861384123676
2012-03-09,15.814,2.7608956236487354,0.03972520360965559
2012-03-12,15.8706,2.764468341007009,0.0035727173582733585
2012-03-13,16.2832,2.79013390145553,0.02566556044852142
2012-03-14,16.0309,2.7745181097740392,-0.015615791681490965
2012-03-15,16.0807,2.777619795141624,0.0031016853675849276
2012-03-16,16.1651,2.782854597363025,0.005234802221401047
2012-03-19,16.1971,2.784832213868037,0.0019776165050116035
2012-03-20,15.976,2.771087596113514,-0.013744617754522626
2012-03-21,15.9457,2.76918920040778,-0.001898395705734135
2012-03-22,16.0722,2.7770910714371984,0.007901871029418306
2012-03-23,16.1009,2.7788751710491537,0.0017840996119553587
2012-03-26,16.3135,2.791992985885972,0.013117814836818287
2012-03-27,16.3431,2.7938057899198334,0.0018128040338614149
2012-03-28,16.7962,2.821152670348099,0.027346880428265496
2012-03-29,16.7617,2.8190965218909683,-0.0020561484571306465
2012-03-30,16.663,2.8131906925564865,-0.005905829334481805
2012-04-02,16.392,2.7967934109365986,-0.01639728161988785
2012-04-03,16.3135,2.791992985885972,-0.004800425050626611
2012-04-04,16.1086,2.779353290867635,-0.012639695018337171
2012-04-05,16.0807,2.777619795141624,-0.0017334957260106698
2012-04-09,15.8545,2.7634533716999217,-0.014166423441702491
2012-04-10,15.2572,2.7250515227821195,-0.038401848917802184
2012-04-11,15.5069,2.741285086160632,0.01623356337851245
2012-04-12,15.847,2.762980207960671,0.021695121800039185
2012-04-13,15.6225,2.7487121828211,-0.014268025139571261
2012-04-16,15.6445,2.750119417517781,0.0014072346966811367
2012-04-17,15.6293,2.749147357761891,-0.0009720597558899868
2012-04-18,15.6057,2.747636232134173,-0.0015111256277178242
2012-04-19,15.4175,2.7355032278835107,-0.012133004250662438
2012-04-20,15.6293,2.749147357761891,0.013644129878380262
2012-04-23,15.3938,2.7339648309528934,-0.015182526808997565
2012-04-24,15.4377,2.7368125697698615,0.002847738816968093
2012-04-25,15.6445,2.750119417517781,0.013306847747919459
2012-04-26,15.5811,2.746058641287916,-0.004060776229864782
2012-04-27,17.0088,2.833730857182019,0.08767221589410257
2012-04-30,17.1692,2.843117080929318,0.009386223747299027
2012-05-01,17.6974,2.8734177361346336,0.030300655205315774
2012-05-02,18.0197,2.8914656038729083,0.018047867738274714
2012-05-03,17.6509,2.8707867735807,-0.020678830292208517
2012-05-04,17.6433,2.8703561079122633,-0.0004306656684365251
2012-05-07,17.6661,2.871647548897885,0.00129144098562195
2012-05-08,17.4619,2.8600213646513386,-0.0116261842465466
2012-05-09,17.3261,2.8522140351239234,-0.007807329527415252
2012-05-10,17.5015,2.862286591541923,0.010072556417999756
2012-05-11,18.1513,2.89874218349024,0.03645559194831671
2012-05-14,17.9252,2.886207544024554,-0.012534639465685782
2012-05-15,17.8323,2.8810114196298033,-0.005196124394750701
2012-05-16,17.7792,2.8780292346977783,-0.002982184932025067
2012-05-17,16.9852,2.832342376638894,-0.04568685805888428
2012-05-18,16.4427,2.7998816097198187,-0.03246076691907529
2012-05-21,16.6924,2.8149535260175496,0.015071916297730859
2012-05-22,16.6476,2.8122660618925432,-0.0026874641250063114
2012-05-23,16.6088,2.8099326753802023,-0.0023333865123409403
2012-05-24,16.8807,2.826170957502301,0.016238282122098546
2012-05-25,17.062,2.836853768486503,0.010682810984202096
2012-05-29,17.4391,2.8587148116446364,0.02186104315813342
2012-05-30,17.2451,2.847528045154247,-0.0111867664903893
2012-05-31,17.0772,2.8377442404954776,-0.00978380465876949
2012-06-01,15.9532,2.7696594360672044,-0.06808480442827314
2012-06-04,15.5373,2.743243584670315,-0.02641585139688951
2012-06-05,15.5652,2.7450376531524907,0.0017940684821757813
2012-06-06,16.0866,2.777986627301374,0.03294897414888309
2012-06-07,16.3836,2.7962808344965695,0.0182942071951957
2012-06-08,16.8662,2.8253116192583545,0.029030784761785
2012-06-11,16.4596,2.800908893617068,-0.024402725641286427
2012-06-12,16.6233,2.8108053256743557,0.00989643205728763
2012-06-13,16.1651,2.782854597363025,-0.027950728311330497
2012-06-14,16.2984,2.7910669434855544,0.00821234612252919
2012-06-15,16.586,2.808558966029012,0.017492022543457608
2012-06-18,17.2746,2.8492372145376095,0.04067824850859747
2012-06-19,17.5226,2.863491476324268,0.01425426178665834
2012-06-20,17.192,2.844444159340209,-0.019047316984058593
2012-06-21,15.5145,2.741775070503831,-0.10266908883637837
2012-06-22,15.4546,2.7379066936574277,-0.0038683768464031765
2012-06-25,15.2125,2.7221174583136456,-0.01578923534378207
2012-06-26,15.5896,2.7466040252677875,0.024486566954141864
2012-06-27,15.976,2.771087596113514,0.02448357084572672
2012-06-28,16.4427,2.7998816097198187,0.028794013606304514
2012-06-29,16.8122,2.8221048133366833,0.022223203616864584
2012-07-02,17.6433,2.8703561079122633,0.04825129457557997
2012-07-03,17.6898,2.872988202285284,0.002632094373020699
2012-07-05,17.8172,2.880164282873157,0.007176080587873113
2012-07-06,17.3396,2.8529929030355747,-0.027171379837582332
2012-07-09,17.0696,2.837299103608537,-0.015693799427037636
2012-07-10,16.2984,2.7910669434855544,-0.0462321601229827
2012-07-11,16.467,2.8013583782358618,0.01029143475030736
2012-07-12,16.467,2.8013583782358618,0.0
2012-07-13,16.6849,2.8145041187781246,0.013145740542262807
2012-07-16,16.2418,2.7875881660299404,-0.026915952748184147
2012-07-17,16.1651,2.782854597363025,-0.004733568666915211
2012-07-18,16.9287,2.82901040642774,0.04615580906471495
2012-07-19,17.289,2.8500704611226393,0.021060054694899133
2012-07-20,16.9371,2.8295064821248896,-0.020563978997749643
2012-07-23,16.5709,2.8076481449906217,-0.02185833713426799
2012-07-24,16.2486,2.788006751218137,-0.01964139377248486
2012-07-25,15.652,2.750598704348166,-0.03740804686997068
2012-07-26,16.1009,2.7788751710491537,0.0282764667009876
2012-07-27,16.7084,2.8159115869756013,0.037036415926447575
2012-07-30,16.905,2.8276094361598494,0.0116978491842481
2012-07-31,16.7009,2.815462610186145,-0.012146825973704534
2012-08-01,16.5195,2.8045415012909714,-0.010921108895173504
2012-08-02,16.1651,2.782854597363025,-0.021686903927946144
2012-08-03,16.9936,2.8328368025851383,0.04998220522211305
2012-08-06,17.1472,2.8418348949765955,0.008998092391457213
2012-08-07,17.2957,2.8504579156955465,0.008623020718951047
2012-08-08,17.1759,2.843507238482214,-0.0069506772133323125
2012-08-09,17.0384,2.835469620278982,-0.008037618203232011
2012-08-10,16.9135,2.828112119612929,-0.00735750066605334
2012-08-13,17.1008,2.8391252460400254,0.011013126427096509
2012-08-14,17.6746,2.8721285806920434,0.03300333465201799
2012-08-15,17.8787,2.8836100601669674,0.011481479474924061
2012-08-16,18.3201,2.9079988177463703,0.024388757579402842
2012-08-17,18.5858,2.92239784828956,0.014399030543189806
2012-08-20,18.3201,2.9079988177463703,-0.014399030543189806
2012-08-21,18.2787,2.9057364475234015,-0.0022623702229687126
2012-08-22,18.2635,2.90490453259345,-0.0008319149299516049
2012-08-23,18.4981,2.917668024107293,0.01276349151384304
2012-08-24,18.6078,2.9235808476531995,0.005912823545906498
2012-08-27,18.8145,2.934627849150702,0.011047001497502595
2012-08-28,18.9403,2.941291927125625,0.006664077974922744
2012-08-29,19.2515,2.957588979775948,0.016297052650322996
2012-08-30,19.1554,2.9525846602107486,-0.0050043195651992
2012-08-31,19.2515,2.957588979775948,0.0050043195651992
2012-09-04,19.3057,2.9604003890950805,0.002811409319132707
2012-09-05,19.0997,2.9496726281229484,-0.010727760972132128
2012-09-06,20.3105,3.0111379937038394,0.061465365580890996
2012-09-07,20.1114,3.00128681846732,-0.00985117523651935
2012-09-10,19.6287,2.9769927809298236,-0.024294037537496482
2012-09-11,19.6287,2.9769927809298236,0.0
2012-09-12,20.0228,2.996871624247417,0.019878843317593375
2012-09-13,20.7611,3.0330810434064763,0.0362094191590594
2012-09-14,21.2833,3.0579227276384997,0.024841684232023376
2012-09-17,20.9577,3.042506120607327,-0.015416607031172536
2012-09-18,20.5983,3.0252085481183757,-0.017297572488951474
2012-09-19,20.7155,3.030882212336791,0.0056736642184151975
2012-09-20,20.8024,3.035068364666364,0.004186152329573201
2012-09-21,21.6293,3.074048876981745,0.0389805123153808
2012-09-24,21.3788,3.0623997768000053,-0.011649100181739591
2012-09-25,20.8168,3.0357603530070634,-0.02663942379294193
2012-09-26,20.4126,3.016152357243555,-0.019607995763508246
2012-09-27,20.7543,3.0327534541234242,0.016601096879869104
2012-09-28,20.3898,3.0150347758084886,-0.017718678314935676
2012-10-01,20.2186,3.0066029728173946,-0.008431802991093917
2012-10-02,20.4582,3.0183837801137283,0.011780807296333684
2012-10-03,20.9577,3.042506120607327,0.02412234049359885
2012-10-04,21.1222,3.0503246200797567,0.007818499472429519
2012-10-05,21.1788,3.053000681344383,0.0026760612646263837
2012-10-08,20.9822,3.043674459243657,-0.009326222100725978
2012-10-09,20.3105,3.0111379937038394,-0.032536465539817705
2012-10-10,20.3105,3.0111379937038394,0.0
2012-10-11,20.3763,3.01437246077254,0.003234467068700564
2012-10-12,20.4059,3.015824074721651,0.0014516139491109747
2012-10-15,20.5662,3.023648951548199,0.007824876826548088
2012-10-16,21.0505,3.046924312815414,0.02327536126721519
2012-10-17,21.6834,3.07654699084371,0.02962267802829599
2012-10-18,22.0993,3.095545933813924,0.01899894297021376
2012-10-19,22.1281,3.0968482940734345,0.001302360259510582
2012-10-22,21.2445,3.0560980383404237,-0.04075025573301083
2012-10-23,20.3603,3.013586926347833,-0.0425111119925905
2012-10-24,22.0471,3.0931810739690606,0.0795941476212274
2012-10-25,21.4724,3.0667683895278266,-0.026412684441234013
2012-10-26,20.9197,3.04069129874973,-0.0260770907780965
2012-10-31,21.4724,3.0667683895278266,0.0260770907780965
2012-11-01,22.6411,3.119766838727131,0.05299844919930452
2012-11-02,22.2107,3.1005741547442094,-0.019192683982921732
2012-11-05,22.3567,3.1071260524219984,0.006551897677788965
2012-11-06,22.1424,3.0974943224895286,-0.009631729932469746
2012-11-07,21.917,3.087262591399582,-0.01023173108994646
2012-11-08,21.1156,3.050012103800324,-0.037250487599258086
2012-11-09,21.1307,3.0507269593329047,0.0007148555325806605
2012-11-12,21.0859,3.048604570660348,-0.002122388672556763
2012-11-13,21.2986,3.058641342855689,0.010036772195340937
2012-11-14,20.6784,3.0290896772079874,-0.02955166564770151
2012-11-15,20.297,3.0104730918754896,-0.01861658533249777
2012-11-16,20.3105,3.0111379937038394,0.0006649018283497732
2012-11-19,21.1307,3.0507269593329047,0.03958896562906533
2012-11-20,21.933,3.0879923519792887,0.037265392646383955
2012-11-21,21.885,3.085801470642859,-0.002190881336429751
2012-11-23,22.2242,3.101181785251552,0.015380314608693268
2012-11-26,21.707,3.0776347891736253,-0.023546996077926874
2012-11-27,21.5028,3.068183159212233,-0.00945162996139226
2012-11-28,21.745,3.079383846049602,0.011200686837368856
2012-11-29,22.3904,3.1086322955694405,0.029248449519838626
2012-11-30,22.6411,3.119766838727131,0.01113454315769058
2012-12-03,22.4605,3.1117582108612605,-0.008008627865870643
2012-12-04,22.6477,3.1200583015191117,0.0083000906578512
2012-12-05,21.9997,3.0910288169017033,-0.029029484617408396
2012-12-06,21.933,3.0879923519792887,-0.0030364649224146056
2012-12-07,21.8622,3.0847591181236416,-0.0032332338556471107
2012-12-10,21.707,3.0776347891736253,-0.0071243289500162454
2012-12-11,21.7137,3.077943397742956,0.00030860856933090375
2012-12-12,22.3972,3.108935951047843,0.030992553304886705
2012-12-13,22.2968,3.1044431704114372,-0.00449278063640568
2012-12-14,22.1347,3.0971465128959634,-0.0072966575154738145
2012-12-17,22.4123,3.10960991529969,0.012463402403726676
2012-12-18,22.7541,3.1247453489395456,0.015135433639855478
2012-12-19,22.6562,3.120433545155961,-0.0043118037835845335
2012-12-20,22.8976,3.1310321015744744,0.010598556418513372
2012-12-21,22.5912,3.117560449918983,-0.013471651655491357
2012-12-24,22.4925,3.113181920309137,-0.0043785296098461934
2012-12-26,21.885,3.085801470642859,-0.02738044966627795
2012-12-27,21.9921,3.090683297960646,0.004881827317786858
2012-12-28,21.7812,3.081047212405795,-0.009636085554850737
2012-12-31,22.0614,3.0938294750936057,0.012782262687810686
2013-01-02,23.1987,3.1440962426195154,0.05026676752590964
2013-01-03,23.0958,3.1396507828150004,-0.00444545980451494
2013-01-04,23.3203,3.149324225893541,0.009673443078540789
2013-01-07,23.3203,3.149324225893541,0.0
2013-01-08,23.5701,3.1599789596204144,0.0106547337268732
2013-01-09,23.8206,3.170550752526795,0.010571792906380661
2013-01-10,23.5928,3.1609415807379833,-0.009609171788811821
2013-01-11,23.7971,3.1695637245137727,0.008622143775789404
2013-01-14,23.4063,3.1530052168967866,-0.016558507616986073
2013-01-15,23.4063,3.1530052168967866,0.0
2013-01-16,23.3051,3.1486722207401927,-0.004332996156593882
2013-01-17,23.5312,3.158327200163912,0.00965497942371929
2013-01-18,23.9244,3.1748988586546445,0.0165716584907325
2013-01-22,23.9928,3.1777537853389437,0.0028549266842992083
2013-01-23,24.1219,3.1831201415592236,0.005366356220279922
2013-01-24,24.2189,3.1871333200828276,0.004013178523603944
2013-01-25,24.4459,3.1964625126979276,0.009329192615100013
2013-01-28,24.3716,3.1934185199751823,-0.003043992722745248
2013-01-29,24.6964,3.2066574840236615,0.01323896404847913
2013-01-30,24.4164,3.1952550376677205,-0.01140244635594101
2013-01-31,24.7175,3.207511494789151,0.012256457121430753
2013-02-01,24.9867,3.2183436833059913,0.010832188516840091
2013-02-04,24.483,3.1979789991552154,-0.020364684150775858
2013-02-05,24.4325,3.195914213230854,-0.002064785924361434
2013-02-06,24.7622,3.209318296857894,0.013404083627039931
2013-02-07,25.1049,3.2230630462084706,0.01374474935057668
2013-02-08,25.3782,3.233890537785343,0.010827491576872461
2013-02-11,25.3284,3.231926295812435,-0.0019642419729080096
2013-02-12,26.1241,3.2628582599308027,0.030931964118367627
2013-02-13,26.141,3.2635049630114055,0.0006467030806027729
2013-02-14,25.8381,3.251850146799217,-0.011654816212188557
2013-02-15,25.6921,3.246183551650154,-0.005666595149063092
2013-02-19,25.5951,3.2424009269150025,-0.003782624735151341
2013-02-20,24.5825,3.2020348076721743,-0.04036611924282818
2013-02-21,25.2289,3.227990162812297,0.025955355140122816
2013-02-22,25.7664,3.2490713175832258,0.021081154770928645
2013-02-25,24.9867,3.2183436833059913,-0.03072763427723446
2013-02-26,25.5951,3.2424009269150025,0.02405724360901118
2013-02-27,26.0845,3.261341268186371,0.018940341271368677
2013-02-28,26.0845,3.261341268186371,0.0
2013-03-01,25.9469,3.25605214197496,-0.005289126211410977
2013-03-04,26.3654,3.2720525444963986,0.016000402521438417
2013-03-05,26.7781,3.287584389277058,0.015531844780659387
2013-03-06,27.2101,3.3035882279078432,0.01600383863078525
2013-03-07,27.0657,3.298267243576038,-0.0053209843318051675
2013-03-08,27.1941,3.3030000380084865,0.0047327944324484506
2013-03-11,27.0657,3.298267243576038,-0.0047327944324484506
2013-03-12,26.87,3.2910104226273997,-0.007256820948638332
2013-03-13,27.1502,3.3013844128353167,0.010373990207916961
2013-03-14,27.4303,3.3116482418200723,0.01026382898475564
2013-03-15,27.4454,3.312198576499397,0.0005503346793247488
2013-03-18,27.3764,3.3096813283814916,-0.002517248117905435
2013-03-19,27.4607,3.3127558916390996,0.0030745632576079096
2013-03-20,28.442,3.3478669259505045,0.03511103431140494
2013-03-21,27.3982,3.31047731780546,-0.03738960814504466
2013-03-22,27.6919,3.3211399516580236,0.010662633852563719
2013-03-25,28.0167,3.3328007609538024,0.01166080929577884
2013-03-26,27.7299,3.322511253418516,-0.010289507535286457
2013-03-27,27.7374,3.3227816830246333,0.00027042960611733946
2013-03-28,28.258,3.341376603343616,0.018594920318982577
2013-04-01,27.3527,3.3088152442879672,-0.03256135905564861
2013-04-02,26.9393,3.2935861869772274,-0.015229057310739869
2013-04-03,26.1081,3.2622456110092393,-0.031340575967988116
2013-04-04,25.86,3.2526973733437115,-0.009548237665527814
2013-04-05,25.9925,3.257808034869988,0.005110661526276594
2013-04-08,26.5359,3.27849853317217,0.020690498302181837
2013-04-09,26.4903,3.2767786282481635,-0.0017199049240064213
2013-04-10,26.8456,3.2901019341555884,0.01332330590742492
2013-04-11,27.3148,3.3074286798366175,0.0173267456810291
2013-04-12,27.707,3.3216850888493377,0.014256409012720184
2013-04-15,26.0085,3.2584234076707004,-0.06326168117863729
2013-04-16,26.7857,3.2878681630216766,0.029444755350976237
2013-04-17,26.2626,3.2681458738744835,-0.019722289147193095
2013-04-18,26.4717,3.276076237826174,0.007930363951690556
2013-04-19,27.5265,3.3151491770367016,0.03907293921052757
2013-04-22,27.4049,3.3107218295222562,-0.004427347514445401
2013-04-23,27.7146,3.3219593501499007,0.011237520627644493
2013-04-24,27.3602,3.309089402669153,-0.012869947480747879
2013-04-25,27.6775,3.3206198087514847,0.011530406082331801
2013-04-26,27.7534,3.323358355209695,0.002738546458210145
2013-04-29,27.5197,3.314902111842934,-0.008456243366760763
2013-04-30,27.4725,3.313185504338942,-0.0017166075039920514
2013-05-01,27.3764,3.3096813283814916,-0.0035041759574503395
2013-05-02,28.258,3.341376603343616,0.03169527496212421
2013-05-03,29.9852,3.4007039265998964,0.05932732325628054
2013-05-06,30.2984,3.4110949058405473,0.01039097924065091
2013-05-07,30.7033,3.4243701406729934,0.013275234832446081
2013-05-08,30.5481,3.419302490557509,-0.00506765011548449
2013-05-09,30.5994,3.4209804009229616,0.0016779103654527283
2013-05-10,30.7489,3.425854221254957,0.004873820331995571
2013-05-13,31.1952,3.440264236826057,0.014410015571099777
2013-05-14,32.131,3.4698212962039743,0.029557059377917305
2013-05-15,32.8592,3.4922317666036915,0.02241047039971722
2013-05-16,32.3081,3.475317972783877,-0.016913793819814504
2013-05-17,32.8752,3.4927185741296136,0.01740060134573662
2013-05-20,32.72,3.487986511734546,-0.004732062395067516
2013-05-21,32.7807,3.4898399275721217,0.0018534158375755894
2013-05-22,32.4187,3.478735416799052,-0.01110451077306962
2013-05-23,32.2323,3.472969055366208,-0.005766361432844036
2013-05-24,32.2837,3.4745624588901434,0.0015934035239353328
2013-05-28,32.6609,3.4861786438068547,0.011616184916711347
2013-05-29,31.9301,3.46354913857271,-0.02262950523414453
2013-05-30,32.2533,3.473620363588272,0.01007122501556168
2013-05-31,31.9952,3.4655858915486015,-0.008034472039670337
2013-06-03,31.5783,3.452470175839578,-0.01311571570902359
2013-06-04,30.5506,3.419384325359277,-0.033085850480301104
2013-06-05,29.452,3.3827618195064706,-0.03662250585280624
2013-06-06,29.4975,3.3843055139919374,0.0015436944854667622
2013-06-07,30.3135,3.4115931578442757,0.027287643852338395
2013-06-10,29.5364,3.3856234010239716,-0.025969756820304113
2013-06-11,29.2259,3.3750553024357126,-0.010568098588259023
2013-06-12,29.0588,3.3693213634147794,-0.005733939020933221
2013-06-13,29.8924,3.39760426748527,0.02828290407049039
2013-06-14,30.343,3.412565848399316,0.014961580914046202
2013-06-17,31.2281,3.4413183305073045,0.02875248210798853
2013-06-18,31.715,3.4567897550858606,0.015471424578556103
2013-06-19,31.3294,3.4445569538072105,-0.012232801278650118
2013-06-20,29.2613,3.376265823859984,-0.06829112994722664
2013-06-21,28.6201,3.3541092681822984,-0.022156555677685486
2013-06-24,27.9231,3.3294543032492534,-0.024654964933044976
2013-06-25,28.7727,3.3594270209181127,0.02997271766885934
2013-06-26,28.8107,3.360746845920323,0.0013198250022101732
2013-06-27,29.4891,3.384020703541537,0.023273857621214145
2013-06-28,29.3144,3.378078862869179,-0.005941840672357923
2013-07-01,29.7187,3.391776477304711,0.013697614435531857
2013-07-02,29.3474,3.379203956319467,-0.012572520985243862
2013-07-03,29.7034,3.391261517371013,0.012057561051545651
2013-07-05,29.9389,3.399158638169586,0.007897120798573187
2013-07-08,29.7187,3.391776477304711,-0.007382160864874976
2013-07-09,30.0645,3.4033450737196143,0.011568596414903265
2013-07-10,30.1312,3.4055611797636565,0.00221610604404221
2013-07-11,31.715,3.4567897550858606,0.05122857532220415
2013-07-12,32.0019,3.465795276037101,0.00900552095124052
2013-07-15,31.4628,3.4488058955768808,-0.01698938046022036
2013-07-16,31.1176,3.437773575513605,-0.011032320063275591
2013-07-17,31.0627,3.4360077424679103,-0.0017658330456948867
2013-07-18,31.0712,3.4362813451245287,0.0002736026566183547
2013-07-19,31.3598,3.44552681791085,0.009245472786321152
2013-07-22,32.0913,3.468584965363851,0.023058147453001165
2013-07-23,32.0761,3.468111204535633,-0.00047376082821815046
2013-07-24,31.5167,3.450517564077257,-0.01759364045837586
2013-07-25,31.337,3.4447995080320344,-0.005718056045222575
2013-07-26,31.5167,3.450517564077257,0.005718056045222575
2013-07-29,30.9944,3.4338065430055535,-0.016711021071703414
2013-07-30,31.1024,3.4372849866257114,0.0034784436201578117
2013-07-31,31.2585,3.442291339197117,0.005006352571405692
2013-08-01,31.6939,3.456124233344313,0.013832894147196129
2013-08-02,32.1613,3.4707638663793547,0.014639633035041566
2013-08-05,31.5943,3.452976724575648,-0.017787141803706774
2013-08-06,30.2713,3.4102000689234644,-0.04277665565218358
2013-08-07,29.3626,3.379721755683787,-0.030478313239677313
2013-08-08,29.2107,3.374535080508263,-0.005186675175524069
2013-08-09,28.9474,3.365480389968572,-0.009054690539691101
2013-08-12,28.6791,3.356168634485895,-0.009311755482676709
2013-08-13,28.2252,3.340215195927361,-0.01595343855853404
2013-08-14,28.0058,3.3324116315812273,-0.007803564346133829
2013-08-15,28.6427,3.3548986113919717,0.022486979810744323
2013-08-16,28.7407,3.3583142366521117,0.003415625260140054
2013-08-19,28.3534,3.344746952436062,-0.013567284216049913
2013-08-20,29.0731,3.369813348032122,0.025066395596060165
2013-08-21,29.3786,3.3802665181467835,0.010453170114661514
2013-08-22,29.3229,3.378368780722134,-0.0018977374246493817
2013-08-23,28.6723,3.3559314999074243,-0.022437280814709748
2013-08-26,28.9305,3.3648964019358236,0.00896490202839928
2013-08-27,28.0352,3.3334608634899077,-0.031435538445915956
2013-08-28,28.0496,3.333974371617473,0.000513508127565121
2013-08-29,28.4226,3.347184603354279,0.013210231736806133
2013-08-30,27.9502,3.3304243552105692,-0.01676024814370969
2013-09-03,27.9129,3.3290889475606846,-0.0013354076498846013
2013-09-04,27.8606,3.32721350437245,-0.0018754431882346267
2013-09-05,28.1407,3.33721692699874,0.01000342262629017
2013-09-06,28.7078,3.35716886284438,0.019951935845639923
2013-09-09,30.2038,3.407967744279738,0.050798881435357934
2013-09-10,31.0222,3.434703077219363,0.026735332939625156
2013-09-11,30.9101,3.4310829913377563,-0.0036200858816068937
2013-09-12,31.0222,3.434703077219363,0.0036200858816068937
2013-09-13,30.9792,3.4333160115436154,-0.0013870656757477562
2013-09-16,31.4137,3.447244103493022,0.013928091949406696
2013-09-17,31.5775,3.452444841665993,0.0052007381729710644
2013-09-18,32.7976,3.490355341981282,0.037910500315288864
2013-09-19,31.9799,3.4651075804465727,-0.025247761534709312
2013-09-20,31.2568,3.442236952510964,-0.022870627935608567
2013-09-23,30.9345,3.4318720659300745,-0.010364886580889632
2013-09-24,31.0298,3.434948033064074,0.003075967133999491
2013-09-25,31.0222,3.434703077219363,-0.00024495584471084797
2013-09-26,31.0298,3.434948033064074,0.00024495584471084797
2013-09-27,31.5615,3.4519380233653396,0.01698999030126558
2013-09-30,31.5859,3.452710818483249,0.0007727951179092862
2013-10-01,32.3563,3.476808746963384,0.024097928480135256
2013-10-02,32.428,3.4790222471254606,0.0022135001620764427
2013-10-03,32.217,3.472494263544189,-0.006527983581271712
2013-10-04,32.2676,3.4740636308159187,0.001569367271729849
2013-10-07,31.3201,3.4442600639655256,-0.029803566850393093
2013-10-08,30.0604,3.4032086909561885,-0.041051373009337144
2013-10-09,29.7769,3.3937329251282238,-0.009475765827964722
2013-10-10,30.3464,3.4126778943250806,0.018944969196856842
2013-10-11,30.9101,3.4310829913377563,0.018405097012675675
2013-10-14,30.3792,3.413758163707014,-0.0173248276307425
2013-10-15,29.2182,3.3747918027823838,-0.03896636092463002
2013-10-16,29.02,3.367985247456042,-0.00680655532634189
2013-10-17,29.1668,3.3730310761135813,0.005045828657539442
2013-10-18,29.6114,3.3881594223196503,0.015128346206068954
2013-10-21,29.4824,3.383793475133617,-0.0043659471860331145
2013-10-22,30.9015,3.4308047264148134,0.04701125128119621
2013-10-23,30.614,3.4214574206695154,-0.009347305745297962
2013-10-24,32.3968,3.4780596524885583,0.05660223181904289
2013-10-25,32.9368,3.49459057370383,0.016530921215271555
2013-10-28,32.6709,3.4864847734429003,-0.008105800260929552
2013-10-29,32.9865,3.4960983868568754,0.009613613413975042
2013-10-30,33.0018,3.4965621054334766,0.00046371857660121307
2013-10-31,32.687,3.4869774453410383,-0.009584660092438302
2013-11-01,32.2399,3.4732048158966444,-0.013772629444393836
2013-11-04,32.4887,3.4808923365690148,0.007687520672370329
2013-11-05,31.9377,3.4637871301752354,-0.017105206393779326
2013-11-06,31.7497,3.4578832764751626,-0.0059038537000728475
2013-11-07,31.1699,3.439452885561074,-0.0184303909140886
2013-11-08,30.9792,3.4333160115436154,-0.006136874017458549
2013-11-11,30.8063,3.427719214517505,-0.0055967970261106
2013-11-12,30.7903,3.4271997053121313,-0.0005195092053735806
2013-11-13,31.3918,3.4465467123127085,0.019347007000577232
2013-11-14,32.077,3.468139262415924,0.02159255010321548
2013-11-15,32.0475,3.4672191772041527,-0.0009200852117712266
2013-11-18,31.6568,3.4549529754342574,-0.012266201769895346
2013-11-19,31.7791,3.4588088410096365,0.0038558655753790916
2013-11-20,31.7715,3.4585696615200257,-0.00023917948961083013
2013-11-21,32.8144,3.490867443437331,0.03229778191730537
2013-11-22,32.3968,3.4780596524885583,-0.012807790948772713
2013-11-25,32.3892,3.4778250338970462,-0.0002346185915120813
2013-11-26,33.2709,3.5046831410621584,0.026858107165112166
2013-11-27,33.5131,3.5119364071690584,0.007253266106900025
2013-11-29,33.1579,3.501280998949284,-0.010655408219774287
2013-12-02,32.2593,3.4738063737635647,-0.027474625185719415
2013-12-03,32.0534,3.4674032619835136,-0.006403111780051152
2013-12-04,31.7479,3.4578265814189564,-0.009576680564557183
2013-12-05,31.7783,3.4587836669150374,0.0009570854960809783
2013-12-06,32.201,3.471997507968759,0.013213841053721698
2013-12-09,32.4347,3.4792288373544777,0.007231329385718688
2013-12-10,32.6566,3.4860469792450997,0.006818141890621909
2013-12-11,32.2238,3.4727053099627696,-0.013341669282330049
2013-12-12,32.2913,3.474797844102225,0.0020925341394555375
2013-12-13,32.3284,3.475946100874582,0.0011482567723568593
2013-12-16,32.4727,3.4803997363379993,0.00445363546341726
2013-12-17,32.0162,3.4662420246984276,-0.01415771163957169
2013-12-18,33.0904,3.499243210104641,0.03300118540621355
2013-12-19,32.9098,3.493770485756594,-0.00547272434804702
2013-12-20,33.5054,3.51170661987051,0.017936134113915703
2013-12-23,34.2143,3.532643685332104,0.02093706546159435
2013-12-24,34.4201,3.5386406960667967,0.005997010734692498
2013-12-26,34.3965,3.5379548150170153,-0.0006858810497814005
2013-12-27,34.1535,3.530865069784192,-0.00708974523282313
2013-12-30,34.6269,3.5446308366482087,0.013765766864016538
2013-12-31,34.7509,3.5482054709559963,0.003574634307787594
2014-01-02,34.5475,3.542335188695503,-0.005870282260493465
2014-01-03,34.6665,3.545773802769398,0.003438614073895341
2014-01-06,34.1831,3.5317313698884165,-0.014042432880981615
2014-01-07,34.4817,3.540428748524408,0.008697378635991626
2014-01-08,34.642,3.5450668187480883,0.004638070223680124
2014-01-09,34.8699,3.5516239928887816,0.006557174140693345
2014-01-10,35.5846,3.5719129599967547,0.02028896710797312
2014-01-13,35.242,3.5622385531465386,-0.009674406850216144
2014-01-14,36.2377,3.590100013377076,0.02786146023053737
2014-01-15,36.3752,3.593887223758328,0.0037872103812519597
2014-01-16,35.8494,3.5793268305039008,-0.01456039325442715
2014-01-17,35.4074,3.5669208378420296,-0.012405992661871146
2014-01-21,35.858,3.5795666941732356,0.012645856331205962
2014-01-22,36.3127,3.5921675423422292,0.01260084816899365
2014-01-23,36.1921,3.588840862971449,-0.003326679370780017
2014-01-24,34.7104,3.5470393538637612,-0.041801509107687984
2014-01-27,34.475,3.5402344236793657,-0.006804930184395541
2014-01-28,35.2817,3.5633644159187283,0.02312999223936263
2014-01-29,34.718,3.5472582844463574,-0.016106131472370944
2014-01-30,32.8634,3.4923595765200894,-0.05489870792626794
2014-01-31,34.2691,3.5342440735048974,0.041884496984808006
2014-02-03,32.2837,3.4745624588901434,-0.059681614614754075
2014-02-04,32.7993,3.490407173698951,0.01584471480880767
2014-02-05,32.9731,3.4956920775346734,0.005284903835722332
2014-02-06,33.7899,3.5201619412663594,0.024469863731686026
2014-02-07,34.2084,3.532471227945458,0.012309286679098808
2014-02-10,33.5054,3.51170661987051,-0.0207646080749484
2014-02-11,34.0844,3.5288398016086178,0.01713318173810796
2014-02-12,34.6185,3.5443882212530715,0.015548419644453748
2014-02-13,34.3459,3.5364826520102355,-0.00790556924283603
2014-02-14,34.8943,3.5523234920873654,0.015840840077129936
2014-02-18,34.8699,3.5516239928887816,-0.0006994991985838084
2014-02-19,34.6893,3.5464312820522075,-0.005192710836574133
2014-02-20,34.6269,3.5446308366482087,-0.0018004454039988183
2014-02-21,34.2084,3.532471227945458,-0.012159608702750457
2014-02-24,34.0185,3.5269044942848895,-0.005566733660568701
2014-02-25,34.0775,3.528637342462861,0.00173284817797148
2014-02-26,35.4791,3.5689437907160384,0.04030644825317742
2014-02-27,35.9002,3.5807428665093557,0.011799075793317293
2014-02-28,35.642,3.5735247177509075,-0.007218148758448173
2014-03-03,35.053,3.556861201829224,-0.01666351592168347
2014-03-04,35.7171,3.5756295657023762,0.018768363873152172
2014-03-05,35.7094,3.5754139594489596,-0.00021560625341665585
2014-03-06,35.8469,3.5792570918981146,0.003843132449155018
2014-03-07,35.5196,3.5700846567992994,-0.009172435098815157
2014-03-10,34.8243,3.550315418961339,-0.019769237837960585
2014-03-11,34.4421,3.5392796533103494,-0.011035765650989404
2014-03-12,34.0775,3.528637342462861,-0.010642310847488456
2014-03-13,32.5984,3.48426320741361,-0.04437413504925081
2014-03-14,33.0001,3.496510591764919,0.012247384351308899
2014-03-17,33.3468,3.506961815733955,0.010451223969035972
2014-03-18,33.7577,3.5192085394448562,0.012246723710901186
2014-03-19,33.6742,3.516731965518321,-0.0024765739265353304
2014-03-20,32.9131,3.4938707548119763,-0.022861210706344615
2014-03-21,32.2787,3.4744075699761625,-0.019463184835813774
2014-03-24,31.2628,3.44242889231923,-0.03197867765693241
2014-03-25,32.0711,3.4679553130856515,0.02552642076642142
2014-03-26,31.0897,3.4368765746191534,-0.031078738466498113
2014-03-27,30.6544,3.4227762083595907,-0.01410036625956268
2014-03-28,31.8669,3.4615678535381713,0.03879164517858058
2014-03-31,32.0854,3.468401098009605,0.0068332444714336305
2014-04-01,32.4304,3.479096254501563,0.01069515649195818
2014-04-02,32.3925,3.477926914520829,-0.0011693399807342075
2014-04-03,32.0854,3.468401098009605,-0.009525816511223972
2014-04-04,32.0939,3.468665980925115,0.0002648829155100785
2014-04-07,30.975,3.433180427515206,-0.035485553409909
2014-04-08,31.3184,3.4442057842493634,0.011025356734157388
2014-04-09,32.0264,3.4665605626742826,0.022354778424919175
2014-04-10,31.2163,3.4409403942907515,-0.025620168383531094
2014-04-11,30.8459,3.4290038403847367,-0.01193655390601478
2014-04-14,30.7218,3.4249725003129248,-0.00403134007181194
2014-04-15,30.6907,3.423959677104016,-0.0010128232089088307
2014-04-16,31.159,3.439103128061387,0.01514345095737113
2014-04-17,30.8382,3.428754181233027,-0.010348946828360184
2014-04-21,31.0897,3.4368765746191534,0.008122393386126525
2014-04-22,31.5691,3.4521787940862487,0.015302219467095313
2014-04-23,31.4813,3.449393718757535,-0.0027850753287137486
2014-04-24,32.0264,3.4665605626742826,0.01716684391674761
2014-04-25,30.7598,3.42620864266572,-0.04035192000856247
2014-04-28,30.0907,3.404216153914067,-0.02199248875165294
2014-04-29,30.586,3.4205423879259316,0.016326234011864393
2014-04-30,30.3861,3.413985267005431,-0.0065571209205006475
2014-05-01,30.1658,3.406708832343309,-0.007276434662121911
2014-05-02,31.1285,3.4381237982620636,0.03141496591875459
2014-05-05,30.7295,3.425223105264823,-0.012900692997240615
2014-05-06,29.9398,3.3991886989424507,-0.026034406322372305
2014-05-07,29.7101,3.391487055338929,-0.007701643603521546
2014-05-08,29.7321,3.3922272702369147,0.0007402148979855916
2014-05-09,30.1506,3.4062048234726947,0.013977553235779983
2014-05-12,30.8602,3.4294673277954137,0.023262504322719035
2014-05-13,30.4181,3.415037825971895,-0.014429501823518542
2014-05-14,29.5397,3.3857351213306077,-0.02930270464128748
2014-05-15,28.8614,3.3625050622176604,-0.023230059112947288
2014-05-16,29.2359,3.375397406171743,0.012892343954082452
2014-05-19,29.7101,3.391487055338929,0.01608964916718625
2014-05-20,29.5397,3.3857351213306077,-0.005751934008321413
2014-05-21,29.7464,3.39270811626617,0.006972994935562138
2014-05-22,30.4181,3.415037825971895,0.022329709705725342
2014-05-23,30.7928,3.4272808964181776,0.012243070446282367
2014-05-27,31.0265,3.4348416780283046,0.007560781610127076
2014-05-28,30.5227,3.4184706690826117,-0.01637100894569299
2014-05-29,30.6763,3.4234903694870784,0.005019700404466754
2014-05-30,30.5776,3.4202677147525797,-0.0032226547344986756
2014-06-02,30.5929,3.420767955892314,0.0005002411397341255
2014-06-03,30.57,3.420019135902743,-0.0007488199895706593
2014-06-04,30.3363,3.4123450152642194,-0.007674120638523796
2014-06-05,30.5472,3.4192730283893855,0.00692801312516611
2014-06-06,30.8375,3.428731481855475,0.009458453466089534
2014-06-09,31.1673,3.439369468275681,0.01063798642020597
2014-06-10,31.0821,3.436632090784429,-0.0027373774912518023
2014-06-11,30.9952,3.4338323537867184,-0.0027997369977108555
2014-06-12,30.7515,3.4259387735506026,-0.00789358023611575
2014-06-13,30.4391,3.415727966196339,-0.010210807354263718
2014-06-16,30.3152,3.411649236895961,-0.004078729300378114
2014-06-17,30.0105,3.4015473204264435,-0.010101916469517302
2014-06-18,30.2502,3.409502796025242,0.0079554755987985
2014-06-19,30.9952,3.4338323537867184,0.024329557761476384
2014-06-20,30.2174,3.4084179174053855,-0.025414436381332894
2014-06-23,30.0562,3.403068962494937,-0.005348954910448622
2014-06-24,30.1236,3.405308917701869,0.0022399552069320983
2014-06-25,30.3447,3.4126218729314846,0.007312955229615614
2014-06-26,29.8967,3.39774810641268,-0.014873766518804565
2014-06-27,30.2502,3.409502796025242,0.011754689612561986
2014-06-30,30.5387,3.4189947317593985,0.00949193573415652
2014-07-01,30.8965,3.4306429088799124,0.011648177120513914
2014-07-02,30.5929,3.420767955892314,-0.009874952987598551
2014-07-03,31.24,3.441699324971485,0.020931369079171258
2014-07-07,30.4924,3.417477472234921,-0.024221852736564298
2014-07-08,30.0105,3.4015473204264435,-0.015930151808477344
2014-07-09,29.9498,3.3995226467428346,-0.002024673683608924
2014-07-10,29.0773,3.3699578010369953,-0.029564845705839282
2014-07-11,28.6875,3.3564614878207637,-0.01349631321623157
2014-07-14,29.0234,3.3681024011721883,0.011640913351424587
2014-07-15,28.6344,3.3546087922475634,-0.013493608924624922
2014-07-16,28.7246,3.3577538984855573,0.003145106237993911
2014-07-17,28.7331,3.358049768318913,0.00029586983335594397
2014-07-18,29.0688,3.369665434048993,0.011615665730079883
2014-07-21,29.1938,3.3739563579621685,0.004290923913175426
2014-07-22,29.8967,3.39774810641268,0.023791748450511463
2014-07-23,29.8257,3.3953704379516427,-0.0023776684610372634
2014-07-24,29.5515,3.38613450398511,-0.009235933966532883
2014-07-25,29.2081,3.374446068067004,-0.011688435918105977
2014-07-28,28.1231,3.3365913026870495,-0.03785476537995436
2014-07-29,28.4529,3.3482500885936712,0.011658785906621727
2014-07-30,28.4817,3.3492617757735736,0.0010116871799024096
2014-07-31,28.901,3.3638761965958732,0.014614420822299579
2014-08-01,28.9247,3.3646959013751334,0.0008197047792601886
2014-08-04,29.4073,3.3812429428431896,0.01654704146805619
2014-08-05,30.0248,3.402023706828125,0.020780763984935557
2014-08-06,30.3287,3.4120944589289435,0.010070752100818314
2014-08-07,30.4696,3.4167294652448916,0.004635006315948154
2014-08-08,31.434,3.447890109654138,0.031160644409246263
2014-08-11,31.618,3.453726578673996,0.005836469019858015
2014-08-12,31.3336,3.444691004203977,-0.009035574470019014
2014-08-13,31.4188,3.4474064398638875,0.0027154356599106144
2014-08-14,31.9336,3.463658747004527,0.0162523071406393
2014-08-15,31.9251,3.4633925342551226,-0.00026621274940419326
2014-08-18,32.6651,3.4863072296687103,0.022914695413587705
2014-08-19,32.7477,3.4888327306074554,0.00252550093874504
2014-08-20,33.0693,3.4986053595486264,0.009772628941171035
2014-08-21,33.0473,3.497939868558105,-0.0006654909905212669
2014-08-22,33.0938,3.49934595365984,0.0014060851017347886
2014-08-25,33.1081,3.4997779654366137,0.00043201177677376634
2014-08-26,33.2826,3.505034737901409,0.0052567724647953895
2014-08-27,33.1317,3.5004905280046943,-0.004544209896714779
2014-08-28,33.0059,3.49668633336462,-0.003804194640074421
2014-08-29,33.1402,3.5007470469832236,0.004060713618603717
2014-09-02,33.4599,3.510347706911056,0.009600659927832211
2014-09-03,33.3232,3.5062538511026147,-0.004093855808441127
2014-09-04,33.6152,3.514978345628126,0.008724494525511162
2014-09-05,33.713,3.5178835196498963,0.0029051740217704847
2014-09-08,33.7603,3.5192855559441982,0.0014020362943019116
2014-09-09,33.4363,3.509642136161774,-0.009643419782424445
2014-09-10,33.4599,3.510347706911056,0.000705570749282014
2014-09-11,33.6219,3.5151776403633885,0.004829933452332735
2014-09-12,33.0769,3.4988351535514095,-0.01634248681197903
2014-09-15,32.8482,3.491896948908797,-0.006938204642612522
2014-09-16,32.8641,3.492380876584751,0.00048392767595384356
2014-09-17,33.3696,3.507645305876936,0.015264429292185078
2014-09-18,32.9031,3.4935668782564493,-0.014078427620486611
2014-09-19,32.687,3.4869774453410383,-0.006589432915411031
2014-09-22,32.0854,3.468401098009605,-0.01857634733143332
2014-09-23,32.0406,3.4670038486165784,-0.001397249393026545
2014-09-24,32.1014,3.4688996428920853,0.0018957942755069013
2014-09-25,31.4365,3.447969638208907,-0.020930004683178183
2014-09-26,31.9377,3.4637871301752354,0.015817491966328312
2014-09-29,31.4644,3.4488567479904746,-0.014930382184760838
2014-09-30,31.5269,3.4508411496621223,0.0019844016716477064
2014-10-01,30.8738,3.4299079277960622,-0.02093322186606006
2014-10-02,31.0982,3.4371499396966985,0.007242011900636225
2014-10-03,31.2417,3.441753740904484,0.004603801207785363
2014-10-06,31.1835,3.4398891087731416,-0.0018646321313422476
2014-10-07,30.5776,3.4202677147525797,-0.019621394020561844
2014-10-08,30.9058,3.4309438685552056,0.010676153802625876
2014-10-09,30.224,3.408636310759154,-0.022307557796051647
2014-10-10,29.5262,3.385278004779939,-0.023358305979214844
2014-10-13,28.9449,3.365394022696878,-0.01988398208306119
2014-10-14,28.9592,3.365887942826565,0.0004939201296871865
2014-10-15,29.3094,3.377908283684202,0.012020340857636924
2014-10-16,29.8646,3.3966738324900203,0.018765548805818266
2014-10-17,30.808,3.427774396512608,0.03110056402258765
2014-10-20,30.7759,3.4267319161595577,-0.0010424803530502125
2014-10-21,31.45,3.4483989831464497,0.021667066986891914
2014-10-22,31.2813,3.443020474915815,-0.005378508230634793
2014-10-23,31.8728,3.461752981488784,0.01873250657296932
2014-10-24,32.0939,3.468665980925115,0.006912999436330836
2014-10-27,32.2035,3.472075142295592,0.0034091613704769763
2014-10-28,32.6415,3.48558448492232,0.013509342626727872
2014-10-29,32.4701,3.48031966587595,-0.005264819046369773
2014-10-30,32.1242,3.4696096401815706,-0.01071002569437951
2014-10-31,33.1697,3.501636808600907,0.032027168419336505
2014-11-03,33.1848,3.502091939760381,0.0004551311594740426
2014-11-04,32.5461,3.482657545807905,-0.019434393952475926
2014-11-05,32.1647,3.470869577911338,-0.01178796789656733
2014-11-06,32.6929,3.4871579289458166,0.016288351034478676
2014-11-07,32.8237,3.4911508154442066,0.003992886498390025
2014-11-10,32.6929,3.4871579289458166,-0.003992886498390025
2014-11-11,32.9106,3.4937947943296215,0.006636865383804924
2014-11-12,32.8321,3.491406695352633,-0.002388098976988662
2014-11-13,32.617,3.484833624845822,-0.006573070506810996
2014-11-14,32.7993,3.490407173698951,0.005573548853129218
2014-11-17,32.2795,3.4744323538146227,-0.015974819884328362
2014-11-18,32.9469,3.494897174580196,0.02046482076557332
2014-11-19,32.8558,3.492128289467481,-0.0027688851127147807
2014-11-20,33.6219,3.5151776403633885,0.023049350895907317
2014-11-21,34.2184,3.532763511088063,0.017585870724674546
2014-11-24,35.1002,3.5582068284612847,0.025443317373221586
2014-11-25,34.7045,3.5468693615418188,-0.01133746691946591
2014-11-26,34.626,3.544604844956884,-0.0022645165849346505
2014-11-28,34.5383,3.5420688532096465,-0.0025359917472376203
2014-12-01,34.14,3.5304697173662944,-0.011599135843352038
2014-12-02,34.675,3.5460189662008954,0.01554924883460096
2014-12-03,35.0698,3.557340361255871,0.011321395054975536
2014-12-04,35.0935,3.5580159281377415,0.0006755668818705374
2014-12-05,35.0546,3.556906845953407,-0.0011090821843344756
2014-12-08,34.6581,3.54553146455061,-0.011375381402797036
2014-12-09,35.2563,3.562644236693408,0.01711277214279816
2014-12-10,34.0615,3.5281677141943493,-0.03447652249905886
2014-12-11,34.2868,3.5347604404519664,0.0065927262576170875
2014-12-12,33.8337,3.521457347193431,-0.013303093258535181
2014-12-15,33.502,3.511605138541495,-0.009852208651936145
2014-12-16,33.7232,3.5181860278006454,0.0065808892591503465
2014-12-17,34.6176,3.5443622232549163,0.026176195454270967
2014-12-18,35.0166,3.55582223476578,0.011460011510863843
2014-12-19,34.6665,3.545773802769398,-0.010048431996382057
2014-12-22,34.6665,3.545773802769398,0.0
2014-12-23,34.3864,3.537661137371188,-0.008112665398209984
2014-12-24,34.3265,3.5359176506263874,-0.0017434867448007374
2014-12-26,34.432,3.538986364539319,0.003068713912931731
2014-12-29,34.783,3.549128761675497,0.010142397136177816
2014-12-30,34.642,3.5450668187480883,-0.0040619429274086905
2014-12-31,34.8074,3.549830007853127,0.004763189105038812
2015-01-02,34.4387,3.5391809320410617,-0.010649075812065423
2015-01-05,33.9797,3.5257632874820346,-0.013417644559027053
2015-01-06,33.2102,3.5028570576529665,-0.022906229829068092
2015-01-07,33.6852,3.5170585717558405,0.014201514102873958
2015-01-08,34.7754,3.5489102402595285,0.031851668503688035
2015-01-09,35.1998,3.5610404007697283,0.012130160510199772
2015-01-12,35.248,3.5624087900599872,0.0013683892902589534
2015-01-13,35.0166,3.55582223476578,-0.0065865552942070416
2015-01-14,35.1087,3.5584489630066636,0.0026267282408833914
2015-01-15,33.5966,3.5144248713728663,-0.04402409163379728
2015-01-16,34.5307,3.5418487834234713,0.027423912050605015
2015-01-20,34.0117,3.526704583068322,-0.015144200355149184
2015-01-21,34.0944,3.5291331479295183,0.0024285648611961363
2015-01-22,34.4783,3.5403301406356973,0.011196992706179021
2015-01-23,34.4859,3.54055054484631,0.0002204042106126458
2015-01-26,34.9484,3.5538726879466327,0.013322143100322759
2015-01-27,34.864,3.551454778202264,-0.002417909744368618
2015-01-28,34.7517,3.548228491677524,-0.0032262865247401074
2015-01-29,34.8968,3.552395134460134,0.0041666427826099195
2015-01-30,34.4387,3.5391809320410617,-0.01321420241907223
2015-02-02,35.2799,3.563313396667453,0.024132464626391403
2015-02-03,36.2477,3.5903759310118946,0.027062534344441502
2015-02-04,36.3153,3.5922391400731626,0.001863209061268023
2015-02-05,33.7805,3.5198837129278964,-0.07235542714526622
2015-02-06,33.2938,3.5053711934654124,-0.014512519462483997
2015-02-09,33.0946,3.499370127079957,-0.006001066385455278
2015-02-10,34.0615,3.5281677141943493,0.028797587114392176
2015-02-11,34.1932,3.532026793889816,0.0038590796954669493
2015-02-12,35.0327,3.556281911030454,0.024255117140637772
2015-02-13,35.8158,3.5783891368265803,0.02210722579612634
2015-02-17,36.1322,3.5871844345318813,0.008795297705300964
2015-02-18,36.2166,3.58951757725951,0.0023331427276285233
2015-02-19,36.7396,3.603855192411436,0.014337615151926109
2015-02-20,36.911,3.608509609603646,0.0046544171922100475
2015-02-23,36.8055,3.6056472905291113,-0.002862319074534714
2015-02-24,36.8696,3.607387363258535,0.0017400727294236695
2015-02-25,36.6941,3.6026159791939985,-0.004771384064536477
2015-02-26,36.1675,3.588160925521608,-0.014455053672390417
2015-02-27,35.7213,3.575747149522978,-0.01241377599863025
2015-03-02,36.4452,3.5958097625403425,0.020062613017364672
2015-03-03,35.8824,3.5802469245856905,-0.015562837954651965
2015-03-04,35.7576,3.5767628339591018,-0.0034840906265887206
2015-03-05,35.7053,3.5752991371503433,-0.0014636968087584634
2015-03-06,34.6767,3.5460679916754065,-0.02923114547493677
2015-03-09,34.9584,3.554158783149623,0.008090791474216541
2015-03-10,34.7121,3.5470883293400215,-0.0070704538096015845
2015-03-11,34.9955,3.5552194817948277,0.008131152454806223
2015-03-12,35.0192,3.5558964825076838,0.0006770007128560351
2015-03-13,34.6185,3.5443882212530715,-0.01150826125461224
2015-03-16,34.7695,3.5487405657035467,0.004352344450475165
2015-03-17,34.102,3.5293560335959597,-0.01938453210758695
2015-03-18,34.6833,3.5462583030946666,0.01690226949870688
2015-03-19,34.7619,3.548521959432703,0.0022636563380364905
2015-03-20,35.598,3.5722894565045613,0.023767497071858212
2015-03-23,35.3829,3.5662286525856257,-0.006060803918935598
2015-03-24,35.598,3.5722894565045613,0.006060803918935598
2015-03-25,34.6682,3.545822840264342,-0.0264666162402194
2015-03-26,34.2016,3.5322724265999708,-0.013550413664371153
2015-03-27,34.1552,3.530914843824698,-0.0013575827752729808
2015-03-30,36.2537,3.590541445057519,0.05962660123282104
2015-03-31,36.6165,3.6004989584907943,0.009957513433275444
2015-04-01,36.0132,3.583885537916982,-0.01661342057381221
2015-04-02,36.155,3.5878152516269153,0.003929713709933225
2015-04-06,36.0816,3.585783040109177,-0.002032211517738247
2015-04-07,35.6917,3.574918168757708,-0.010864871351468963
2015-04-08,35.7659,3.5769949255104736,0.0020767567527655295
2015-04-09,35.4639,3.568515277677893,-0.008479647832580817
2015-04-10,35.5829,3.5718651853805237,0.0033499077026308832
2015-04-13,35.4116,3.5670394500789975,-0.004825735301526191
2015-04-14,35.5601,3.571224222790231,0.004184772711233631
2015-04-15,35.3904,3.5664405969213586,-0.0047836258688724875
2015-04-16,34.8007,3.5496375015206545,-0.016803095400704127
2015-04-17,34.5948,3.5437033817518113,-0.005934119768843171
2015-04-20,35.2429,3.5622640905311433,0.018560708779332025
2015-04-21,35.668,3.574253928272633,0.011989837741489762
2015-04-22,35.9618,3.582457263968031,0.008203335695398106
2015-04-23,35.7895,3.5776545542975593,-0.004802709670471916
2015-04-24,36.0597,3.58517589827301,0.0075213439754509
2015-04-27,35.1804,3.560489109341419,-0.024686788931591153
2015-04-28,35.2893,3.563579801842957,0.0030906925015381503
2015-04-29,35.3601,3.5655840658197424,0.0020042639767852144
2015-04-30,34.394,3.5378821305620076,-0.02770193525773479
2015-05-01,34.2868,3.5347604404519664,-0.003121690110041264
2015-05-04,34.5087,3.5412114661598606,0.006451025707894242
2015-05-05,34.4176,3.5385680614493964,-0.0026434047104642033
2015-05-06,33.9856,3.525936905490483,-0.012631155958913176
2015-05-07,34.318,3.535669997863429,0.00973309237294595
2015-05-08,34.3872,3.5376844021123106,0.0020144042488814407
2015-05-11,34.3265,3.5359176506263874,-0.0017667514859232014
2015-05-12,33.994,3.5261840384551597,-0.009733612171227701
2015-05-13,34.6514,3.545338128860095,0.01915409040493543
2015-05-14,34.8817,3.5519623363852055,0.006624207525110393
2015-05-15,34.8732,3.5517186259063123,-0.00024371047889326647
2015-05-18,34.9508,3.553941358260483,0.002222732354170809
2015-05-19,35.5441,3.5707741790440095,0.016832820783526437
2015-05-20,35.426,3.567446013830405,-0.0033281652136043505
2015-05-21,35.5601,3.571224222790231,0.003778208959825946
2015-05-22,35.598,3.5722894565045613,0.0010652337143302049
2015-05-26,35.7895,3.5776545542975593,0.005365097792997986
2015-05-27,35.9296,3.581561468305317,0.003906914007757667
2015-05-28,36.014,3.5839077517473137,0.0023462834419967216
2015-05-29,35.4715,3.568729557149893,-0.015178194597420536
2015-06-01,35.6984,3.5751058698540694,0.006376312704176268
2015-06-02,36.1473,3.5876022570187462,0.012496387164676825
2015-06-03,35.8757,3.580060186084547,-0.007542070934199341
2015-06-04,35.4251,3.5674206084379683,-0.012639577646578637
2015-06-05,35.7339,3.576099818051807,0.008679209613838612
2015-06-08,35.5036,3.569634099790585,-0.006465718261221998
2015-06-09,35.2876,3.563531627440275,-0.006102472350309807
2015-06-10,35.6596,3.5740183953221667,0.010486767881891623
2015-06-11,35.7659,3.5769949255104736,0.002976530188306903
2015-06-12,35.7744,3.577232553813402,0.00023762830292861636
2015-06-15,35.3339,3.5648428430512036,-0.012389710762198636
2015-06-16,35.4107,3.5670140343554175,0.0021711913042139486
2015-06-17,35.3339,3.5648428430512036,-0.0021711913042139486
2015-06-18,35.6057,3.5725057374009195,0.0076628943497158986
2015-06-19,35.6208,3.572929736901842,0.0004239995009225339
2015-06-22,36.1633,3.5880447924218855,0.015115055520043441
2015-06-23,36.0081,3.5837439131474063,-0.004300879274479197
2015-06-24,35.3424,3.565083376300425,-0.018660536846981213
2015-06-25,35.5432,3.5707488580654365,0.005665481765011471
2015-06-26,36.0748,3.5855945606390227,0.014845702573586195
2015-06-29,35.0166,3.55582223476578,-0.029772325873242522
2015-06-30,35.442,3.5678975575531533,0.01207532278737311
2015-07-01,35.5601,3.571224222790231,0.0033266652370778083
2015-07-02,35.5972,3.5722669830793854,0.0010427602891542875
2015-07-06,34.9407,3.5536523388498162,-0.018614644229569155
2015-07-07,35.1872,3.56068238010868,0.007030041258863751
2015-07-08,34.6733,3.5459699383227687,-0.014712441785911246
2015-07-09,34.5991,3.5438276701646783,-0.002142268158090488
2015-07-10,34.8395,3.5507518005609993,0.006924130396321004
2015-07-13,35.4868,3.5691607963491725,0.018408995788173232
2015-07-14,35.7128,3.5755091679416293,0.006348371592456825
2015-07-15,35.0015,3.55539091771393,-0.02011825022769953
2015-07-16,34.6809,3.546189103132699,-0.009201814581230927
2015-07-17,34.2598,3.533972655167317,-0.012216447965381683
2015-07-20,34.4682,3.540037159844149,0.006064504676831728
2015-07-21,34.1266,3.5300771388528753,-0.009960020991273577
2015-07-22,34.173,3.5314358585858847,0.0013587197330093836
2015-07-23,36.4114,3.594881912423129,0.06344605383724433
2015-07-24,36.0377,3.584565612723661,-0.010316299699467901
2015-07-27,35.3111,3.5641973621030365,-0.02036825062062464
2015-07-28,36.0824,3.585805211829149,0.021607849726112516
2015-07-29,36.873,3.6074795759009533,0.02167436407180423
2015-07-30,37.1202,3.6141612958345193,0.006681719933566033
2015-07-31,36.9363,3.609194807328948,-0.004966488505571132
2015-08-03,36.7051,3.602915709983499,-0.0062790973454491805
2015-08-04,36.9295,3.609010689644737,0.006094979661237954
2015-08-05,36.7937,3.605326634867063,-0.003684054777673751
2015-08-06,36.6409,3.6011651028230336,-0.004161532044029581
2015-08-07,37.2915,3.6187654186431795,0.017600315820145873
2015-08-10,37.8873,3.6346159635841095,0.015850544940930078
2015-08-11,38.4382,3.649051756783025,0.014435793198915636
2015-08-12,38.5665,3.652384024001008,0.003332267217982743
2015-08-13,38.9698,3.6627869871845102,0.010402963183502312
2015-08-14,39.374,3.6731056999978957,0.010318712813385478
2015-08-17,39.7739,3.6832109182788892,0.010105218280993533
2015-08-18,40.2616,3.695398161101052,0.01218724282216277
2015-08-19,40.611,3.7040389658717587,0.008640804770706723
2015-08-20,39.1765,3.668077077234642,-0.03596188863711669
2015-08-21,38.4297,3.6488305981450333,-0.019246479089608748
2015-08-24,36.403,3.59465118882897,-0.05417940931606324
2015-08-25,35.8283,3.5787380839171803,-0.015913104911789766
2015-08-26,36.738,3.6038116417238726,0.025073557806692293
2015-08-27,37.5658,3.626094062013898,0.022282420290025584
2015-08-28,37.5041,3.624450260333245,-0.0016438016806530342
2015-08-31,37.1244,3.614274435376102,-0.010175824957143309
2015-09-01,36.0081,3.5837439131474063,-0.030530522228695567
2015-09-02,37.5362,3.6253058006751138,0.04156188752770751
2015-09-03,37.9708,3.6368174432869664,0.011511642611852668
2015-09-04,37.8535,3.633723445885756,-0.003093997401210302
2015-09-08,39.3773,3.6731895081382544,0.03946606225249827
2015-09-09,39.3225,3.6717968741326605,-0.0013926340055938624
2015-09-10,39.4827,3.6758626012846065,0.004065727151945975
2015-09-11,40.1747,3.6932374442652662,0.01737484298065972
2015-09-14,40.3123,3.696656633303374,0.003419189038107895
2015-09-15,40.3662,3.6979928011304697,0.001336167827095558
2015-09-16,40.2607,3.6953758070450937,-0.0026169940853759677
2015-09-17,40.3425,3.6974055038333704,0.0020296967882766914
2015-09-18,39.8473,3.685054648863021,-0.012350854970349268
2015-09-21,39.6161,3.6792356012915786,-0.0058190475714425816
2015-09-22,39.0803,3.665618503706018,-0.013617097585560511
2015-09-23,38.8593,3.659947430405682,-0.005671073300336005
2015-09-24,38.2864,3.6450947417429145,-0.014852688662767566
2015-09-25,38.2576,3.6443422333462,-0.0007525083967143686
2015-09-28,37.3034,3.619084475310618,-0.025257758035582167
2015-09-29,36.2731,3.5910764197279215,-0.02800805558269648
2015-09-30,36.8292,3.606291008798307,0.015214589070385642
2015-10-01,37.2553,3.6177942165836567,0.011503207785349634
2015-10-02,37.4198,3.622199976096225,0.004405759512568164
2015-10-05,37.9403,3.6360138716975356,0.013813895601310744
2015-10-06,37.7353,3.6305959958841085,-0.00541787581342712
2015-10-07,38.4964,3.6505647304282274,0.01996873454411885
2015-10-08,39.0196,3.664064083989167,0.013499353560939564
2015-10-09,39.2736,3.670552537421052,0.006488453431884977
2015-10-12,39.4422,3.6748363091117993,0.00428377169074734
2015-10-13,37.894,3.6347927882101705,-0.04004352090162877
2015-10-14,36.9624,3.6099011797302283,-0.024891608479942207
2015-10-15,37.7597,3.6312423963304847,0.021341216600256452
2015-10-16,37.894,3.6347927882101705,0.0035503918796857548
2015-10-19,37.6998,3.6296547894001057,-0.0051379988100648255
2015-10-20,38.126,3.6408964640917847,0.011241674691679027
2015-10-21,38.2264,3.6435263763896963,0.002629912297911652
2015-10-22,40.3662,3.6979928011304697,0.054466424740773345
2015-10-23,40.1747,3.6932374442652662,-0.004755356865203453
2015-10-26,40.3747,3.698203351174658,0.004965906909391915
2015-10-27,39.7545,3.68272304224002,-0.015480308934638032
2015-10-28,40.2296,3.6946030430835317,0.011880000843511596
2015-10-29,40.3577,3.6977822067456243,0.003179163662092588
2015-10-30,40.6016,3.703807474698173,0.006025267952548763
2015-11-02,41.3525,3.722132879134239,0.018325404436065895
2015-11-03,40.7409,3.7072325018654015,-0.014900377268837417
2015-11-04,40.5536,3.702624555905608,-0.004607945959793636
2015-11-05,41.0109,3.7138378850300224,0.011213329124414528
2015-11-06,40.3207,3.696864984723522,-0.01697290030650045
2015-11-09,40.3425,3.6974055038333704,0.0005405191098484252
2015-11-10,40.5856,3.7034133238909734,0.0060078200576030305
2015-11-11,40.9729,3.712910872553868,0.009497548662894761
2015-11-12,40.5071,3.7014772673897047,-0.011433605164163474
2015-11-13,39.9655,3.6880165819468,-0.013460685442904907
2015-11-16,40.5308,3.7020621789107504,0.01404559696395058
2015-11-17,40.8429,3.7097329995903454,0.007670820679595014
2015-11-18,41.999,3.7376458084761075,0.027912808885762086
2015-11-19,42.3128,3.7450896407507566,0.007443832274649065
2015-11-20,42.3693,3.746424043378556,0.0013344026277994914
2015-11-23,42.9136,3.7591887920119325,0.0127647486333764
2015-11-24,43.0047,3.7613094120460797,0.002120620034147258
2015-11-25,43.2477,3.7669440527730735,0.005634640726993823
2015-11-27,43.2554,3.76712208107542,0.00017802830234625588
2015-11-30,42.7566,3.7555235694313946,-0.011598511644025145
2015-12-01,43.4502,3.771615454692752,0.016091885261357408
2015-12-02,43.8679,3.7811828453293934,0.00956739063664136
2015-12-03,42.7971,3.7564703432827953,-0.02471250204659814
2015-12-04,43.5034,3.7728390959597733,0.016368752676978016
2015-12-07,43.2839,3.7677807413842124,-0.005058354575560919
2015-12-08,43.3161,3.768524390379222,0.0007436489950096714
2015-12-09,42.1584,3.7414339528488254,-0.02709043753039664
2015-12-10,42.8899,3.758636366980256,0.017202414131430643
2015-12-11,43.0123,3.761486121301687,0.002849754321430975
2015-12-14,43.2773,3.767628248119036,0.006142126817349158
2015-12-15,43.1464,3.764598984153257,-0.003029263965779183
2015-12-16,43.6122,3.7753369277274107,0.010737943574153697
2015-12-17,43.0123,3.761486121301687,-0.013850806425723672
2015-12-18,41.8167,3.7332957812743346,-0.028190340027352434
2015-12-21,42.479,3.7490098361669597,0.015714054892625118
2015-12-22,42.9972,3.7611349972943358,0.01212516112737605
2015-12-23,43.7986,3.779601853401238,0.018466856106902352
2015-12-24,43.7852,3.7792958607381077,-0.0003059926631303611
2015-12-28,43.9244,3.7824699743327415,0.0031741135946337096
2015-12-29,43.8374,3.780487334311713,-0.0019826400210285477
2015-12-30,43.754,3.7785830371957148,-0.0019042971159981548
2015-12-31,43.1684,3.765108746105469,-0.013474291090245671
2016-01-04,42.6866,3.7538850536534056,-0.01122369245206345
2016-01-05,42.1668,3.741633181549802,-0.012251872103603567
2016-01-06,40.7433,3.7072914089909714,-0.03434177255883064
2016-01-07,38.6433,3.654373409424335,-0.05291799956663645
2016-01-08,39.2339,3.6695411689942397,0.015167759569904682
2016-01-11,38.7689,3.657618378827405,-0.01192279016683484
2016-01-12,38.806,3.658574873849081,0.0009564950216760515
2016-01-13,36.6917,3.602550571444792,-0.05602430240428902
2016-01-14,37.4974,3.6242715972393653,0.021721025794573467
2016-01-15,36.7076,3.6029838180901606,-0.021287779149204766
2016-01-19,36.9549,3.6096982502394126,0.0067144321492520476
2016-01-20,37.0789,3.6130480746697042,0.003349824430291637
2016-01-21,37.0865,3.6132530219908703,0.00020494732116604908
2016-01-22,37.7547,3.631109971256398,0.01785694926552761
2016-01-25,36.9792,3.6103555924096695,-0.020754378846728372
2016-01-26,37.2029,3.61638671522986,0.006031122820190582
2016-01-27,36.652,3.601467997102967,-0.014918718126893271
2016-01-28,36.387,3.5942115679948534,-0.007256429108113416
2016-01-29,37.7935,3.6321371301671688,0.03792556217231535
2016-02-01,37.4358,3.6226274658296225,-0.009509664337546297
2016-02-02,36.208,3.5892800888911816,-0.03334737693844092
2016-02-03,36.0748,3.5855945606390227,-0.003685528252158843
2016-02-04,36.2781,3.5912142534235163,0.005619692784493591
2016-02-05,35.3761,3.56603645088631,-0.02517780253720625
2016-02-08,35.2285,3.5618554140978547,-0.004181036788455383
2016-02-09,35.4756,3.5688451362223166,0.006989722124461917
2016-02-10,35.7803,3.5773974626178093,0.008552326395492749
2016-02-11,35.2116,3.56137557377042,-0.01602188884738931
2016-02-12,36.4486,3.5959030489378816,0.034527475167461574
2016-02-16,37.1405,3.6147080184079843,0.018804969470102684
2016-02-17,38.5244,3.6512918067824978,0.03658378837451348
2016-02-18,38.5867,3.6529076575109998,0.0016158507285020107
2016-02-19,38.564,3.6523191988021337,-0.0005884587088660354
2016-02-22,41.4503,3.724495119190818,0.07217592038868448
2016-02-23,39.7705,3.68312543143124,-0.041369687759578166
2016-02-24,39.8473,3.685054648863021,0.001929217431781094
2016-02-25,39.7385,3.6823204910665566,-0.002734157796464576
2016-02-26,39.9267,3.6870452730317753,0.0047247819652187495
2016-02-29,41.4173,3.7236986679422137,0.0366533949104384
2016-03-01,40.0886,3.691092004617859,-0.03260666332435491
2016-03-02,40.1131,3.6917029642549264,0.0006109596370675874
2016-03-03,42.3905,3.746924280529708,0.05522131627478144
2016-03-04,42.976,3.760641820340827,0.013717539811119117
2016-03-07,42.341,3.745755883755633,-0.014885936585193882
2016-03-08,41.8956,3.7351808094807786,-0.01057507427485449
2016-03-09,39.7233,3.6819379172968865,-0.05324289218389211
2016-03-10,41.9534,3.7365594784966327,0.05462156119974626
2016-03-11,42.3657,3.7463390725872143,0.0097795940905816
2016-03-14,40.4347,3.6996883272053123,-0.04665074538190206
2016-03-15,41.2692,3.720116459035779,0.020428131830466878
2016-03-16,42.2226,3.7429556227126057,0.02283916367682659
2016-03-17,44.6667,3.7992282575511798,0.05627263483857403
2016-03-18,42.9153,3.7592284057084897,-0.03999985184269006
2016-03-21,42.6082,3.7520467230147467,-0.0071816826937429745
2016-03-22,42.5929,3.7516875727182257,-0.0003591502965210047
2016-03-23,45.0708,3.8082345867114324,0.05654701399320672
2016-03-24,44.9966,3.8065869313602994,-0.0016476553511330927
2016-03-28,45.3595,3.814619636431054,0.008032705070754709
2016-03-29,43.6704,3.7766705270616576,-0.03794910936939644
2016-03-30,46.0192,3.8290587007099233,0.052388173648265646
2016-03-31,46.2172,3.833352023175633,0.004293322465709792
2016-04-01,46.5718,3.8409952077397134,0.0076431845640803076
2016-04-04,43.43,3.7711504465467307,-0.06984476119298266
2016-04-05,45.7141,3.822406784230207,0.05125633768347626
2016-04-06,46.712,3.8440010909812368,0.0215943067510298
2016-04-07,43.8342,3.7804143346173666,-0.06358675636387012
2016-04-08,44.3724,3.792617654529732,0.012203319912365451
2016-04-11,47.0171,3.850511365327285,0.05789371079755279
2016-04-12,44.8805,3.8040034019723468,-0.04650796335493812
2016-04-13,45.9123,3.826733055024128,0.022729653051781096
2016-04-14,48.0975,3.8732302007089907,0.04649714568486285
2016-04-15,48.3119,3.877677907124339,0.004447706415348307
2016-04-18,48.815,3.888037642677635,0.010359735553295835
2016-04-19,45.5453,3.8187074350671644,-0.06933020761047048
2016-04-20,48.7078,3.885839181534664,0.06713174646749964
2016-04-21,47.7924,3.866866631040336,-0.01897255049432811
2016-04-22,47.0996,3.8522645084173077,-0.01460212262302818
2016-04-25,47.314,3.8568062347902154,0.004541726372907728
2016-04-26,47.3223,3.8569816431699024,0.00017540837968699208
2016-04-27,46.9512,3.849108764433075,-0.007872878736827627
2016-04-28,46.3739,3.8367368009697334,-0.012371963463341462
2016-04-29,43.2351,3.766652665350623,-0.0700841356191102
2016-05-02,46.5058,3.839577035997819,0.07292437064719604
2016-05-03,45.6811,3.821684645618243,-0.017892390379576018
2016-05-04,45.4337,3.8162541204346803,-0.0054305251835629065
2016-05-05,43.3818,3.770039998313819,-0.0462141221208614
2016-05-06,43.8038,3.779720571610011,0.009680573296192208
2016-05-09,46.7945,3.8457656746499027,0.06604510303989164
2016-05-10,47.1573,3.85348882212182,0.007723147471917269
2016-05-11,43.5558,3.7740428746833925,-0.07944594743842748
2016-05-12,43.6788,3.7768628585318003,0.002819983848407759
2016-05-13,45.6976,3.8220457801097454,0.04518292157794512
2016-05-16,46.5388,3.8402863732701316,0.018240593160386176
2016-05-17,43.5768,3.77452489864243,-0.06576147462770177
2016-05-18,46.6543,3.84276509882249,0.06824020018006038
2016-05-19,44.2274,3.7893445065213904,-0.053420592301099745
2016-05-20,45.0053,3.8067802606128396,0.01743575409144915
2016-05-23,44.7167,3.800347033637461,-0.006433226975378403
2016-05-24,48.4934,3.8814277062091507,0.0810806725716895
2016-05-25,45.9419,3.8273775546991478,-0.05405015151000292
2016-05-26,45.7386,3.8229425803430854,-0.004434974356062327
2016-05-27,46.1073,3.83097128887632,0.008028708533234674
2016-05-31,48.3862,3.8792146491000774,0.0482433602237573
2016-06-01,48.4356,3.880235080537762,0.0010204314376847101
2016-06-02,48.3862,3.8792146491000774,-0.0010204314376847101
2016-06-03,48.1387,3.8740864274202917,-0.005128221679785661
2016-06-06,45.1049,3.808990888057037,-0.06509553936325485
2016-06-07,48.18,3.874943997186725,0.06595310912968833
2016-06-08,48.4686,3.880916165594461,0.005972168407735623
2016-06-09,45.8179,3.8246748444604313,-0.056241321134029576
2016-06-10,47.0171,3.850511365327285,0.02583652086685362
2016-06-13,46.4646,3.8386907323420965,-0.011820632985188428
2016-06-14,43.7912,3.7794328839546223,-0.059257848387474166
2016-06-15,43.7615,3.7787544354055944,-0.0006784485490278769
2016-06-16,46.5223,3.8399317675288946,0.06117733212330023
2016-06-17,44.1994,3.7887112143308825,-0.05122055319801211
2016-06-20,45.0981,3.808840117018094,0.020128902687211347
2016-06-21,47.479,3.860287508020092,0.05144739100199791
2016-06-22,44.721,3.8004431899564026,-0.05984431806368917
2016-06-23,44.4728,3.794877766336286,-0.005565423620116583
2016-06-24,43.6097,3.7752796026748565,-0.019598163661429524
2016-06-27,43.1195,3.763975330986203,-0.011304271688653333
2016-06-28,43.9321,3.7826452601686147,0.018669929182411504
2016-06-29,44.3682,3.792522996616598,0.009877736447983398
2016-06-30,45.3555,3.814531448149015,0.022008451532416817
2016-07-01,47.9161,3.869451564852465,0.054920116703450095
2016-07-05,45.1918,3.810915654451122,-0.058535910401343205
2016-07-06,45.8416,3.8251919758113146,0.014276321360192856
2016-07-07,48.4769,3.8810873958221714,0.05589542001085679
2016-07-08,49.6562,3.90512325681389,0.024035860991718394
2016-07-11,50.3902,3.9197967117261068,0.014673454912216943
2016-07-12,47.772,3.8664396938061802,-0.05335701791992653
2016-07-13,50.6211,3.924368485422161,0.057928791615980746
2016-07-14,50.5799,3.9235542641738306,-0.0008142212483304156
2016-07-15,50.5469,3.922901618165624,-0.000652646008206581
2016-07-18,50.5552,3.9230658086229666,0.00016419045734261672
2016-07-19,47.8379,3.867818212357834,-0.055247596265132426
2016-07-20,48.1871,3.875091350381184,0.007273138023349723
2016-07-21,47.0455,3.851115218524262,-0.023976131856922045
2016-07-22,47.2961,3.856427839667209,0.0053126211429472825
2016-07-25,47.5704,3.862210719069758,0.005782879402548957
2016-07-26,50.8191,3.9282722681720377,0.06606154910227957
2016-07-27,48.3205,3.877855901255142,-0.05041636691689577
2016-07-28,52.65,3.9636662385799846,0.08581033732484267
2016-07-29,49.5026,3.902025193447767,-0.061641045132217354
2016-08-01,49.7616,3.9072436022548205,0.005218408807053265
2016-08-02,52.1139,3.9534317078016836,0.046188105546863145
2016-08-03,49.6334,3.904663994204296,-0.04876771359738763
2016-08-04,49.6494,3.9049863058260175,0.00032231162172147165
2016-08-05,49.8772,3.909563984512887,0.004577678686869646
2016-08-08,52.7489,3.9655429190581786,0.05597893454529146
2016-08-09,52.6747,3.964135264372658,-0.0014076546855203986
2016-08-10,50.0325,3.912672794269643,-0.05146247010301508
2016-08-11,50.1042,3.9141048369124145,0.001432042642771414
2016-08-12,52.6912,3.964448458681915,0.05034362176950058
2016-08-15,49.9793,3.9116089197064863,-0.05283953897542881
2016-08-16,49.2614,3.8971408129137872,-0.014468106792699054
2016-08-17,51.5036,3.941651708139217,0.044510895225429614
2016-08-18,51.6026,3.943572058815004,0.001920350675787219
2016-08-19,49.058,3.8930032715908913,-0.05056878722411273
2016-08-22,51.817,3.9477182807525977,0.05471500916170635
2016-08-23,49.8603,3.9092250949244827,-0.038493185828115006
2016-08-24,52.0397,3.9520068888313777,0.04278179390689507
2016-08-25,52.386,3.9586393800567254,0.006632491225347703
2016-08-26,52.2871,3.956749686727102,-0.0018896933296232987
2016-08-29,52.6417,3.9635085813284214,0.006758894601319287
2016-08-30,52.5015,3.960841740617994,-0.0026668407104275538
2016-08-31,49.852,3.9090586159641303,-0.05178312465386359
2016-09-01,50.0654,3.9133301507413516,0.004271534777221309
2016-09-02,52.6087,3.9628815053062616,0.04955135456491
2016-09-06,51.9572,3.950420302744559,-0.012461202561702578
2016-09-07,51.5613,3.9427713910968127,-0.0076489116477462815
2016-09-08,51.0747,3.9332892669713106,-0.00948212412550209
2016-09-09,48.4274,3.880065769242023,-0.05322349772928758
2016-09-12,46.2752,3.834606180438336,-0.04545958880368728
2016-09-13,47.9985,3.8711697604195994,0.03656357998126358
2016-09-14,45.1015,3.8089155053790535,-0.062254255040545825
2016-09-15,47.6934,3.864793023541132,0.05587751816207831
2016-09-16,44.0037,3.78427372129191,-0.08051930224922188
2016-09-19,46.5553,3.8406408533107093,0.05636713201879928
2016-09-20,44.2535,3.789934464371209,-0.05070638893950008
2016-09-21,47.0336,3.8508622399123604,0.06092777554115125
2016-09-22,47.9985,3.8711697604195994,0.02030752050723894
2016-09-23,48.3862,3.8792146491000774,0.008044888680478035
2016-09-26,46.0246,3.829176036152532,-0.05003861294754541
2016-09-27,48.6501,3.88465386412836,0.05547782797582812
2016-09-28,48.279,3.8769966835044674,-0.0076571806238927564
2016-09-29,47.7594,3.8661759061913634,-0.010820777313103935
2016-09-30,47.9161,3.869451564852465,0.003275658661101577
2016-10-03,47.0254,3.8506878812646863,-0.01876368358777869
2016-10-04,44.8281,3.802835174935933,-0.04785270632875349
2016-10-05,46.58,3.841171264456195,0.03833608952026202
2016-10-06,47.4542,3.8597650353642843,0.018593770908089446
2016-10-07,45.9368,3.8272665387617164,-0.03249849660256787
2016-10-10,44.0037,3.78427372129191,-0.04299281746980643
2016-10-11,45.178,3.810610242685083,0.026336521393173218
2016-10-12,45.7966,3.824209852556665,0.01359960987158182
2016-10-13,45.4667,3.816980189878813,-0.007229662677851856
2016-10-14,43.1718,3.7651875043201075,-0.05179268555870564
2016-10-17,45.8625,3.8256477896814003,0.060460285361292776
2016-10-18,45.2028,3.81115903182221,-0.014488757859190127
2016-10-19,44.444,3.7942299697217625,-0.016929062100447645
2016-10-20,44.6337,3.7984891790811584,0.0042592093593958325
2016-10-21,44.7739,3.801625380364146,0.0031362012829876385
2016-10-24,45.6646,3.821323380661503,0.0196980002973568
2016-10-25,41.0295,3.7142913201746266,-0.10703206048687619
2016-10-26,43.842,3.780592262037136,0.06630094186250934
2016-10-27,44.5512,3.796639089580986,0.016046827543850117
2016-10-28,42.1433,3.7410757157038694,-0.05556337387711663
2016-10-31,42.8503,3.7577126461861416,0.016636930482272216
2016-11-01,41.8378,3.7338002371122743,-0.02391240907386738
2016-11-02,41.6808,3.730040591118877,-0.003759645993397065
2016-11-03,43.5781,3.7745547305853293,0.04451413946645211
2016-11-04,41.4623,3.7247845806257214,-0.049770149959607934
2016-11-07,42.7879,3.7562553523372926,0.0314707717115712
2016-11-08,44.8564,3.803466276206259,0.047210923868966415
2016-11-09,42.9069,3.7590326521615793,-0.044433624044679654
2016-11-10,45.9697,3.827982483801628,0.06894983164004875
2016-11-11,45.5574,3.818973069347403,-0.009009414454224984
2016-11-14,46.2501,3.834063626118259,0.015090556770855912
2016-11-15,47.0996,3.8522645084173077,0.018200882299048704
2016-11-16,46.3161,3.8354896328287906,-0.01677487558851709
2016-11-17,45.023,3.8071734703086366,-0.02831616252015401
2016-11-18,47.4955,3.8606349697106723,0.053461499402035706
2016-11-21,47.8913,3.868933859527951,0.008298889817278887
2016-11-22,44.6357,3.798533987268518,-0.07039987225943323
2016-11-23,44.8939,3.8043019280577233,0.005767940789205284
2016-11-25,45.115,3.809214785446464,0.004912857388740921
2016-11-28,46.3326,3.835845816999199,0.02663103155273472
2016-11-29,44.2046,3.788828856066686,-0.04701696093251284
2016-11-30,45.4832,3.8173430270052093,0.028514170938523264
2016-12-01,42.3297,3.7454889673355,-0.07185405966970926
2016-12-02,42.3137,3.745110910683934,-0.00037805665156609436
2016-12-05,43.2368,3.7666919844820455,0.021581073798111472
2016-12-06,43.376,3.7699062927563096,0.003214308274264166
2016-12-07,43.7878,3.779355239770475,0.00944894701416521
2016-12-08,44.391,3.793036746188507,0.013681506418032008
2016-12-09,44.3362,3.791801499117305,-0.0012352470712020391
2016-12-12,43.473,3.7721400557318967,-0.019661443385408095
2016-12-13,45.7141,3.822406784230207,0.050266728498310265
2016-12-14,44.0611,3.7855773070180683,-0.036829477212138695
2016-12-15,45.0296,3.8073200513071157,0.021742744289047433
2016-12-16,45.5739,3.8193351842339527,0.01201513292683698
2016-12-19,45.4832,3.8173430270052093,-0.001992157228743352
2016-12-20,45.277,3.8127991772830456,-0.004543849722163706
2016-12-21,45.6811,3.821684645618243,0.008885468335197544
2016-12-22,43.2443,3.7668654327850573,-0.054819212833185915
2016-12-23,45.343,3.8142558096306463,0.047390376845589
2016-12-27,45.5409,3.818610823286161,0.004355013655514828
2016-12-28,44.6832,3.799597592048198,-0.01901323123796317
2016-12-29,42.5111,3.7497652183003223,-0.049832373747875636
2016-12-30,42.0478,3.738807066382036,-0.010958151918286418
2017-01-03,42.3871,3.7468440706629074,0.008037004280871507
2017-01-04,42.8352,3.7573601944841313,0.01051612382122391
2017-01-05,44.4935,3.7953431110875804,0.0379829166034491
2017-01-06,43.0873,3.7632282901147756,-0.032114820972804825
2017-01-09,42.3938,3.747002125130693,-0.01622616498408247
2017-01-10,42.6048,3.7519669229841925,0.004964797853499459
2017-01-11,42.8435,3.7575539415887436,0.0055870186045510195
2017-01-12,44.7327,3.8007047777960725,0.04315083620732896
2017-01-13,42.6849,3.753845227716173,-0.04685955007989939
2017-01-17,42.4739,3.7488897696358316,-0.004955458080341479
2017-01-18,44.7821,3.801808506006714,0.05291873637088251
2017-01-19,45.244,3.812070064669135,0.010261558662420622
2017-01-20,43.581,3.7746212755588564,-0.03744878911027838
2017-01-23,43.749,3.7784687553995377,0.003847479840681345
2017-01-24,44.6434,3.7987064800472106,0.020237724647672817
2017-01-25,44.85,3.803323588504805,0.004617108457594554
2017-01-26,44.4071,3.7933993665638623,-0.009924221940942779
2017-01-27,44.0451,3.785214108964449,-0.008185257599413465
2017-01-30,43.7641,3.778813846595024,-0.006400262369425036
2017-01-31,43.3616,3.7695742568195927,-0.009239589775431156
2017-02-01,44.2813,3.7905624660363997,0.020988209216806997
2017-02-02,43.7641,3.778813846595024,-0.01174861944137584
2017-02-03,44.1244,3.7870129174272997,0.00819907083227589
2017-02-06,43.9361,3.7827363056208436,-0.00427661180645611
2017-02-07,43.9042,3.78200998748663,-0.0007263181342134217
2017-02-08,43.9995,3.784178270217331,0.002168282730700799
2017-02-09,44.2645,3.790183001393207,0.006004731175876188
2017-02-10,44.8872,3.804152676154763,0.013969674761555861
2017-02-13,44.8939,3.8043019280577233,0.0001492519029602235
2017-02-14,46.8934,3.847876940602854,0.04357501254513085
2017-02-15,47.3305,3.8571549079865908,0.009277967383736652
2017-02-16,47.0089,3.8503369454855223,-0.006817962501068475
2017-02-17,44.8796,3.8039833485187513,-0.046353596966770994
2017-02-21,45.1319,3.809589313550976,0.00560596503222488
2017-02-22,44.9015,3.804471201762571,-0.005118111788405155
2017-02-23,45.0298,3.8073244928201615,0.002853291057590468
2017-02-24,45.2897,3.8130796335673804,0.005755140747218945
2017-02-27,45.9292,3.8271010803762997,0.014021446808919258
2017-02-28,47.6934,3.864793023541132,0.03769194316483215
2017-03-01,46.3301,3.8357918578548915,-0.029001165686240338
2017-03-02,48.246,3.876312922794067,0.0405210649391754
2017-03-03,48.4274,3.880065769242023,0.0037528464479561485
2017-03-06,47.7511,3.8660021033106142,-0.014063665931408842
2017-03-07,45.6981,3.822056721543533,-0.043945381767081404
2017-03-08,48.4109,3.879724994978954,0.057668273435421025
2017-03-09,48.9717,3.891242580243383,0.011517585264429364
2017-03-10,49.5408,3.9027965724976412,0.011553992254258016
2017-03-13,47.4176,3.858993467800146,-0.043803104697495154
2017-03-14,47.3569,3.8577125323523265,-0.0012809354478195978
2017-03-15,50.4232,3.92045138662406,0.06273885427173331
2017-03-16,50.3737,3.919469213482242,-0.0009821731418178103
2017-03-17,50.3407,3.9188138950534777,-0.0006553184287643177
2017-03-20,50.2583,3.9171757074287936,-0.0016381876246840399
2017-03-21,49.2686,3.897286961295251,-0.019888746133542412
2017-03-22,49.2934,3.8977901978473377,0.0005032365520865056
2017-03-23,49.6315,3.9046257127976713,0.006835514950333632
2017-03-24,47.6396,3.8636643481462247,-0.04096136465144662
2017-03-27,47.562,3.862034123083074,-0.001630225063150803
2017-03-28,47.8623,3.8683281381579624,0.0062940150748884705
2017-03-29,48.0496,3.8722338107198406,0.0039056725618782373
2017-03-30,50.283,3.917667047813231,0.04543323709339031
2017-03-31,50.184,3.915696250794442,-0.0019707970187887724
2017-04-03,47.8311,3.8676760555460885,-0.04802019524835366
2017-04-04,49.9944,3.9119109991556775,0.04423494360958902
2017-04-05,49.8789,3.9095980676416415,-0.0023129315140359985
2017-04-06,51.0088,3.9319981668590636,0.02240009921742203
2017-04-07,48.8082,3.8878983315300593,-0.0440998353290043
2017-04-10,48.8943,3.889660825269489,0.0017624937394296047
2017-04-11,48.9651,3.891107799445767,0.0014469741762779265
2017-04-12,48.69,3.8854736701946093,-0.005634129251157471
2017-04-13,48.5239,3.8820564600706744,-0.0034172101239349217
2017-04-17,48.8554,3.8888649148563927,0.006808454785718343
2017-04-18,48.9575,3.8909525748088543,0.002087659952461518
2017-04-19,49.0386,3.89260774309647,0.0016551682876158047
2017-04-20,49.171,3.895304018821272,0.002696275724801911
2017-04-21,49.5659,3.903303097294384,0.007999078473111876
2017-04-24,50.2275,3.916562685470178,0.01325958817579398
2017-04-25,51.2307,3.936338961726588,0.019776276256409986
2017-04-26,51.7589,3.9465963980348255,0.010257436308237722
2017-04-27,52.9386,3.9691327514171673,0.022536353382341723
2017-04-28,50.2907,3.9178201693552457,-0.051312582061921574
2017-05-01,52.2211,3.955486627775283,0.03766645842003724
2017-05-02,52.551,3.96178412663762,0.006297498862337214
2017-05-03,52.1139,3.9534317078016836,-0.008352418835936515
2017-05-04,52.2376,3.955802542105774,0.0023708343040902413
2017-05-05,50.0857,3.9137355382064523,-0.04206700389932161
2017-05-08,50.046,3.91294258248753,-0.0007929557189223502
2017-05-09,50.1017,3.9140549396508657,0.0011123571633357976
2017-05-10,50.2114,3.916242092549748,0.002187152898882161
2017-05-11,49.7642,3.9072958500137047,-0.008946242536043147
2017-05-12,49.3676,3.8992943385714214,-0.008001511442283338
2017-05-15,52.0891,3.9529557138193945,0.0536613752479731
2017-05-16,49.6216,3.904426222806269,-0.048529491013125536
2017-05-17,51.4211,3.940048594063226,0.03562237125695722
2017-05-18,51.8252,3.9478765174557378,0.007827923392511593
2017-05-19,49.9532,3.911086567106612,-0.0367899503491258
2017-05-22,49.7642,3.9072958500137047,-0.0037907170929072365
2017-05-23,49.4005,3.899960545600145,-0.007335304413559562
2017-05-24,49.9473,3.9109684495795354,0.011007903979390221
2017-05-25,52.0974,3.9531150434833635,0.04214659390382813
2017-05-26,51.8335,3.948036658380093,-0.0050783851032703
2017-05-30,51.8665,3.9486731097034093,0.000636451323316134
2017-05-31,52.0397,3.9520068888313777,0.003333779127968395
2017-06-01,52.2376,3.955802542105774,0.003795653274396127
2017-06-02,50.246,3.9169309417807288,-0.03887160032504511
2017-06-05,49.8427,3.90887204636661,-0.008058895414118972
2017-06-06,49.4005,3.899960545600145,-0.00891150076646463
2017-06-07,51.6768,3.9450089380526108,0.04504839245246561
2017-06-08,51.751,3.946443755630276,0.0014348175776652816
2017-06-09,52.2129,3.9553295907946664,0.008885835164390343
2017-06-12,50.1524,3.91506636969357,-0.04026322110109648
2017-06-13,51.11,3.933980172780188,0.018913803086618053
2017-06-14,53.8788,3.986737079579223,0.052756906799035
2017-06-15,53.4417,3.9785913400996646,-0.008145739479558323
2017-06-16,50.9261,3.9303755622723187,-0.048215777827345985
2017-06-19,51.7834,3.9470696345856315,0.01669407231331288
2017-06-20,51.7032,3.94551967515019,-0.0015499594354415613
2017-06-21,51.4577,3.940760110946084,-0.004759564204106059
2017-06-22,51.5041,3.941661416151337,0.0009013052052528892
2017-06-23,54.4726,3.9976978229533113,0.056036406801974525
2017-06-26,52.1462,3.9540513120612872,-0.04364651089202409
2017-06-27,51.8061,3.947507902949961,-0.006543409111326337
2017-06-28,52.1233,3.9536120656782474,0.006104162728286511
2017-06-29,51.3699,3.9390523978158063,-0.014559667862441117
2017-06-30,51.6239,3.9439847435481354,0.004932345732329146
2017-07-03,51.7581,3.9465809416363595,0.0025961980882240887
2017-07-05,51.7581,3.9465809416363595,0.0
2017-07-06,53.6479,3.9824423257197497,0.035861384083390124
2017-07-07,54.3736,3.9958787419509485,0.013436416231198844
2017-07-10,52.5815,3.962364346852219,-0.033514395098729555
2017-07-11,52.6685,3.964017553879581,0.001653207027362047
2017-07-12,52.8583,3.9676147482352246,0.0035971943556436514
2017-07-13,53.2524,3.9750428739964287,0.007428125761204107
2017-07-14,53.0962,3.972105362598621,-0.002937511397807846
2017-07-17,53.0718,3.9716457137321153,-0.0004596488665056242
2017-07-18,55.0581,4.008388991309391,0.0367432775772758
2017-07-19,55.3468,4.0136188435718845,0.005229852262493395
2017-07-20,54.1262,3.991318356977576,-0.02230048659430839
2017-07-21,52.1318,3.9537751272458608,-0.03754322973171531
2017-07-24,51.9951,3.9511494833721987,-0.0026256438736620424
2017-07-25,52.169,3.9544884487463166,0.0033389653741178194
2017-07-26,52.1538,3.954197045522715,-0.00029140322360143855
2017-07-27,52.018,3.9515898125301607,-0.002607232992554387
2017-07-28,51.9572,3.950420302744559,-0.0011695097856017078
2017-07-31,54.1592,3.991927857446182,0.04150755470162304
2017-08-01,52.3521,3.957992051125157,-0.03393580632102511
2017-08-02,52.422,3.9593263505440124,0.0013342994188554336
2017-08-03,53.6396,3.9822876012641224,0.022961250720110016
2017-08-04,53.7963,3.985204691568551,0.002917090304428438
2017-08-07,53.8211,3.9856655835885957,0.0004608920200448452
2017-08-08,53.0706,3.9716231025983917,-0.014042480990203998
2017-08-09,52.6747,3.964135264372658,-0.007487838225733512
2017-08-10,51.8665,3.9486731097034093,-0.015462154669248829
2017-08-11,50.0957,3.913935176064043,-0.0347379336393665
2017-08-14,50.84,3.928683446321253,0.014748270257210372
2017-08-15,50.5548,3.9230578964481073,-0.005625549873145896
2017-08-16,52.9139,3.9686660642732963,0.04560816782518895
2017-08-17,49.6064,3.9041198576650005,-0.0645462066082958
2017-08-18,49.4546,3.9010550769981402,-0.003064780666860223
2017-08-21,49.7086,3.906177956362572,0.005122879364431565
2017-08-22,50.0478,3.9129785487511786,0.006800592388606752
2017-08-23,49.6587,3.9051736017268994,-0.007804947024279141
2017-08-24,49.5651,3.903286957035534,-0.0018866446913654578
2017-08-25,49.4774,3.9015159996602446,-0.001770957375289317
2017-08-28,49.1593,3.8950660453775785,-0.006449954282666148
2017-08-29,49.1508,3.8948931231646786,-0.0001729222128998842
2017-08-30,49.2064,3.8960236963392365,0.0011305731745578917
2017-08-31,49.6207,3.9044080853789818,0.008384389039745255
2017-09-01,51.9324,3.9499428728483794,0.04553478746939765
2017-09-05,49.7077,3.9061598506797,-0.04378302216867924
2017-09-06,50.2469,3.916948853493895,0.010789002814195037
2017-09-07,49.9625,3.911272724037442,-0.005676129456453349
2017-09-08,51.1286,3.934344027531822,0.023071303494380135
2017-09-11,51.1826,3.935399630535488,0.001055603003666139
2017-09-12,53.9695,3.9884190721814847,0.05301944164599659
2017-09-13,53.4004,3.9778182365747985,-0.010600835606686232
2017-09-14,51.1286,3.934344027531822,-0.0434742090429765
2017-09-15,53.3922,3.977664667881535,0.043320640349712836
2017-09-18,50.9835,3.93150205096563,-0.04616261691590484
2017-09-19,53.0376,3.9710010959850677,0.039499045019437684
2017-09-20,53.2025,3.9741053877246895,0.0031042917396217895
2017-09-21,53.5159,3.979978806009582,0.00587341828489274
2017-09-22,51.5083,3.941742959732543,-0.038235846277039354
2017-09-25,51.8171,3.947720210619311,0.0059772508867683705
2017-09-26,51.9218,3.949738740515998,0.002018529896686605
2017-09-27,54.7695,4.003133469668694,0.053394729152696385
2017-09-28,53.3739,3.9773218624371247,-0.0258116072315695
2017-09-29,53.3502,3.9768777265692266,-0.0004441358678981544
2017-10-02,53.7072,3.983547070739429,0.006669344170202596
2017-10-03,52.9916,3.970133410425127,-0.013413660314302245
2017-10-04,52.6364,3.963407895620673,-0.006725514804454047
2017-10-05,52.1749,3.9546015363346907,-0.008806359285982168
2017-10-06,52.3427,3.9578124815567493,0.003210945222058559
2017-10-09,52.3748,3.958425559619259,0.0006130780625097643
2017-10-10,52.071,3.952608171906854,-0.005817387712404809
2017-10-11,52.4212,3.9593110896591863,0.006702917752332116
2017-10-12,52.5723,3.9621893650631925,0.002878275404006203
2017-10-13,52.5638,3.96202766988868,-0.00016169517451247728
2017-10-16,52.612,3.9629442306065323,0.0009165607178522883
2017-10-17,54.4973,3.998151159157585,0.03520692855105256
2017-10-18,51.8559,3.9484687179801767,-0.049682441177408165
2017-10-19,52.0391,3.951995359105823,0.003526641125646268
2017-10-20,53.1663,3.973424736981284,0.021429377875461064
2017-10-23,53.5957,3.9814688409780516,0.008044103996767582
2017-10-24,54.0548,3.989998346802639,0.008529505824587336
2017-10-25,53.0726,3.9716607875372336,-0.018337559265405368
2017-10-26,54.2387,3.9933946757932914,0.02173388825605782
2017-10-27,55.1159,4.009438240774832,0.016043564981540914
2017-10-30,54.555,3.999209367107062,-0.010228873667770255
2017-10-31,52.4212,3.9593110896591863,-0.039898277447875774
2017-11-01,51.7378,3.946188655560093,-0.013122434099093194
2017-11-02,53.2437,3.974879487731216,0.028690832171122782
2017-11-03,52.9221,3.968821020999106,-0.006058466732109746
2017-11-06,52.9633,3.9695992208657396,0.0007781998666334111
2017-11-07,53.1613,3.973330688023089,0.0037314671573493996
2017-11-08,50.883,3.929528879557812,-0.04380180846527715
2017-11-09,52.7819,3.9661683289115226,0.036639449353710773
2017-11-10,52.7572,3.965700255932864,-0.0004680729786588067
2017-11-13,51.1286,3.934344027531822,-0.0313562284010418
2017-11-14,51.3345,3.9383630407599863,0.0040190132281643365
2017-11-15,50.8349,3.9285831265765716,-0.009779914183414729
2017-11-16,53.1448,3.973020263689349,0.044437137112777414
2017-11-17,53.4087,3.9779736540442223,0.004953390354873299
2017-11-20,53.4994,3.979670438885802,0.001696784841579646
2017-11-21,51.8728,3.948794568012994,-0.030875870872808076
2017-11-22,51.6028,3.9435759345811947,-0.00521863343179918
2017-11-24,53.3427,3.976737136145452,0.0331612015642575
2017-11-27,51.3412,3.938493548757682,-0.038243587387770006
2017-11-28,54.2004,3.9926882884921686,0.05419473973448641
2017-11-29,53.2093,3.9742331930998316,-0.01845509539233703
2017-11-30,54.443,3.997154282804265,0.022921089704433406
2017-12-01,53.7283,3.983939864560304,-0.013214418243960857
2017-12-04,54.8184,4.004025904020397,0.020086039460092575
2017-12-05,54.4918,3.9980502316335538,-0.005975672386842934
2017-12-06,55.8828,4.0232566405063706,0.025206408872816777
2017-12-07,54.3012,3.9945463261432144,-0.028710314363156186
2017-12-08,56.2622,4.0300229064564235,0.035476580313209105
2017-12-11,56.1797,4.0285554816832,-0.0014674247732235912
2017-12-12,55.4457,4.01540416344948,-0.013151318233719955
2017-12-13,55.52,4.016743316198549,0.0013391527490691502
2017-12-14,55.0086,4.007489536645315,-0.009253779553233699
2017-12-15,52.8525,3.9675050148871502,-0.03998452175816514
2017-12-18,53.6953,3.983325474406966,0.0158204595198157
2017-12-19,53.8632,3.9864474989122773,0.003122024505311405
2017-12-20,54.0295,3.9895301936950722,0.0030826947827948814
2017-12-21,57.1694,4.046018790205939,0.056488596510866795
2017-12-22,56.5179,4.034557402136679,-0.011461388069260003
2017-12-26,56.856,4.040521755524594,0.005964353387915011
2017-12-27,56.6911,4.037617231922877,-0.0029045236017166687
2017-12-28,56.7241,4.0381991645197655,0.0005819325968881017
2017-12-29,54.4598,3.9974628148187454,-0.040736349701020025
2018-01-02,56.6911,4.037617231922877,0.04015441710413192
2018-01-03,55.3449,4.013584513988001,-0.024032717934876047
2018-01-04,57.8374,4.057635625249562,0.04405111126156047
2018-01-05,56.9903,4.042881077914471,-0.014754547335090962
2018-01-08,56.8376,4.040198078551384,-0.00268299936308658
2018-01-09,55.955,4.0245477962699905,-0.015650282281393757
2018-01-10,56.9715,4.042551142792868,0.018003346522877273
2018-01-11,55.5263,4.016856782383496,-0.025694360409371342
2018-01-12,56.1955,4.0288366825194,0.011979900135903776
2018-01-16,58.0601,4.061478680951184,0.03264199843178339
2018-01-17,57.1413,4.045527147681381,-0.01595153326980281
2018-01-18,57.7927,4.056862470124266,0.011335322442885598
2018-01-19,59.9075,4.092801705964586,0.03593923584031966
2018-01-22,60.0724,4.095550501451669,0.0027487954870828446
2018-01-23,59.792,4.090871872743128,-0.004678628708540522
2018-01-24,58.1935,4.06377366465149,-0.027098208091638654
2018-01-25,57.6754,4.054830739449725,-0.008942925201764318
2018-01-26,60.2621,4.098703382082663,0.04387264263293744
2018-01-29,59.0498,4.078381155677432,-0.020322226405230737
2018-01-30,56.3541,4.031654997377537,-0.04672615829989546
2018-01-31,56.4418,4.033210018751047,0.0015550213735107121
2018-02-01,55.5576,4.017420320408869,-0.015789698342178582
2018-02-02,51.6433,3.9443604678870976,-0.07305985252177116
2018-02-05,50.116,3.914340318383306,-0.030020149503791504
2018-02-06,51.0552,3.9329074003438693,0.018567081960563225
2018-02-07,52.2871,3.956749686727102,0.023842286383232825
2018-02-08,49.6849,3.905701064001418,-0.05104862272568411
2018-02-09,50.8933,3.929731284244073,0.024030220242654998
2018-02-12,50.2502,3.917014527030767,-0.012716757213306007
2018-02-13,52.0232,3.951689772930547,0.034675245899780105
2018-02-14,50.2578,3.9171657587738022,-0.03452401415674489
2018-02-15,51.883,3.9489911835281335,0.031825424754331255
2018-02-16,52.6335,3.963352799149588,0.014361615621454327
2018-02-20,50.791,3.92771917353447,-0.03563362561511774
2018-02-21,50.5118,3.922206972352618,-0.005512201181852028
2018-02-22,50.4957,3.921888184141122,-0.0003187882114961127
2018-02-23,50.705,3.92602452506396,0.004136340922837878
2018-02-26,52.3778,3.9584828374338588,0.032458312369898934
2018-02-27,51.5613,3.9427713910968127,-0.01571144633704602
2018-02-28,50.0274,3.912570855330979,-0.030200535765833703
2018-03-01,49.4006,3.8999625698691056,-0.012608285461873425
2018-03-02,49.4913,3.9017968965517142,0.0018343266826086335
2018-03-05,48.7719,3.8871543273391542,-0.01464256921256002
2018-03-06,51.3222,3.938123407106092,0.050969079766937764
2018-03-07,49.322,3.8983702289743594,-0.039753178131732625
2018-03-08,49.4671,3.9013078021346175,0.002937573160258111
2018-03-09,50.705,3.92602452506396,0.02471672292934235
2018-03-12,50.0974,3.9139691105365797,-0.012055414527380126
2018-03-13,49.9482,3.910986468409213,-0.0029826421273666526
2018-03-14,49.2529,3.896968249133278,-0.014018219275934829
2018-03-15,50.8521,3.9289214195769357,0.03195317044365753
2018-03-16,49.555,3.9030831638586716,-0.025838255718264147
2018-03-19,48.6698,3.8850587145293383,-0.018024449329333336
2018-03-20,48.4369,3.8802619199400707,-0.004796794589267517
2018-03-21,48.5897,3.8834115742888526,0.003149654348781894
2018-03-22,47.6472,3.8638238665688416,-0.01958770772001106
2018-03-23,46.2119,3.8332373406783287,-0.030586525890512917
2018-03-26,49.0047,3.891916211878101,0.05867887119977233
2018-03-27,48.0563,3.872373240245205,-0.019542971632895867
2018-03-28,48.081,3.872887088679548,0.0005138484343429894
2018-03-29,48.5676,3.8829566419187445,0.010069553239196338
2018-04-02,47.1079,3.852440715195356,-0.030515926723388542
2018-04-03,47.6687,3.8642749980246562,0.011834282829300324
2018-04-04,47.0717,3.8516719711832184,-0.012603026841437881
2018-04-05,47.8565,3.8682069498437106,0.01653497866049225
2018-04-06,48.4274,3.880065769242023,0.011858819398312459
2018-04-09,47.9738,3.870655028553314,-0.009410740688708952
2018-04-10,48.4192,3.8798964292751146,0.009241400721800463
2018-04-11,48.4274,3.880065769242023,0.0001693399669084883
2018-04-12,48.5346,3.882276945655004,0.002211176412981075
2018-04-13,48.1223,3.873745687137962,-0.008531258517042062
2018-04-16,47.0329,3.8508473568243318,-0.02289833031363031
2018-04-17,48.7903,3.8875315226098257,0.03668416578549394
2018-04-18,47.0405,3.8510089327855823,-0.03652258982424339
2018-04-19,47.4295,3.8592443979827755,0.008235465197193204
2018-04-20,45.58,3.819469023817538,-0.039775374165237576
2018-04-23,45.7065,3.822240519733638,0.002771495916100264
2018-04-24,44.0063,3.7843328054869048,-0.03790771424673345
2018-04-25,46.2089,3.8331724202274984,0.04883961474059362
2018-04-26,46.712,3.8440010909812368,0.01082867075373839
2018-04-27,46.9099,3.8482287405964617,0.0042276496152249265
2018-04-30,43.6545,3.7763063697554204,-0.07192237084104125
2018-05-01,45.9697,3.827982483801628,0.051676114046207644
2018-05-02,43.5616,3.774176028336017,-0.05380645546561125
2018-05-03,43.3455,3.769202891609938,-0.004973136726079019
2018-05-04,44.1919,3.788541514371316,0.01933862276137832
2018-05-07,43.9193,3.782353859005046,-0.006187655366270306
2018-05-08,44.2391,3.7896090134266758,0.007255154421629939
2018-05-09,44.1033,3.7865346095851535,-0.003074403841522244
2018-05-10,46.0275,3.829239043949225,0.04270443436407145
2018-05-11,46.2831,3.8347768836603957,0.005537839711170722
2018-05-14,46.3079,3.8353125728870605,0.0005356892266648039
2018-05-15,44.6694,3.799288703440374,-0.03602386944668634
2018-05-16,46.5223,3.8399317675288946,0.040643064088520475
2018-05-17,47.0006,3.8501603675860214,0.01022860005712678
2018-05-18,47.6522,3.863928799023917,0.013768431437895412
2018-05-21,47.6192,3.863236041253594,-0.0006927577703228494
2018-05-22,45.4356,3.8162959387385578,-0.04694010251503622
2018-05-23,47.0749,3.8517399502711775,0.03544401153261978
2018-05-24,45.6365,3.820707834936703,-0.031032115334474586
2018-05-25,46.0609,3.829964433932427,0.009256598995723841
2018-05-29,45.5014,3.8177430947143107,-0.012221339218116078
2018-05-30,47.3553,3.8576787457862842,0.0399356510719735
2018-05-31,46.3244,3.835668820117767,-0.022009925668517116
2018-06-01,46.8439,3.8468207974325006,0.011151977314733497
2018-06-04,47.1161,3.852614768515544,0.00579397108304347
2018-06-05,46.3983,3.8372628206299897,-0.015351947885554384
2018-06-06,46.3983,3.8372628206299897,0.0
2018-06-07,47.5367,3.861502044293419,0.024239223663429232
2018-06-08,48.2625,3.876654861590355,0.015152817296935961
2018-06-11,46.3166,3.8355004281526885,-0.04115443343766634
2018-06-12,46.4524,3.838428132385789,0.0029277042331004033
2018-06-13,45.0509,3.807792961657235,-0.03063517072855415
2018-06-14,46.8439,3.8468207974325006,0.03902783577526581
2018-06-15,46.9017,3.84805392213007,0.001233124697569199
2018-06-18,44.8611,3.803571049522598,-0.04448287260747197
2018-06-19,46.6872,3.84347003716958,0.039898987646981965
2018-06-20,45.147,3.809923832472691,-0.033546204696888626
2018-06-21,45.7718,3.823668180962395,0.01374434848970374
2018-06-22,44.2577,3.7900293676151633,-0.03363881334723162
2018-06-25,43.5228,3.7732849387133656,-0.016744428901797725
2018-06-26,43.7135,3.777656978879327,0.004372040165961266
2018-06-27,43.9574,3.783220983109326,0.005564004229999142
2018-06-28,44.0317,3.784909829060924,0.001688845951598239
2018-06-29,44.2791,3.7905127824306244,0.005602953369700181
2018-07-02,44.0234,3.7847213107349083,-0.005791471695716144
2018-07-03,44.0399,3.7850960411888677,0.0003747304539594154
2018-07-05,44.7492,3.801073567466095,0.015977526277227483
2018-07-06,44.9883,3.80640245596446,0.005328888498364659
2018-07-09,44.2341,3.7894959848484095,-0.01690647111605026
2018-07-10,45.5161,3.818066109521965,0.02857012467355524
2018-07-11,43.5768,3.77452489864243,-0.043541210879535
2018-07-12,43.6477,3.7761505890302214,0.0016256903877915896
2018-07-13,45.5079,3.817885937259217,0.041735348228995495
2018-07-16,45.4667,3.816980189878813,-0.0009057473804037208
2018-07-17,46.3326,3.835845816999199,0.018865627120385753
2018-07-18,45.2754,3.812763838628296,-0.023081978370902867
2018-07-19,45.4592,3.816815220381299,0.004051381753003014
2018-07-20,46.3739,3.8367368009697334,0.019921580588434296
2018-07-23,44.3303,3.7916684161601855,-0.04506838480954789
2018-07-24,44.3455,3.792011237993174,0.0003428218329886157
2018-07-25,44.477,3.794972201624575,0.002960963631400748
2018-07-26,43.2334,3.766613344673146,-0.028358856951428812
2018-07-27,47.281,3.8561085234663888,0.08949517879324276
2018-07-30,45.2668,3.8125738719602484,-0.04353465150614033
2018-07-31,47.8336,3.867728321428918,0.055154449468669764
2018-08-01,46.9759,3.849634704243191,-0.01809361718572733
2018-08-02,47.4212,3.8590693860952263,0.009434681852035443
2018-08-03,46.0769,3.8303117398190625,-0.02875764627616384
2018-08-06,47.2975,3.8564574399784375,0.026145700159375007
2018-08-07,45.8617,3.825630346084181,-0.030827093894256308
2018-08-08,44.9463,3.8054684438478037,-0.020161902236377482
2018-08-09,44.8281,3.802835174935933,-0.0026332689118708785
2018-08-10,43.7633,3.778795566604986,-0.02403960833094665
2018-08-13,42.9668,3.7604277244529776,-0.018367842152008595
2018-08-14,44.6749,3.7994118226546263,0.03898409820164872
2018-08-15,44.7327,3.8007047777960725,0.0012929551414462281
2018-08-16,45.3017,3.8133445593786646,0.012639781582592047
2018-08-17,45.3017,3.8133445593786646,0.0
2018-08-20,45.244,3.812070064669135,-0.0012744947095297832
2018-08-21,44.8037,3.8022907252963463,-0.00977933937278852
2018-08-22,43.9624,3.7833347231316052,-0.018956002164741026
2018-08-23,43.392,3.7702750923179305,-0.013059630813674783
2018-08-24,43.489,3.7725080325535094,0.002232940235578962
2018-08-27,45.211,3.8113404200621135,0.03883238750860407
2018-08-28,43.8249,3.7802021490020707,-0.031138271060042744
2018-08-29,44.5265,3.7960845175470643,0.015882368544993586
2018-08-30,43.9327,3.7826589175149015,-0.013425600032162865
2018-08-31,43.6935,3.7771993496196785,-0.00545956789522295
2018-09-04,43.644,3.7760658157928524,-0.0011335338268261275
2018-09-05,43.3119,3.768427424040318,-0.007638391752534446
2018-09-06,43.3372,3.7690113885758754,0.0005839645355574241
2018-09-07,44.6337,3.7984891790811584,0.029477790505282986
2018-09-10,44.1818,3.788312939579405,-0.010176239501753503
2018-09-11,44.5674,3.797002650053849,0.008689710474444112
2018-09-12,44.5909,3.797529802333428,0.0005271522795791128
2018-09-13,44.2847,3.7906392449357895,-0.006890557397638553
2018-09-14,44.4315,3.793948677350244,0.003309432414454694
2018-09-17,45.5656,3.8191530458631484,0.025204368512904196
2018-09-18,45.4254,3.816071419967185,-0.0030816258959633913
2018-09-19,45.7058,3.8222252045080065,0.006153784540821494
2018-09-20,45.4667,3.816980189878813,-0.005245014629193356
2018-09-21,45.5409,3.818610823286161,0.0016306334073479256
2018-09-24,45.0213,3.8071357111167674,-0.011475112169393675
2018-09-25,43.7321,3.778082386224705,-0.02905332489206236
2018-09-26,42.8959,3.758776250271192,-0.01930613595351316
2018-09-27,42.7828,3.756136152657822,-0.0026400976133698073
2018-09-28,43.1822,3.7654283733024427,0.009292220644620652
2018-10-01,43.1162,3.7638987965578488,-0.0015295767445939745
2018-10-02,42.5263,3.7501227080674573,-0.01377608849039147
2018-10-03,43.9244,3.7824699743327415,0.03234726626528417
2018-10-04,42.2124,3.7427140167423416,-0.03975595759039985
2018-10-05,42.5637,3.7510017773448916,0.008287760602549987
2018-10-08,41.6007,3.7281169940487233,-0.022884783296168276
2018-10-09,40.1773,3.693302159518176,-0.034814834530547234
2018-10-10,39.5098,3.6765487424008696,-0.01675341711730649
2018-10-11,38.5926,3.6530605482475442,-0.02348819415332537
2018-10-12,39.2813,3.670748578661628,0.017688030414083844
2018-10-15,38.5689,3.6524462522386467,-0.018302326422981352
2018-10-16,40.3287,3.6970633742968166,0.04461712205816992
2018-10-17,39.6359,3.679735273234544,-0.017328101062272783
2018-10-18,38.4566,3.6495303327166693,-0.03020494051787459
2018-10-19,37.3236,3.619625834349393,-0.02990449836727649
2018-10-22,37.7391,3.6306966922792623,0.011070857929869504
2018-10-23,37.4434,3.622830459452046,-0.007866232827216102
2018-10-24,36.3431,3.5930043647782637,-0.0298260946737825
2018-10-25,37.6054,3.6271476571051884,0.0341432923269247
2018-10-26,33.4304,3.5094656656610517,-0.11768199144413671
2018-10-29,33.2946,3.505395221674531,-0.004070443986520456
2018-10-30,35.5145,3.5699410637923137,0.06454584211778247
2018-10-31,36.046,3.5847959005706134,0.014854836778299685
2018-11-01,37.7336,3.63055094421381,0.045755043643196824
2018-11-02,36.7456,3.6040184905997332,-0.026532453614076967
2018-11-05,36.7456,3.6040184905997332,0.0
2018-11-06,36.2933,3.5916331512323576,-0.012385339367375625
2018-11-07,37.5246,3.624996717902419,0.03336356667006157
2018-11-08,35.4327,3.5676351225783773,-0.057361595324041836
2018-11-09,35.867,3.579817652696686,0.012182530118308499
2018-11-12,35.3144,3.5642908127689403,-0.015526839927745506
2018-11-13,35.5866,3.5719691625056496,0.007678349736709222
2018-11-14,34.1383,3.5304199211645626,-0.04154924134108695
2018-11-15,34.6049,3.543995290533836,0.013575369369273282
2018-11-16,35.1412,3.5593742312936976,0.015378940759861681
2018-11-19,35.2649,3.5628881349833588,0.003513903689661202
2018-11-20,35.2402,3.562187476420773,-0.0007006585625859429
2018-11-21,35.702,3.5752067096253604,0.013019233204587533
2018-11-23,34.7332,3.5476960018721955,-0.027510707753164887
2018-11-26,36.2546,3.5905662698017218,0.04287026792952631
2018-11-27,35.5948,3.5721995597733707,-0.018366710028351108
2018-11-28,36.4608,3.5962377108638846,0.024038151090513882
2018-11-29,35.0682,3.557294736915277,-0.03894297394860757
2018-11-30,36.1226,3.586918708239469,0.029623971324192144
2018-12-03,36.2739,3.5910984743959307,0.00417976615646154
2018-12-04,34.1088,3.5295554155126805,-0.06154305888325018
2018-12-06,34.3602,3.5368989178208836,0.0073435023082031314
2018-12-07,34.3982,3.5380042374289262,0.0011053196080426098
2018-12-10,35.3226,3.5645229857105103,0.02651874828158407
2018-12-11,33.7198,3.518085201917963,-0.04643778379254737
2018-12-12,34.7371,3.5478082800688955,0.029723078150932558
2018-12-13,33.8052,3.5206146368097135,-0.027193643259181943
2018-12-14,33.3351,3.5066108959155313,-0.014003740894182215
2018-12-17,32.6835,3.486870363400305,-0.019740532515226228
2018-12-18,32.6506,3.485863232276408,-0.0010071311238970537
2018-12-19,31.7015,3.456363998375732,-0.029499233900676103
2018-12-20,31.2073,3.4406520418066795,-0.015711956569052443
2018-12-21,30.6218,3.4217121736095337,-0.01893986819714577
2018-12-24,29.0445,3.3688291366294254,-0.05288303698010832
2018-12-26,30.8362,3.4286893245015237,0.05986018787209835
2018-12-27,30.6106,3.421346354202654,-0.0073429702988696555
2018-12-28,30.3843,3.4139260276388796,-0.007420326563774449
2018-12-31,30.6839,3.423738087064233,0.009812059425353237
2019-01-02,31.7516,3.4579431177697684,0.03420503070553549
2019-01-03,30.4181,3.415037825971895,-0.04290529179787317
2019-01-04,32.2111,3.4723111136447975,0.057273287672902295
2019-01-07,32.9529,3.4950792692152803,0.02276815557048284
2019-01-08,33.7639,3.519392184382696,0.02431291516741574
2019-01-09,34.0514,3.5278711477561555,0.008478963373459436
2019-01-10,34.3906,3.5377832712242268,0.009912123468071243
2019-01-11,34.6176,3.5443622232549163,0.006578952030689589
2019-01-14,35.2237,3.5617191514969018,0.017356928241985425
2019-01-15,34.6711,3.5459064869121075,-0.015812664584794245
2019-01-16,34.168,3.5312895335391654,-0.01461695337294211
2019-01-17,34.1088,3.5295554155126805,-0.001734118026484932
2019-01-18,35.5123,3.569879115344666,0.04032369983198558
2019-01-22,34.4484,3.5394625522591903,-0.0304165630854758
2019-01-23,33.9454,3.524753351452042,-0.014709200807148104
2019-01-24,34.6381,3.5449542323053977,0.020200880853355585
2019-01-25,33.881,3.5228543852868737,-0.022099847018524077
2019-01-28,35.001,3.5553766325098297,0.03252224722295605
2019-01-29,35.5123,3.569879115344666,0.01450248283483635
2019-01-30,35.167,3.560108142876075,-0.009770972468591044
2019-01-31,37.3597,3.6205925833498145,0.060484440473739465
2019-02-01,36.2655,3.5908668761186484,-0.029725707231166076
2019-02-04,36.9295,3.609010689644737,0.018143813526088515
2019-02-05,37.3762,3.6210341382188425,0.012023448574105533
2019-02-06,36.9473,3.609492573005804,-0.011541565213038396
2019-02-07,36.1439,3.587508193010886,-0.02198437999491798
2019-02-08,36.1439,3.587508193010886,0.0
2019-02-11,36.4823,3.5968272114642876,0.00931901845340155
2019-02-12,38.0179,3.6380571014475023,0.04122988998321464
2019-02-13,39.1246,3.666751425165883,0.028694323718380765
2019-02-14,38.7947,3.6582836393607354,-0.00846778580514762
2019-02-15,39.0916,3.6659076101516517,0.007623970790916257
2019-02-19,38.8171,3.6588608711894515,-0.007046738962200205
2019-02-20,39.4462,3.6749377181910408,0.01607684700158929
2019-02-21,38.9403,3.6620297040746235,-0.012908014116417288
2019-02-22,39.4752,3.6756726266266546,0.013642922552031145
2019-02-25,39.2727,3.6705296210010543,-0.005143005625600328
2019-02-26,39.6112,3.679111906554884,0.00858228555382956
2019-02-27,39.0946,3.665984350036733,-0.013127556518151007
2019-02-28,38.8607,3.659983457168424,-0.006000892868308849
2019-03-01,39.2236,3.6692786064588754,0.009295149290451388
2019-03-04,39.0044,3.6636744602787115,-0.005604146180163916
2019-03-05,38.7535,3.6572210743011624,-0.006453385977549075
2019-03-06,38.6133,3.6535967767092554,-0.0036242975919069664
2019-03-07,37.3582,3.620552432328434,-0.03304434438082149
2019-03-08,37.4948,3.6242022566945873,0.0036498243661533536
2019-03-11,37.4948,3.6242022566945873,0.0
2019-03-12,37.5936,3.6268338231420545,0.002631566447467204
2019-03-13,37.537,3.6253271132074163,-0.0015067099346381951
2019-03-14,37.105,3.613751731422097,-0.011575381785319472
2019-03-15,37.8875,3.6346212423839215,0.020869510961824655
2019-03-18,38.2999,3.6454472852171342,0.010826042833212757
2019-03-19,37.4299,3.6224698502590154,-0.02297743495811888
2019-03-20,37.5741,3.626314983256374,0.003845132997358558
2019-03-21,38.2504,3.644154017734205,0.017839034477831195
2019-03-22,37.1205,3.6141693776548687,-0.029984640079336433
2019-03-25,37.5329,3.62521788167776,0.011048504022891148
2019-03-26,37.7803,3.631787802751206,0.006569921073446228
2019-03-27,37.9865,3.6372308334475854,0.005443030696379303
2019-03-28,38.5555,3.6520987616874114,0.014867928239826078
2019-03-29,39.2648,3.670328443219061,0.01822968153164961
2019-04-01,38.8576,3.659903681877363,-0.010424761341698119
2019-04-02,38.59,3.6529931755495273,-0.0069105063278356305
2019-04-03,39.7596,3.6828513213755945,0.02985814582606716
2019-04-04,40.3452,3.697472428531955,0.014621107156360669
2019-04-05,41.4503,3.724495119190818,0.02702269065886309
2019-04-08,40.967,3.712766864567278,-0.011728254623540213
2019-04-09,40.741,3.7072349563982487,-0.005531908169029265
2019-04-10,40.9637,3.71268630868281,0.005451352284561395
2019-04-11,40.5019,3.7013488865923327,-0.01133742209047739
2019-04-12,39.8642,3.685478678024515,-0.015870208567817734
2019-04-15,40.7493,3.7074386616252193,0.02195998360070428
2019-04-16,40.0599,3.69037583397894,-0.0170628276462792
2019-04-17,39.379,3.673232679287744,-0.017143154691196205
2019-04-18,39.7351,3.682234928061934,0.009002248774190313
2019-04-22,39.8586,3.6853381912375682,0.00310326317563403
2019-04-23,40.708,3.706424633329685,0.02108644209211663
2019-04-24,40.4498,3.700061699116505,-0.006362934213179905
2019-04-25,42.9265,3.759489350843926,0.05942765172742126
2019-04-26,42.4866,3.7491887320970836,-0.010300618746842627
2019-04-29,43.3801,3.7700008106058456,0.02081207850876199
2019-04-30,43.5286,3.7734181933194626,0.003417382713617023
2019-05-01,43.5121,3.7730390603346025,-0.00037913298486014213
2019-05-02,44.3945,3.7931155878913034,0.020076527556700974
2019-05-03,45.8378,3.825109078235585,0.03199349034428156
2019-05-06,44.7572,3.801252325633585,-0.023856752602000153
2019-05-07,44.1658,3.787950733924131,-0.013301591709453664
2019-05-08,43.9709,3.7835280514844927,-0.004422682439638503
2019-05-09,43.8333,3.7803938024931467,-0.003134248991345956
2019-05-10,43.9379,3.782777273370127,0.0023834708769800983
2019-05-13,42.4942,3.749367596029178,-0.03340967734094891
2019-05-14,43.0047,3.7613094120460797,0.011941816016901807
2019-05-15,43.1439,3.764541040212844,0.0032316281667643665
2019-05-16,43.1761,3.7652871014151974,0.0007460612023533209
2019-05-17,43.5368,3.773606557469268,0.008319456054070695
2019-05-20,42.4545,3.748432914206142,-0.02517364326312599
2019-05-21,43.9987,3.78416008802724,0.035727173821098024
2019-05-22,43.4873,3.772468941444777,-0.011691146582462952
2019-05-23,42.5525,3.7507386076999913,-0.021730333744785835
2019-05-24,42.9794,3.7607209311355363,0.009982323435544949
2019-05-28,41.3981,3.723234986058313,-0.03748594507722336
2019-05-29,40.7915,3.7084737263723793,-0.01476125968593367
2019-05-30,41.1257,3.7166332302172713,0.008159503844892058
2019-05-31,39.1663,3.6678166831701553,-0.04881654704711602
2019-06-03,40.0329,3.689701616046172,0.021884932876016894
2019-06-04,41.7196,3.7309710423589006,0.04126942631272845
2019-06-05,43.009,3.761409396118468,0.03043835375956716
2019-06-06,42.4453,3.7482161881352676,-0.013193207983200228
2019-06-07,42.8771,3.75833788387848,0.0101216957432122
2019-06-10,43.4544,3.7717121124071484,0.013374228528668652
2019-06-11,43.0997,3.7635160365286326,-0.008196075878515785
2019-06-12,42.2891,3.744529369631078,-0.01898666689755446
2019-06-13,43.3498,3.769302089605758,0.02477271997467989
2019-06-14,44.0163,3.7845600198623726,0.015257930256614483
2019-06-17,43.5219,3.7732642596829358,-0.011295760179436787
2019-06-18,45.079,3.808416506139376,0.03515224645644022
2019-06-19,45.0296,3.8073200513071157,-0.0010964548322602852
2019-06-20,45.3782,3.8150318135143335,0.007711762207217809
2019-06-21,45.3924,3.815344690153154,0.00031287663882029193
2019-06-24,45.6728,3.8215029347110385,0.006158244557884718
2019-06-25,45.4667,3.816980189878813,-0.004522744832225367
2019-06-26,45.0196,3.807097950499088,-0.0098822393797251
2019-06-27,45.606,3.8200392868119586,0.012941336312870533
2019-06-28,46.5594,3.8407289167422114,0.020689629930252806
2019-07-01,46.8136,3.8461737589986944,0.005444842256483007
2019-07-02,46.5388,3.8402863732701316,-0.005887385728562844
2019-07-03,46.3393,3.8359904131499563,-0.004295960120175302
2019-07-05,46.0626,3.830001340910564,-0.005989072239392268
2019-07-08,46.1347,3.831565378354126,0.0015640374435621496
2019-07-09,45.9368,3.8272665387617164,-0.004298839592409731
2019-07-10,44.8172,3.8025919943106525,-0.024674544451063873
2019-07-11,45.2852,3.8129802682906053,0.010388273979952789
2019-07-12,46.2914,3.8349561986990346,0.021975930408429267
2019-07-15,45.9326,3.8271751046170954,-0.007781094081939166
2019-07-16,46.0879,3.830550442665534,0.003375338048438703
2019-07-17,45.7388,3.822946953007809,-0.00760348965772506
2019-07-18,44.4822,3.795089109150855,-0.027857843856954112
2019-07-19,44.2461,3.7897672319765485,-0.005321877174306433
2019-07-22,42.7372,3.755069735344409,-0.03469749663213939
2019-07-23,44.0564,3.785470631272513,0.03040089592810391
2019-07-24,45.2192,3.8115217754062902,0.026051144133777182
2019-07-25,45.9945,3.8285218241232135,0.01700004871692329
2019-07-26,45.2551,3.812315370977278,-0.016206453145935384
2019-07-29,44.7016,3.8000092951623716,-0.012306075814906503
2019-07-30,45.6145,3.820225648430774,0.020216353268402543
2019-07-31,44.7749,3.8016477145551133,-0.018577933875660868
2019-08-01,43.1381,3.764406597339273,-0.03724111721584045
2019-08-02,42.1011,3.740073868613032,-0.024332728726240926
2019-08-05,41.1493,3.7172069160427896,-0.022866952570242294
2019-08-06,41.9551,3.7365999988253296,0.019393082782539928
2019-08-07,42.8606,3.7579529890141736,0.021352990188844068
2019-08-08,43.2266,3.7664560465002563,0.00850305748608271
2019-08-09,42.2663,3.743990078218523,-0.022465968281733417
2019-08-12,41.4463,3.7243986134233174,-0.01959146479520557
2019-08-13,42.5884,3.7515819157253367,0.027183302302019374
2019-08-14,41.1122,3.7163049144377767,-0.03527700128756006
2019-08-15,40.5291,3.7020202346201643,-0.014284679817612389
2019-08-16,41.1719,3.7177559848262325,0.01573575020606821
2019-08-19,41.712,3.730788857191146,0.013032872364913572
2019-08-20,41.4994,3.725678969300812,-0.005109887890334175
2019-08-21,42.4453,3.7482161881352676,0.022537218834455697
2019-08-22,43.075,3.7629427824139934,0.014726594278725802
2019-08-23,40.3899,3.698579753711895,-0.0643630287020982
2019-08-26,40.9357,3.7120025429631363,0.013422789251241074
2019-08-27,40.2929,3.6961752747713046,-0.015827268191831667
2019-08-28,40.5214,3.701830229622708,0.005654954851403549
2019-08-29,41.9699,3.736952694688384,0.03512246506567607
2019-08-30,41.7989,3.7328700233949705,-0.004082671293413664
2019-09-03,40.1283,3.6920818210590647,-0.040788202335905854
2019-09-04,41.1616,3.717505782902259,0.025423961843194398
2019-09-05,42.1829,3.7420149256507416,0.024509142748482482
2019-09-06,42.2167,3.742815877356839,0.000800951706097397
2019-09-09,43.0008,3.761218720171661,0.018402842814821962
2019-09-10,44.1389,3.7873414798112224,0.026122759639561455
2019-09-11,44.8112,3.802458108176147,0.015116628364924445
2019-09-12,44.4096,3.793455662283038,-0.009002445893108835
2019-09-13,44.5732,3.797132781554157,0.0036771192711189116
2019-09-16,43.7556,3.7786196046123224,-0.01851317694183452
2019-09-17,43.1735,3.7652268811014777,-0.01339272351084464
2019-09-18,43.5946,3.774933289473537,0.009706408372059272
2019-09-19,43.7595,3.7787087320886683,0.003775442615131297
2019-09-20,43.5038,3.7728482906011362,-0.005860441487532064
2019-09-23,43.8667,3.781155490101238,0.008307199500101614
2019-09-24,43.6637,3.7765170932937906,-0.004638396807447265
2019-09-25,44.1481,3.7875498910163445,0.011032797722553944
2019-09-26,44.4517,3.7944032064479316,0.00685331543158707
2019-09-27,44.5978,3.7976845304551246,0.003281324007192943
2019-09-30,45.112,3.809148286504881,0.01146375604975658
2019-10-01,44.5327,3.7962237507764223,-0.012924535728458864
2019-10-02,44.8976,3.8043843412037806,0.008160590427358283
2019-10-03,44.9572,3.8057109260660353,0.0013265848622547871
2019-10-04,45.9394,3.8273231366619496,0.021612210595914227
2019-10-07,46.0296,3.8292846678065993,0.0019615311446496975
2019-10-08,45.2204,3.8115483124542218,-0.017736355352377497
2019-10-09,45.6213,3.8203747127237953,0.008826400269573487
2019-10-10,45.58,3.819469023817538,-0.000905688906257307
2019-10-11,46.6955,3.8436478002889127,0.024178776471374785
2019-10-14,46.2666,3.834420318481366,-0.009227481807546845
2019-10-15,46.6684,3.8430672761085587,0.008646957627192808
2019-10-16,46.8582,3.847126020049945,0.004058743941386389
2019-10-17,48.2047,3.8754565266761714,0.02833050662622627
2019-10-18,48.5923,3.8834650821401135,0.00800855546394219
2019-10-21,47.6758,3.864423931628863,-0.01904115051125066
2019-10-22,48.2212,3.8757987583828193,0.011374826753956402
2019-10-23,48.147,3.8742588310071286,-0.0015399273756906418
2019-10-24,49.7482,3.9069742820455344,0.032715451038405785
2019-10-25,49.7799,3.907611288098537,0.0006370060530027644
2019-10-28,50.0356,3.9127347520763966,0.005123463977859455
2019-10-29,50.0851,3.9137235586675043,0.0009888065911076716
2019-10-30,50.2005,3.916024986807444,0.0023014281399396097
2019-10-31,49.1576,3.8950314633270833,-0.020993523480360654
2019-11-01,50.262,3.9172493243997275,0.02221786107264423
2019-11-04,51.0995,3.9337747124259757,0.016525388026248145
2019-11-05,50.7539,3.9269884622599354,-0.006786250166040286
2019-11-06,50.984,3.931511858011993,0.004523395752057624
2019-11-07,50.3945,3.9198820421384135,-0.011629815873579474
2019-11-08,50.802,3.9279357238881953,0.008053681749781827
2019-11-11,50.4831,3.9216386268070007,-0.006297097081194636
2019-11-12,51.0653,3.933105205878173,0.011466579071172323
2019-11-13,51.6933,3.9453281793059354,0.012222973427762351
2019-11-14,52.0809,3.952798278856988,0.007470099551052822
2019-11-15,51.6213,3.94393437801055,-0.008863900846438177
2019-11-18,52.0382,3.951978064268236,0.008043686257686034
2019-11-19,51.3304,3.9382831692556612,-0.013694895012574815
2019-11-20,51.0912,3.933612271029288,-0.004670898226373232
2019-11-21,51.213,3.9359934060667254,0.0023811350374374207
2019-11-22,51.916,3.9496270278255126,0.013633621758787129
2019-11-25,52.2018,3.955116977052697,0.005489949227184265
2019-11-26,53.0456,3.971151920998174,0.01603494394547722
2019-11-27,52.8811,3.9680459971425073,-0.00310592385566677
2019-11-29,51.9623,3.950518455641832,-0.01752754150067526
2019-12-02,51.2796,3.9372930122699796,-0.013225443371852386
2019-12-03,51.3222,3.938123407106092,0.0008303948361123581
2019-12-04,51.8787,3.948908301308539,0.010784894202446882
2019-12-05,52.6994,3.9646040702832637,0.0156957689747248
2019-12-06,53.0617,3.971455387397254,0.006851317113990341
2019-12-09,52.8644,3.967730144455843,-0.0037252429414111887
2019-12-10,52.5689,3.962124690130793,-0.005605454325049664
2019-12-11,53.5207,3.980068494957161,0.017943804826368037
2019-12-12,54.0355,3.9896412379740926,0.009572743016931451
2019-12-13,53.465,3.97902723420862,-0.010614003765472724
2019-12-16,53.7679,3.98467663482365,0.0056494006150300535
2019-12-17,54.1965,3.992616330714747,0.00793969589109711
2019-12-18,54.2169,3.992992667961633,0.000376337246886127
2019-12-19,53.8211,3.9856655835885957,-0.007327084373037529
2019-12-20,53.6371,3.9822409928207145,-0.0034245907678811527
2019-12-23,53.1695,3.9734849236728964,-0.008756069147818124
2019-12-24,53.6456,3.9823994526659234,0.008914528993027027
2019-12-26,54.0107,3.989182175083671,0.006782722417747689
2019-12-27,53.8751,3.9866684045706813,-0.0025137705129898436
2019-12-30,53.92,3.987501466604052,0.0008330620333705241
2019-12-31,53.887,3.9868892614405524,-0.0006122051634993575
2020-01-02,54.2746,3.9940563458615643,0.007167084421011882
2020-01-03,53.7123,3.9836420255661382,-0.010414320295426105
2020-01-06,54.1215,3.991231519104754,0.007589493538615599
2020-01-07,54.0685,3.990251761192938,-0.000979757911816037
2020-01-08,55.0829,4.008839323164361,0.018587561971423305
2020-01-09,54.9509,4.006440059241436,-0.002399263922924888
2020-01-10,55.0016,4.00736227571843,0.0009222164769937535
2020-01-13,55.9373,4.024231420609688,0.016869144891257903
2020-01-14,56.0973,4.027087683028199,0.002856262418511335
2020-01-15,56.7346,4.038384253896428,0.011296570868228883
2020-01-16,57.4003,4.050049529792699,0.011665275896270977
2020-01-17,57.0139,4.043295097754742,-0.006754432037957336
2020-01-21,57.4147,4.050300368099114,0.00700527034437215
2020-01-22,57.4805,4.051445759850792,0.0011453917516783818
2020-01-23,57.9581,4.059720335686732,0.008274575835939935
2020-01-24,57.3261,4.048756017395451,-0.010964318291280861
2020-01-27,55.4116,4.014788958116578,-0.033967059278873
2020-01-28,55.7643,4.0211338796913045,0.006344921574726214
2020-01-29,55.4705,4.015851347907896,-0.0052825317834086505
2020-01-30,58.5632,4.0701065129688265,0.054255165060930644
2020-01-31,56.4376,4.033135603047174,-0.03697090992165286
2020-02-03,56.6596,4.037061434723374,0.003925831676200531
2020-02-04,58.7529,4.073340513508147,0.03627907878477288
2020-02-05,59.19,4.080752608702634,0.00741209519448649
2020-02-06,59.0003,4.077542528638555,-0.0032100800640781912
2020-02-07,58.3487,4.0664370791356195,-0.011105449502935905
2020-02-10,58.9192,4.076167013769733,0.009729934634113313
2020-02-11,59.6848,4.089077381615694,0.012910367845961446
2020-02-12,59.7755,4.090595878010366,0.001518496394671942
2020-02-13,59.6668,4.08877575180702,-0.0018201262033459287
2020-02-14,60.1961,4.097607566163042,0.008831814356021539
2020-02-18,59.6414,4.088349963799427,-0.009257602363614836
2020-02-19,59.4111,4.084481077597689,-0.0038688862017375314
2020-02-20,60.1961,4.097607566163042,0.013126488565352368
2020-02-21,58.5797,4.070388220184698,-0.027219345978343412
2020-02-24,57.1859,4.046307364502268,-0.024080855682430347
2020-02-25,55.3468,4.0136188435718845,-0.03268852093038355
2020-02-26,53.4664,3.9790534192206946,-0.03456542435118992
2020-02-27,51.3799,3.9392470453972432,-0.03980637382345131
2020-02-28,50.9263,3.93037948952391,-0.0088675558733331
2020-03-02,52.4913,3.9606474415797344,0.03026795205582422
2020-03-03,51.8087,3.947558088830753,-0.013089352748981486
2020-03-04,55.4045,4.014660817891292,0.06710272906053882
2020-03-05,52.6747,3.964135264372658,-0.050525553518633526
2020-03-06,49.8294,3.908605171281627,-0.05553009309103096
2020-03-09,46.3244,3.835668820117767,-0.0729363511638601
2020-03-10,48.9552,3.890905594182226,0.05523677406445904
2020-03-11,45.2956,3.8132098975287154,-0.07769569665351073
2020-03-12,39.2978,3.671168537664531,-0.14204135986418454
2020-03-13,40.0684,3.6905879937285384,0.019419456064007523
2020-03-16,33.7189,3.518058511011998,-0.17252948271654045
2020-03-17,34.3796,3.5374633652156993,0.019404854203701305
2020-03-18,30.0924,3.4042726481790835,-0.13319071703661578
2020-03-19,31.1083,3.4374746646077203,0.03320201642863685
2020-03-20,30.1847,3.4073351734877195,-0.030139491120000805
2020-03-23,28.7249,3.3577643424406833,-0.04957083104703619
2020-03-24,33.2938,3.5053711934654124,0.14760685102472904
2020-03-25,34.9763,3.554670689267499,0.04929949580208648
2020-03-26,36.6587,3.601650780789895,0.04698009152239635
2020-03-27,35.8141,3.5783416706148357,-0.023309110175059544
2020-03-30,36.6975,3.602708632849251,0.024366962234415368
2020-03-31,35.6572,3.5739510900027778,-0.02875754284647325
2020-04-01,32.4774,3.4805444628282807,-0.0934066271744971
2020-04-02,31.7083,3.45657847626483,-0.023965986563450503
2020-04-03,29.2023,3.374247473295557,-0.0823310029692732
2020-04-06,33.4895,3.5112319568648624,0.13698448356930548
2020-04-07,35.9878,3.583179992131405,0.07194803526654248
2020-04-08,39.0009,3.6635847227864553,0.08040473065505038
2020-04-09,41.9061,3.7354314010572014,0.07184667827074609
2020-04-13,38.6339,3.6541301293871085,-0.08130127167009293
2020-04-14,38.0607,3.639182253711484,-0.014947875675624278
2020-04-15,35.7238,3.5758171333287536,-0.06336512038273057
2020-04-16,36.1018,3.586342725591637,0.01052559226288352
2020-04-17,38.4197,3.6485703488768166,0.0622276232851795
2020-04-20,36.2089,3.589304944967596,-0.05926540390922064
2020-04-21,34.8319,3.5505336335647817,-0.03877131140281431
2020-04-22,35.5179,3.5700367947545955,0.019503161189813767
2020-04-23,36.1102,3.586575373905986,0.016538579151390564
2020-04-24,36.0452,3.584773706460929,-0.0018016674450569425
2020-04-27,38.6002,3.6532574578045125,0.06848375134358342
2020-04-28,40.9408,3.712127120833627,0.05886966302911434
2020-04-29,42.4841,3.749129888283846,0.03700276745021913
2020-04-30,39.7385,3.6823204910665566,-0.0668093972172894
2020-05-01,42.4729,3.7488662254881993,0.06654573442164269
2020-05-04,42.1374,3.7409357073743315,-0.007930518113867802
2020-05-05,43.754,3.7785830371957148,0.0376473298213833
2020-05-06,42.8358,3.757374201557704,-0.021208835638010903
2020-05-07,44.3945,3.7931155878913034,0.03574138633359958
2020-05-08,46.2584,3.834243069088846,0.041127481197542615
2020-05-11,44.6997,3.7999667901876055,-0.03427627890124052
2020-05-12,42.7389,3.7551095125452925,-0.044857277642313065
2020-05-13,40.9307,3.7118803927279678,-0.04322911981732469
2020-05-14,42.5752,3.751271924130202,0.03939153140223439
2020-05-15,44.1581,3.7877763756809033,0.036504451550701145
2020-05-18,49.8294,3.908605171281627,0.1208287956007239
2020-05-19,49.1449,3.894773077221528,-0.01383209406009911
2020-05-20,49.9201,3.910423727264294,0.01565065004276578
2020-05-21,49.7552,3.9071149807555594,-0.0033087465087344725
2020-05-22,49.9126,3.9102734758934683,0.00315849513790889
2020-05-26,51.6189,3.9438878844934817,0.03361440860001341
2020-05-27,52.9633,3.9695992208657396,0.025711336372257865
2020-05-28,50.5877,3.923708463740005,-0.04589075712573454
2020-05-29,50.4468,3.920919315650145,-0.002789148089859861
2020-06-01,50.7944,3.9277861122875053,0.0068667966373601175
2020-06-02,50.5042,3.922056501139853,-0.005729611147652136
2020-06-03,52.0562,3.9523239042015925,0.030267403061739362
2020-06-04,52.731,3.965203517898871,0.012879613697278636
2020-06-05,54.0227,3.9894043286037744,0.02420081070490321
2020-06-08,53.4087,3.9779736540442223,-0.011430674559552045
2020-06-09,52.4086,3.9590706999978367,-0.018902954046385645
2020-06-10,51.3881,3.939406628147076,-0.01966407185076058
2020-06-11,47.5202,3.8611548837997414,-0.07825174434733473
2020-06-12,48.1635,3.8746014727785125,0.013446588978771157
2020-06-15,50.5882,3.9237183475166755,0.04911687473816295
2020-06-16,52.419,3.959269121025011,0.035550773508335354
2020-06-17,51.6933,3.9453281793059354,-0.01394094171907545
2020-06-18,51.7631,3.9466775402075487,0.0013493609016133057
2020-06-19,50.5799,3.9235542641738306,-0.02312327603371811
2020-06-22,51.332,3.9383143393822144,0.01476007520838385
2020-06-23,51.685,3.945167604020448,0.006853264638233547
2020-06-24,49.0723,3.893294720819136,-0.051872883201312
2020-06-25,50.8438,3.9287581878238678,0.0354634670047318
2020-06-26,50.149,3.914998574029675,-0.01375961379419266
2020-06-29,51.8582,3.9485130706766833,0.03351449664700823
2020-06-30,52.7242,3.9650745531819216,0.016561482505238256
2020-07-01,51.6306,3.9441145199745264,-0.020960033207395146
2020-07-02,51.7015,3.9454867946331507,0.0013722746586242174
2020-07-06,53.4747,3.979208644854556,0.03372185022140517
2020-07-07,52.7385,3.9653457391099822,-0.013862905744573606
2020-07-08,53.7056,3.983517279131723,0.018171540021740817
2020-07-09,52.9056,3.968509193374889,-0.015008085756833989
2020-07-10,53.6498,3.982477741203962,0.013968547829072975
2020-07-13,53.0293,3.970844590986488,-0.011633150217474242
2020-07-14,55.0169,4.007640410761147,0.0367958197746594
2020-07-15,56.3942,4.032366316336506,0.02472590557535881
2020-07-16,56.9632,4.042405445300977,0.010039128964471011
2020-07-17,57.0457,4.043852700987156,0.00144725568617865
2020-07-20,56.922,4.041681909638795,-0.0021707913483606234
2020-07-21,57.2249,4.046989118349117,0.005307208710322087
2020-07-22,58.358,4.0665964530193754,0.019607334670258325
2020-07-23,58.7555,4.073384765663745,0.006788312644369299
2020-07-24,58.5549,4.069964775696553,-0.003419989967191839
2020-07-27,61.2435,4.114857721344471,0.044892945647918125
2020-07-28,59.6188,4.087970960573363,-0.026886760771107632
2020-07-29,62.8512,4.140770027932745,0.052799067359381446
2020-07-30,63.7118,4.154369788750792,0.013599760818046924
2020-07-31,63.0909,4.144576543616204,-0.009793245134587458
2020-08-03,64.6826,4.1694922317983325,0.024915688182128193
2020-08-04,64.2003,4.162007883582194,-0.0074843482161384145
2020-08-05,64.9116,4.173026344256296,0.011018460674101505
2020-08-06,64.9032,4.172896929120091,-0.00012941513620479128
2020-08-07,66.0457,4.190346926653787,0.017449997533696582
2020-08-10,67.0473,4.2053983404605155,0.015051413806728142
2020-08-11,67.1063,4.206277929287113,0.0008795888265975549
2020-08-12,68.4598,4.226246711683808,0.01996878239669453
2020-08-13,68.9575,4.2334903727980535,0.007243661114245903
2020-08-14,68.7349,4.230257076059446,-0.003233296738607727
2020-08-17,70.6205,4.257320470622443,0.027063394562997445
2020-08-18,69.235,4.237506515106677,-0.019813955515766146
2020-08-19,69.0123,4.234284749580244,-0.0032217655264332734
2020-08-20,68.8023,4.231237174613079,-0.003047574967165012
2020-08-21,70.2742,4.252404732878635,0.021167558265556607
2020-08-24,70.689,4.258289973810346,0.005885240931710278
2020-08-25,70.7708,4.259446486248755,0.0011565124384089742
2020-08-26,70.8957,4.26120978289774,0.0017632966489857793
2020-08-27,69.9855,4.248288077735172,-0.012921705162568742
2020-08-28,70.8797,4.260984073782225,0.012695996047053626
2020-08-31,69.7752,4.245278645774422,-0.015705428007803057
2020-09-01,71.1531,4.264833893509418,0.019555247734995618
2020-09-02,71.7074,4.272593950090336,0.00776005658091794
2020-09-03,68.8631,4.232120475775943,-0.04047347431439263
2020-09-04,68.5146,4.227046861243489,-0.0050736145324545845
2020-09-08,67.551,4.212882868145633,-0.014163993097855432
2020-09-09,68.5061,4.226922792398256,0.014039924252623237
2020-09-10,67.5856,4.213394942605936,-0.0135278497923208
2020-09-11,68.5569,4.227664057397945,0.014269114792009319
2020-09-14,69.0866,4.235360790115963,0.007696732718017962
2020-09-15,69.7752,4.245278645774422,0.009917855658459374
2020-09-16,70.2742,4.252404732878635,0.007126087104213141
2020-09-17,69.9113,4.247227295687864,-0.00517743719077135
2020-09-18,69.5402,4.241905002618145,-0.005322293069719208
2020-09-21,67.9072,4.218142067234593,-0.023762935383551564
2020-09-22,69.6886,4.244036746283223,0.025894679048629854
2020-09-23,68.372,4.224963384094021,-0.01907336218920186
2020-09-24,68.0986,4.220956654941212,-0.0040067291528096405
2020-09-25,68.9938,4.2340166454875865,0.013059990546374856
2020-09-28,71.219,4.265759636751337,0.031742991263750575
2020-09-29,70.7455,4.259088930260229,-0.006670706491108014
2020-09-30,71.3545,4.26766041131037,0.008571481050140939
2020-10-01,72.303,4.280865622079809,0.013205210769439368
2020-10-02,72.6305,4.285384943802009,0.004519321722199265
2020-10-05,73.2431,4.293784045508053,0.008399101706044299
2020-10-06,71.8989,4.275260965583544,-0.018523079924508856
2020-10-07,72.2452,4.280065888799414,0.004804923215870005
2020-10-08,74.1324,4.305852683701007,0.025786794901592636
2020-10-09,73.6009,4.298657253920935,-0.007195429780071372
2020-10-12,73.9662,4.30360823210227,0.004950978181335053
2020-10-13,73.2608,4.294025677301965,-0.009582554800305232
2020-10-14,73.4431,4.296510956750338,0.0024852794483729568
2020-10-15,74.529,4.311188311387783,0.014677354637444573
2020-10-16,74.9037,4.316203288502005,0.005014977114222496
2020-10-19,72.1327,4.278507478228703,-0.037695810273302044
2020-10-20,72.7208,4.286627450908822,0.008119972680118437
2020-10-21,70.8515,4.260586137401638,-0.026041313507183972
2020-10-22,70.7624,4.259327786183896,-0.001258351217741982
2020-10-23,70.4886,4.255450994615365,-0.003876791568530713
2020-10-26,67.6928,4.214979822711542,-0.04047117190382288
2020-10-27,67.4701,4.211684536778447,-0.003295285933095471
2020-10-28,67.1402,4.206782970397616,-0.004901566380830502
2020-10-29,67.9484,4.218748593594391,0.011965623196775077
2020-10-30,67.1122,4.206365845632532,-0.01238274796185923
2020-11-02,70.1903,4.251210124846318,0.044844279213785754
2020-11-03,70.489,4.255456669275737,0.004246544429419075
2020-11-04,72.8541,4.288458811085007,0.03300214180926986
2020-11-05,73.9662,4.30360823210227,0.015149421017263798
2020-11-06,72.6906,4.286212077692771,-0.017396154409499154
2020-11-09,66.0269,4.190062234747564,-0.09614984294520745
2020-11-10,65.73,4.185555442275485,-0.004506792472079191
2020-11-11,68.4928,4.226728630254739,0.04117318797925407
2020-11-12,68.3222,4.224234750367012,-0.0024938798877265356
2020-11-13,69.5432,4.241948142202027,0.017713391835014747
2020-11-16,68.1299,4.221416177002318,-0.02053196519970868
2020-11-17,68.7732,4.230814134167156,0.009397957164837933
2020-11-18,68.7154,4.229973337135183,-0.0008407970319730396
2020-11-19,70.6291,4.257442240878934,0.027468903743750772
2020-11-20,70.0907,4.249790117621728,-0.007652123257205545
2020-11-23,71.0164,4.26291083628367,0.01312071866194131
2020-11-24,70.2721,4.252374849487892,-0.010535986795777497
2020-11-25,70.6224,4.2573473746296555,0.004972525141763384
2020-11-27,70.1092,4.250054026513352,-0.007293348116303555
2020-11-30,68.8639,4.232132092960664,-0.017921933552687896
2020-12-01,68.3608,4.22479956092906,-0.007332532031604444
2020-12-02,66.7275,4.200617161804895,-0.024182399124164533
2020-12-03,67.4454,4.211318381662452,0.01070121985755712
2020-12-04,67.3941,4.210557476994678,-0.0007609046677741205
2020-12-07,69.133,4.2360321855149214,0.02547470852024336
2020-12-08,69.0158,4.234335463891326,-0.0016967216235954652
2020-12-09,69.7051,4.2442734858213385,0.009938021930012475
2020-12-10,69.8579,4.246463178806631,0.0021896929852927016
2020-12-11,69.2656,4.237948390455924,-0.008514788350707292
2020-12-14,69.133,4.2360321855149214,-0.0019162049410024196
2020-12-15,71.0966,4.264039515693913,0.028007330178991374
2020-12-16,71.7876,4.273711759189619,0.00967224349570639
2020-12-17,73.3091,4.294684748526662,0.020972989337042947
2020-12-18,73.9194,4.30297531041737,0.00829056189070787
2020-12-21,73.1277,4.292207227947304,-0.010768082470065998
2020-12-22,73.0516,4.291166040763143,-0.0010411871841613518
2020-12-23,73.0431,4.291049677883318,-0.00011636287982508264
2020-12-24,73.4576,4.296708369016543,0.005658691133225702
2020-12-28,71.2556,4.266273412551445,-0.030434956465097862
2020-12-29,70.2577,4.252169910748203,-0.014103501803242047
2020-12-30,71.4129,4.268478525295177,0.016308614546973743
2020-12-31,70.6948,4.258372019985414,-0.010106505309763314
2021-01-04,69.936,4.247580538120959,-0.010791481864455221
2021-01-05,69.8783,4.246755157551508,-0.0008253805694504734
2021-01-06,70.9669,4.262213571154524,0.015458413603015586
2021-01-07,73.0122,4.290626550472521,0.02841297931799769
2021-01-08,72.1377,4.278576792516347,-0.012049757956174467
2021-01-11,72.8532,4.288446457551586,0.00986966503523945
2021-01-12,74.426,4.309805343156888,0.021358885605301303
2021-01-13,73.1106,4.291973363083202,-0.01783198007368547
2021-01-14,74.3181,4.308354529055001,0.01638116597179895
2021-01-15,72.839,4.288251526044684,-0.02010300301031709
2021-01-19,73.6692,4.2995848013986215,0.011333275353937466
2021-01-20,76.4393,4.336496961820985,0.03691216042236345
2021-01-21,75.9977,4.330703076670497,-0.005793885150487732
2021-01-22,77.0392,4.344314383219962,0.013611306549464963
2021-01-25,76.0984,4.332027239679464,-0.012287143540498313
2021-01-26,73.0103,4.290600527085713,-0.041426712593750636
2021-01-27,70.2156,4.251570508566287,-0.039030018519426335
2021-01-28,72.7115,4.286499556348773,0.0349290477824864
2021-01-29,71.7791,4.273593347329348,-0.012906209019424963
2021-02-01,72.839,4.288251526044684,0.014658178715335701
2021-02-02,74.0337,4.304520394944006,0.016268868899321554
2021-02-03,71.9896,4.2765216641385075,-0.027998730805498084
2021-02-04,73.8269,4.30172316383792,0.025201499699412544
2021-02-05,73.0122,4.290626550472521,-0.011096613365398689
2021-02-08,76.2064,4.333445448666993,0.04281889819447127
2021-02-09,75.6843,4.326570741311349,-0.006874707355643217
2021-02-10,74.9998,4.317485446866088,-0.009085294445261738
2021-02-11,75.2496,4.320810588000239,0.003325141134151721
2021-02-12,74.7661,4.314364573694244,-0.006446014305995007
2021-02-16,70.9257,4.2616328502267535,-0.05273172346749089
2021-02-17,71.3539,4.267652002555174,0.0060191523284203186
2021-02-18,70.7855,4.259654177464941,-0.007997825090233057
2021-02-19,72.204,4.279495446026215,0.019841268561274106
2021-02-22,72.3529,4.281555535204395,0.0020600891781796804
2021-02-23,72.1958,4.279381872461586,-0.002173662742808169
2021-02-24,71.9566,4.276063159494715,-0.003318712966871473
2021-02-25,68.8474,4.231892461208164,-0.044170698286550625
2021-02-26,69.398,4.239858048653695,0.007965587445530886
2021-03-01,71.9605,4.276117357362806,0.03625930870911098
2021-03-02,71.1345,4.264572451189695,-0.011544906173111436
2021-03-03,68.7979,4.23117322121764,-0.03339922997205491
2021-03-04,67.965,4.218992866787211,-0.012180354430428864
2021-03-05,70.7278,4.258838706365086,0.03984583957787535
2021-03-08,72.5866,4.2847803317923026,0.02594162542721623
2021-03-09,72.1628,4.278924677662318,-0.0058556541299843445
2021-03-10,75.0319,4.317913356441062,0.038988678778744124
2021-03-11,73.771,4.30096570045026,-0.01694765599080217
2021-03-12,74.7392,4.314004720226972,0.013039019776711847
2021-03-15,75.6166,4.325675835801625,0.011671115574652724
2021-03-16,74.6986,4.313461350329946,-0.012214485471679026
2021-03-17,76.2511,4.334031841612972,0.020570491283026016
2021-03-18,76.4924,4.33719138949208,0.0031595478791084375
2021-03-19,76.3768,4.3356789851354804,-0.001512404356599717
2021-03-22,75.7171,4.3270040266113945,-0.008674958524085952
2021-03-23,73.0533,4.291189311714358,-0.035814714897036914
2021-03-24,73.7629,4.300855895178277,0.009666583463919132
2021-03-25,75.7339,4.32722588054526,0.02636998536698343
2021-03-26,78.4551,4.362526486626241,0.03530060608098129
2021-03-29,78.5125,4.363257847780499,0.0007313611542576481
2021-03-30,80.1316,4.383670283143357,0.020412435362858083
2021-03-31,79.0244,4.36975666553885,-0.0139136176045076
2021-04-01,81.0919,4.3955830794379205,0.02582641389907092
2021-04-05,81.6175,4.402043699760949,0.006460620323028188
2021-04-06,82.2605,4.409891041072159,0.007847341311210343
2021-04-07,81.1192,4.395919677861305,-0.013971363210854015
2021-04-08,82.1686,4.408773233949588,0.012853556088282758
2021-04-09,84.0401,4.431294065885658,0.02252083193607035
2021-04-12,84.3186,4.434602481239654,0.0033084153539961747
2021-04-13,83.392,4.42355238150238,-0.011050099737274444
2021-04-14,83.4511,4.424260831566804,0.0007084500644243263
2021-04-15,83.5439,4.4253722422024815,0.0011114106356773235
2021-04-16,86.1655,4.456269865536875,0.030897623334393387
2021-04-19,84.5418,4.4372460866082175,-0.019023778928657364
2021-04-20,83.9979,4.430791798530809,-0.006454288077408776
2021-04-21,85.1285,4.44416187963031,0.01337008109950144
2021-04-22,85.5835,4.449492507558331,0.005330627928020526
2021-04-23,86.5128,4.460292379868948,0.010799872310617076
2021-04-26,87.5337,4.4720238620722395,0.011731482203291677
2021-04-27,87.7277,4.474237698995076,0.0022138369228361654
2021-04-28,86.6304,4.461650793229493,-0.012586905765582301
2021-04-29,86.5293,4.460483084906046,-0.0011677083234475916
2021-04-30,86.5788,4.461054981903923,0.00057189699787763
2021-05-03,88.8468,4.486913538195184,0.025858556291260548
2021-05-04,89.6468,4.4958775050471,0.00896396685191636
2021-05-05,89.9024,4.498724637450489,0.0028471324033887413
2021-05-06,90.4138,4.504396910614819,0.005672273164329944
2021-05-07,92.0055,4.521848357870827,0.01745144725600767
2021-05-10,92.3353,4.525426516931384,0.003578159060557695
2021-05-11,89.6798,4.496245548609767,-0.029180968321616874
2021-05-12,85.5397,4.448980595661446,-0.04726495294832134
2021-05-13,88.5416,4.483472498069112,0.034491902407665975
2021-05-14,89.0282,4.4889531734771175,0.005480675408005453
2021-05-17,87.7004,4.473926460371157,-0.01502671310596071
2021-05-18,85.7046,4.450906499775852,-0.0230199605953052
2021-05-19,84.9459,4.4420145832686915,-0.008891916507160147
2021-05-20,85.9685,4.453980950087177,0.011966366818485952
2021-05-21,85.4325,4.447726590460039,-0.006254359627138051
2021-05-24,87.0525,4.46651138492875,0.01878479446871051
2021-05-25,86.0015,4.454364737961865,-0.012146646966884944
2021-05-26,87.0159,4.466090860576951,0.011726122615086432
2021-05-27,86.5706,4.460960266011104,-0.005130594565847524
2021-05-28,85.0778,4.4435661319817275,-0.017394134029376396
2021-06-01,86.0757,4.455227141634157,0.011661009652429222
2021-06-02,84.1954,4.43314028792693,-0.022086853707226517
2021-06-03,83.9975,4.430787036495658,-0.0023532514312725183
2021-06-04,86.268,4.457458729789735,0.026671693294077592
2021-06-07,85.4749,4.448222765591952,-0.009235964197783275
2021-06-08,84.5665,4.4375382071034934,-0.010684558488458507
2021-06-09,82.6697,4.414853150372068,-0.022685056731425846
2021-06-10,81.3996,4.399370358991507,-0.015482791380560634
2021-06-11,81.3914,4.399269616321372,-0.00010074267013493454
2021-06-14,80.7811,4.391743027274541,-0.0075265890468312335
2021-06-15,81.5975,4.401798624245829,0.010055596971287883
2021-06-16,80.946,4.393782265684735,-0.008016358561093284
2021-06-17,79.3461,4.373819296426175,-0.019962969258560115
2021-06-18,78.9749,4.369130080463859,-0.004689215962316418
2021-06-21,80.5831,4.3892889501078445,0.02015886964398561
2021-06-22,81.1109,4.395817354063104,0.006528403955259776
2021-06-23,80.3027,4.385803244297781,-0.01001410976532302
2021-06-24,80.5666,4.389084171568912,0.003280927271131162
2021-06-25,80.3027,4.385803244297781,-0.003280927271131162
2021-06-28,81.5563,4.40129357930203,0.015490335004249012
2021-06-29,83.5135,4.425008295435256,0.023714716133225622
2021-06-30,82.1501,4.4085480617679895,-0.016460233667266344
2021-07-01,82.2078,4.409250188071264,0.0007021263032740421
2021-07-02,81.6965,4.4030111612910305,-0.006239026780233026
2021-07-06,80.212,4.384673129614788,-0.018338031676242927
2021-07-07,81.7377,4.403515339741719,0.018842210126931214
2021-07-08,79.3955,4.374441691584026,-0.0290736481576932
2021-07-09,82.4132,4.411745618260467,0.037303926676441
2021-07-12,82.4385,4.412052560805781,0.0003069425453139374
2021-07-13,79.3378,4.373714685939446,-0.03833787486633433
2021-07-14,79.3955,4.374441691584026,0.0007270056445793927
2021-07-15,79.5687,4.376620799440221,0.0021791078561950172
2021-07-16,79.8364,4.379979540806255,0.0033587413660347565
2021-07-19,77.8451,4.354720954744834,-0.025258586061421617
2021-07-20,80.2633,4.385312480365307,0.030591525620473625
2021-07-21,80.5914,4.389391944067898,0.004079463702590935
2021-07-22,80.6312,4.389885671384149,0.0004937273162504141
2021-07-23,82.1458,4.408495717187255,0.01861004580310599
2021-07-26,81.4851,4.400420181446933,-0.00807553574032216
2021-07-27,81.334,4.398564133312811,-0.0018560481341216573
2021-07-28,80.7907,4.3918618598927495,-0.006702273420061466
2021-07-29,81.0084,4.394552852999285,0.002690993106535977
2021-07-30,81.5602,4.40134139788569,0.006788544886404679
2021-08-02,81.9449,4.406047070184337,0.0047056722986464905
2021-08-03,83.8367,4.428870859111057,0.022823788926720212
2021-08-04,82.8993,4.417626618197276,-0.011244240913780956
2021-08-05,83.0663,4.419639084110245,0.002012465912969219
2021-08-06,83.4511,4.424260831566804,0.004621747456559078
2021-08-09,82.1711,4.4088036587343495,-0.015457172832454624
2021-08-10,83.2426,4.4217592360208124,0.012955577286462905
2021-08-11,85.7117,4.450989339039143,0.029230103018330844
2021-08-12,85.6519,4.450291407828228,-0.0006979312109152147
2021-08-13,85.7775,4.451756734341345,0.0014653265131165938
2021-08-16,86.4706,4.459804471770979,0.00804773742963416
2021-08-17,83.5135,4.425008295435256,-0.03479617633572296
2021-08-18,82.0867,4.407776005771414,-0.01723228966384216
2021-08-19,81.4935,4.400523262465023,-0.007252743306390919
2021-08-20,81.2017,4.396936182909069,-0.0035870795559533875
2021-08-23,82.1458,4.408495717187255,0.011559534278185346
2021-08-24,83.4089,4.423755018299397,0.015259301112142687
2021-08-25,85.5254,4.448813407847762,0.0250583895483647
2021-08-26,83.8443,4.428961507425478,-0.019851900422284352
2021-08-27,83.9067,4.429705467257349,0.0007439598318708107
2021-08-30,84.5462,4.43729813051436,0.0075926632570118
2021-08-31,81.6842,4.402860592710736,-0.03443753780362435
2021-09-01,82.5321,4.413187308573487,0.010326715862751357
2021-09-02,81.7377,4.403515339741719,-0.009671968831768574
2021-09-03,82.3297,4.410731917431474,0.007216577689755255
2021-09-07,79.3131,4.373403310457812,-0.037328606973662026
2021-09-08,78.9584,4.3689211314954015,-0.0044821789624105435
2021-09-09,80.384,4.386815151405679,0.01789401991027706
2021-09-10,80.2836,4.385565365972045,-0.0012497854336332992
2021-09-13,80.2615,4.385290053924034,-0.00027531204801167775
2021-09-14,79.3378,4.373714685939446,-0.01157536798458736
2021-09-15,78.8512,4.367562532063059,-0.006152153876387345
2021-09-16,78.4636,4.362634822981415,-0.004927709081643528
2021-09-17,78.142,4.35852768438512,-0.004107138596295634
2021-09-20,76.9544,4.34321303863718,-0.015314645747939615
2021-09-21,76.1874,4.333196094689358,-0.010016943947822377
2021-09-22,76.8884,4.342355019879733,0.0091589251903752
2021-09-23,78.245,4.359844929615135,0.017489909735401987
2021-09-24,77.1625,4.345913587720014,-0.013931341895120575
2021-09-27,76.7399,4.340421781716576,-0.005491806003438349
2021-09-28,74.975,4.317154724635072,-0.023267057081503673
2021-09-29,75.6926,4.326680401371878,0.009525676736805266
2021-09-30,75.015,4.317688093538977,-0.008992307832900615
2021-10-01,75.4091,4.322927957386672,0.005239863847695148
2021-10-04,75.3792,4.322531374888005,-0.00039658249866736384
2021-10-05,77.3557,4.348414265318893,0.025882890430888317
2021-10-06,78.7656,4.366476353325567,0.018062088006673527
2021-10-07,78.6945,4.365573267339565,-0.0009030859860015283
2021-10-08,78.0842,4.357787731641761,-0.007785535697804491
2021-10-11,76.7317,4.340314921554724,-0.017472810087036272
2021-10-12,77.759,4.353614299987187,0.013299378432463094
2021-10-13,75.94,4.3299435548036564,-0.02367074518353096
2021-10-14,78.4389,4.362319977772397,0.032376422968740215
2021-10-15,78.142,4.35852768438512,-0.003792293387276935
2021-10-18,81.3399,4.398636671070897,0.04010898668577756
2021-10-19,79.6594,4.377760045714085,-0.020876625356812006
2021-10-20,81.0862,4.395512786346531,0.017752740632445807
2021-10-21,80.5274,4.388597499181689,-0.006915287164842354
2021-10-22,80.7114,4.390879829239613,0.00228233005792422
2021-10-25,80.2038,4.384570895296133,-0.006308933943479644
2021-10-26,80.4182,4.387240518726719,0.0026696234305854105
2021-10-27,81.8037,4.404322474859591,0.017081956132872556
2021-10-28,84.2449,4.433728033275578,0.02940555841598691
2021-10-29,83.6263,4.426358063917995,-0.0073699693575832725
2021-11-01,83.4119,4.423790985037362,-0.0025670788806326783
2021-11-02,83.6428,4.426555350805454,0.002764365768091359
2021-11-03,83.3707,4.423296928692899,-0.003258422112554449
2021-11-04,85.2808,4.445949341236574,0.02265241254367467
2021-11-05,84.4181,4.4357818335860335,-0.010167507650540308
2021-11-08,84.6572,4.438610161075486,0.002828327489452498
2021-11-09,86.2819,4.457619842604405,0.01900968152891913
2021-11-10,85.0366,4.443081752049099,-0.014538090555306304
2021-11-11,85.0448,4.4431781764671285,9.64244180297058e-05
2021-11-12,87.8324,4.475430453070891,0.03225227660376273
2021-11-15,88.1623,4.479179433993513,0.0037489809226221027
2021-11-16,89.7457,4.4969801153571165,0.017800681363603132
2021-11-17,90.8496,4.509205391970627,0.012225276613510694
2021-11-18,90.259,4.502683315232673,-0.00652207673795413
2021-11-19,90.0565,4.500437251138005,-0.0022460640946677657
2021-11-22,89.6685,4.496119536821365,-0.0043177143166399645
2021-11-23,88.9087,4.487610000498765,-0.008509536322600653
2021-11-24,87.0901,4.466943214941445,-0.020666785557319933
2021-11-26,84.8882,4.441335096614127,-0.025608118327317797
2021-11-29,84.9129,4.4416260252379605,0.0002909286238335085
2021-11-30,84.5462,4.43729813051436,-0.0043278947236000676
2021-12-01,82.8276,4.416761339181335,-0.02053679133302566
2021-12-02,86.1911,4.456566924079318,0.03980558489798369
2021-12-03,87.238,4.468640015807,0.012073091727681451
2021-12-06,87.5004,4.471643364781691,0.0030033489746914555
2021-12-07,88.6558,4.484761456211964,0.01311809143027265
2021-12-08,90.1992,4.5020205578496455,0.017259101637681518
2021-12-09,89.078,4.48951239040834,-0.012508167441305673
2021-12-10,88.8754,4.4872353888165115,-0.0022770015918283093
2021-12-13,87.8114,4.475191332759214,-0.012044056057297858
2021-12-14,85.5727,4.449366307046583,-0.025825025712630456
2021-12-15,87.42,4.470724089435168,0.0213577823885851
2021-12-16,86.5046,4.460197591714622,-0.010526497720546146
2021-12-17,84.7235,4.439393012998829,-0.020804578715793554
2021-12-20,80.1543,4.383953527023845,-0.055439485974983604
2021-12-21,82.1089,4.408046414967949,0.02409288794410358
2021-12-22,84.4957,4.436700645494347,0.028654230526398372
2021-12-23,84.7397,4.4395842049514105,0.0028835594570635337
2021-12-27,86.3974,4.458957582764627,0.01937337781321613
2021-12-28,87.3458,4.469874952997051,0.01091737023242434
2021-12-29,89.677,4.49621432592961,0.026339372932558724
2021-12-30,87.2386,4.4686468935201145,-0.02756743240949522
2021-12-31,88.1623,4.479179433993513,0.01053254047339891
2022-01-03,86.3232,4.458098391625126,-0.021081042368387592
2022-01-04,88.5004,4.483007071777681,0.02490868015255554
2022-01-05,87.5576,4.472296862502854,-0.010710209274827243
2022-01-06,88.1652,4.479212327331198,0.006915464828344042
2022-01-07,85.2042,4.445050728394921,-0.03416159893627668
2022-01-10,82.7769,4.416149036960271,-0.028901691434650267
2022-01-11,86.5372,4.460574379292949,0.04442534233267814
2022-01-12,88.1328,4.478844767853896,0.018270388560946316
2022-01-13,87.3388,4.469794808553823,-0.009049959300072352
2022-01-14,83.6923,4.4271469780425825,-0.04264783051124077
2022-01-18,82.7264,4.41553877720633,-0.011608200836252358
2022-01-19,79.9563,4.381480235424997,-0.034058541781333496
2022-01-20,81.1957,4.396862290100407,0.01538205467541065
2022-01-21,77.8616,4.354932891675765,-0.04192939842464227
2022-01-24,80.7151,4.390925670535815,0.03599277886004959
2022-01-25,80.0515,4.382670177555734,-0.00825549298008088
2022-01-26,75.9895,4.330595172846913,-0.052075004708820316
2022-01-27,74.7771,4.314511688374415,-0.016083484472498633
2022-01-28,76.2864,4.334494678628528,0.019982990254113098
2022-01-31,77.6636,4.352386679139498,0.01789200051096973
2022-02-01,79.001,4.369460510614755,0.01707383147525743
2022-02-02,79.8583,4.3802538141558065,0.010793303541051458
2022-02-03,76.5195,4.337545610311289,-0.042708203844517456
2022-02-04,73.738,4.300518270116511,-0.03702734019477827
2022-02-07,73.606,4.298726544151244,-0.0017917259652664441
2022-02-08,75.008,4.317594774514492,0.018868230363247918
2022-02-09,76.9214,4.3427841212829765,0.025189346768484278
2022-02-10,73.9112,4.302864372627651,-0.03991974865532555
2022-02-11,73.2349,4.293672083302007,-0.009192289325643976
2022-02-14,73.5978,4.298615133983729,0.00494305068172185
2022-02-15,74.5627,4.311640382168033,0.013025248184304061
2022-02-16,76.6207,4.338867275226593,0.027226893058560186
2022-02-17,73.705,4.300070639499242,-0.03879663572735126
2022-02-18,73.2266,4.293558742935987,-0.00651189656325446
2022-02-22,72.5588,4.28439726763264,-0.009161475303347544
2022-02-23,70.8181,4.260114617744367,-0.024282649888272445
2022-02-24,70.1422,4.250524610059884,-0.009590007684483481
2022-02-25,74.2354,4.307241125351374,0.05671651529149013
2022-02-28,73.3241,4.294889340666128,-0.012351784685246336
2022-03-01,69.1525,4.236314210747202,-0.05857512991892566
2022-03-02,71.1896,4.265346740333316,0.029032529586113576
2022-03-03,71.7669,4.273423366974209,0.008076626640893814
2022-03-04,69.9278,4.247463281189439,-0.025960085784770826
2022-03-07,68.3543,4.224704472676118,-0.022758808513320794
2022-03-08,67.1072,4.206291340754663,-0.018413131921454884
2022-03-09,70.0762,4.249583221413683,0.04329188065902034
2022-03-10,69.5154,4.2415483107587315,-0.008034910654951766
2022-03-11,69.1773,4.236672774126397,-0.00487553663233431
2022-03-14,68.0639,4.220446969811293,-0.016225804315103787
2022-03-15,71.1471,4.264749564745249,0.0443025949339555
2022-03-16,70.5298,4.256035315543304,-0.008714249201944746
2022-03-17,72.8095,4.287846441194468,0.03181112565116351
2022-03-18,71.6927,4.272388929312087,-0.015457511882380537
2022-03-21,68.6412,4.228892937544372,-0.043495991767715125
2022-03-22,69.7971,4.245592461627278,0.01669952408290598
2022-03-23,67.1139,4.206391176026548,-0.039201285600729996
2022-03-24,65.4517,4.181312466044564,-0.025078709981984026
2022-03-25,65.477,4.181698935937184,0.00038646989261970077
2022-03-28,65.8061,4.1867125392015865,0.005013603264402811
2022-03-29,67.8818,4.217767957398064,0.031055418196477724
2022-03-30,65.5698,4.183115224095491,-0.03465273330257279
2022-03-31,62.6757,4.13797381270955,-0.04514141138594141
2022-04-01,63.1987,4.1462837313210015,0.008309918611451472
2022-04-04,62.1919,4.130224766184726,-0.016058965136275916
2022-04-05,62.9878,4.142941056845146,0.012716290660420349
2022-04-06,60.0312,4.094864427068952,-0.04807662977619387
2022-04-07,60.6927,4.1058234272417735,0.010959000172821476
2022-04-08,60.1136,4.096236105459022,-0.009587321782751346
2022-04-11,60.2034,4.097728829125246,0.001492723666223661
2022-04-12,59.3428,4.083330799458936,-0.014398029666310208
2022-04-13,60.1611,4.097025964048892,0.013695164589956121
2022-04-14,57.4333,4.050624274482553,-0.04640168956633861
2022-04-18,56.8725,4.0408119202610635,-0.009812354221489628
2022-04-19,60.5241,4.1030416328250885,0.062229712564024986
2022-04-20,61.1991,4.114132483527795,0.011090850702706767
2022-04-21,61.3509,4.116609840975968,0.002477357448173123
2022-04-22,59.5115,4.086169571186855,-0.030440269789113295
2022-04-25,60.3281,4.099797998504064,0.013628427317208924
2022-04-26,60.9712,4.110401621536767,0.010603623032703346
2022-04-27,61.7728,4.123463138128411,0.013061516591643674
2022-04-28,64.1607,4.161390873723182,0.037927735594770695
2022-04-29,58.7611,4.073480071348291,-0.0879108023748909
2022-05-02,60.0684,4.095483912915527,0.022003841567236115
2022-05-03,60.9796,4.110539382010881,0.015055469095353935
2022-05-04,65.2491,4.1782122530042285,0.06767287099334762
2022-05-05,60.1879,4.097471335434495,-0.08074091756973356
2022-05-06,59.8322,4.091543977576653,-0.0059273578578418196
2022-05-09,60.0937,4.095905010755426,0.0043610331787728995
2022-05-10,58.5242,4.069440343911484,-0.026464666843941664
2022-05-11,56.1617,4.028235029914679,-0.04120531399680516
2022-05-12,57.9422,4.059445961934468,0.031210932019789084
2022-05-13,58.769,4.073614504995703,0.014168543061234828
2022-05-16,57.9422,4.059445961934468,-0.014168543061234828
2022-05-17,59.1149,4.079483007695614,0.0200370457611454
2022-05-18,54.6045,4.000116296937135,-0.07936671075847901
2022-05-19,54.7942,4.003584348936525,0.003468051999390376
2022-05-20,55.0664,4.00853972979203,0.004955380855505176
2022-05-23,55.6684,4.0194126609884275,0.010872931196397317
2022-05-24,54.2417,3.993449985323875,-0.02596267566455257
2022-05-25,55.6519,4.019116219097401,0.02566623377352606
2022-05-26,57.6807,4.054922628825384,0.0358064097279831
2022-05-27,58.1013,4.062188038822691,0.007265409997306627
2022-05-31,57.1941,4.046450746212603,-0.015737292610087827
2022-06-01,56.4519,4.0333889481337675,-0.013061798078835452
2022-06-02,58.3487,4.0664370791356195,0.033048131001852
2022-06-03,60.0306,4.094854432216301,0.028417353080681274
2022-06-06,59.9797,4.094006171641133,-0.0008482605751680694
2022-06-07,60.1238,4.096405769806795,0.0023995981656623755
2022-06-08,58.5054,4.069119057670026,-0.027286712136769253
2022-06-09,58.5394,4.069700031809096,0.0005809741390701006
2022-06-10,55.2349,4.0115949998763245,-0.05810503193277139
2022-06-13,52.6252,3.963195092470383,-0.048399907405941356
2022-06-14,51.9559,3.950395281837665,-0.012799810632718067
2022-06-15,52.6338,3.9633584989253015,0.01296321708763637
2022-06-16,49.4055,3.9000617540288696,-0.06329674489643189
2022-06-17,49.3631,3.89920318151484,-0.000858572514029543
2022-06-21,49.4055,3.9000617540288696,0.000858572514029543
2022-06-22,49.5751,3.903488691549564,0.003426937520694562
2022-06-23,51.9728,3.9507205048058918,0.04723181325632764
2022-06-24,53.5827,3.9812262547841217,0.030505749978229968
2022-06-27,53.2776,3.97551598017253,-0.005710274611591792
2022-06-28,51.7949,3.947291688819911,-0.028224291352618724
2022-06-29,51.312,3.937924642950799,-0.00936704586911219
2022-06-30,50.7358,3.9266317758140814,-0.011292867136717621
2022-07-01,52.2863,3.956734386469101,0.030102610655019735
2022-07-05,53.3455,3.976789625549166,0.02005523908006479
2022-07-06,52.5066,3.9609388759819137,-0.015850749567252187
2022-07-07,53.1421,3.972969457804511,0.01203058182259742
2022-07-08,52.3966,3.9588417037256582,-0.014127754078852917
2022-07-11,52.2694,3.9564111137991813,-0.0024305899264769337
2022-07-12,52.9303,3.9689759537170497,0.012564839917868387
2022-07-13,51.7263,3.945966356230232,-0.023009597486817857
2022-07-14,50.9345,3.9305404935611397,-0.015425862669092183
2022-07-15,51.8665,3.9486731097034093,0.018132616142269686
2022-07-18,52.0562,3.9523239042015925,0.003650794498183174
2022-07-19,53.9448,3.9879613015165902,0.03563739731499771
2022-07-20,54.4973,3.998151159157585,0.01018985764099467
2022-07-21,55.8499,4.022667735003311,0.024516575845725974
2022-07-22,56.4189,4.032804208751388,0.010136473748077357
2022-07-25,55.5035,4.016446081827061,-0.016358126924327365
2022-07-26,54.72,4.002229273314295,-0.014216808512766299
2022-07-27,55.2231,4.011381344006312,0.009152070692017844
2022-07-28,57.2189,4.046884263389644,0.03550291938333139
2022-07-29,57.4663,4.051198689030687,0.004314425641043229
2022-08-01,57.4003,4.050049529792699,-0.0011491592379879734
2022-08-02,55.7756,4.021336497768579,-0.02871303202412001
2022-08-03,55.0334,4.007940273644277,-0.013396224124302414
2022-08-04,55.9406,4.024290413493912,0.01635013984963507
2022-08-05,55.454,4.015553848255038,-0.00873656523887334
2022-08-08,56.1468,4.02796968935564,0.012415841100601455
2022-08-09,53.4829,3.979361976642406,-0.04860771271323383
2022-08-10,55.9818,4.025026637911203,0.045664661268797424
2022-08-11,56.955,4.042261482351876,0.017234844440672248
2022-08-12,57.3096,4.048468148954574,0.0062066666026980855
2022-08-15,58.463,4.068394075506346,0.019925926551771944
2022-08-16,57.7714,4.056493843531039,-0.011900231975306319
2022-08-17,56.3282,4.031195297842541,-0.02529854568849821
2022-08-18,58.6326,4.071290855890878,0.04009555804833642
2022-08-19,55.7591,4.021040625719425,-0.05025023017145269
2022-08-22,55.5823,4.017864805250166,-0.0031758204692584613
2022-08-23,55.1671,4.010366761103052,-0.007498044147114413
2022-08-24,55.6501,4.0190838746651325,0.008717113562080492
2022-08-25,55.3138,4.01302242531682,-0.006061449348312209
2022-08-26,53.5568,3.98074277295894,-0.032279652357880106
2022-08-29,51.4211,3.940048594063226,-0.04069417889571403
2022-08-30,51.3469,3.9386045645424876,-0.0014440295207385212
2022-08-31,52.272,3.9564608548587143,0.01785629031622671
2022-09-01,50.5222,3.922412843644198,-0.03404801121451628
2022-09-02,51.5316,3.9421952117319554,0.01978236808775735
2022-09-06,50.9189,3.930234170942121,-0.01196104078983451
2022-09-07,53.0633,3.9714855405185756,0.0412513695764547
2022-09-08,52.0479,3.9521644484257377,-0.019321092092837944
2022-09-09,53.351,3.9768927217145484,0.024728273288810776
2022-09-12,53.4829,3.979361976642406,0.002469254927857545
2022-09-13,52.0081,3.9513994756814297,-0.0279625009609763
2022-09-14,49.3758,3.899460425621672,-0.05193905005975763
2022-09-15,51.1572,3.9349032449548726,0.03544281933320059
2022-09-16,51.0381,3.9325724126383115,-0.002330832316561171
2022-09-19,51.353,3.938723357258102,0.00615094461979071
2022-09-20,48.4439,3.8804064274175523,-0.058316929840549925
2022-09-21,47.2563,3.8555859783849864,-0.02482044903256586
2022-09-22,45.8873,3.8261883903280283,-0.029397588056958135
2022-09-23,45.8625,3.8256477896814003,-0.0005406006466279756
2022-09-26,44.4605,3.7946011545366916,-0.031046635144708734
2022-09-27,44.6419,3.7986728798913028,0.0040717253546112
2022-09-28,46.58,3.841171264456195,0.04249838456489208
2022-09-29,46.4006,3.837312390183087,-0.0038588742731078263
2022-09-30,45.6859,3.8217897163769288,-0.015522673806158238
2022-10-03,47.4898,3.8605149511392334,0.038725234762304606
2022-10-04,50.1701,3.915419231717217,0.05490428057798358
2022-10-05,49.498,3.9019322647179755,-0.013486966999241456
2022-10-06,50.1106,3.914232562557902,0.0123002978399267
2022-10-07,48.2981,3.877392222410668,-0.03684034014723414
2022-10-10,48.5194,3.8819637179647644,0.004571495554096305
2022-10-11,48.7747,3.8872117357983065,0.005248017833542118
2022-10-12,47.0089,3.8503369454855223,-0.03687479031278418
2022-10-13,48.7662,3.8870374499341915,0.036700504448669236
2022-10-14,45.7636,3.823489015305787,-0.06354843462840432
2022-10-17,46.077,3.830313910101601,0.0068248947958138295
2022-10-18,49.115,3.894164487126833,0.063850577025232
2022-10-19,46.8091,3.846077628466175,-0.048086858660658205
2022-10-20,44.0729,3.7858450810909683,-0.06023254737520656
2022-10-21,45.4584,3.8167976220285045,0.030952540937536188
2022-10-24,45.9038,3.8265479023107303,0.009750280282225798
2022-10-25,50.0596,3.9132142955601985,0.08666639324946823
2022-10-26,49.8724,3.90946774352538,-0.003746552034818329
2022-10-27,50.3829,3.919651831792617,0.010184088267236824
2022-10-28,50.6129,3.9242064845130216,0.004554652720404562
2022-10-31,49.7469,3.906948150105367,-0.017258334407654452
2022-11-01,51.0892,3.933573124578496,0.026624974473128837
2022-11-02,47.5367,3.861502044293419,-0.07207108028507703
2022-11-03,45.7718,3.823668180962395,-0.03783386333102401
2022-11-04,47.3883,3.858375362789111,0.03470718182671595
2022-11-07,48.2212,3.8757987583828193,0.017423395593708424
2022-11-08,48.0398,3.8720298340057813,-0.0037689243770380187
2022-11-09,47.9326,3.86979585747538,-0.0022339765304013603
2022-11-10,54.1757,3.9922324684280093,0.12243661095262937
2022-11-11,57.2243,4.046978633347911,0.05474616491990192
2022-11-14,55.6841,4.019694648372708,-0.027283984975203346
2022-11-15,57.2839,4.048019606926782,0.02832495855407391
2022-11-16,55.9224,4.02396501545952,-0.02405459146726141
2022-11-17,54.3992,3.9963494478714114,-0.027615567588108902
2022-11-18,54.8076,4.003828870469325,0.007479422597913121
2022-11-21,52.7654,3.9658556728770353,-0.03797319759228923
2022-11-22,55.2502,4.011871960300812,0.04601628742377706
2022-11-23,54.6045,4.000116296937135,-0.011755663363677726
2022-11-25,55.2066,4.01108251135309,0.010966214415955022
2022-11-28,55.4553,4.015577290833795,0.004494779480705091
2022-11-29,54.2169,3.992992667961633,-0.022584622872161564
2022-11-30,53.887,3.9868892614405524,-0.0061034065210807675
2022-12-01,54.0685,3.990251761192938,0.0033624997523853395
2022-12-02,52.4355,3.9595838428564285,-0.03066791833650928
2022-12-05,52.5325,3.961432025685689,0.0018481828292604696
2022-12-06,50.1511,3.915040448364801,-0.046391577320887833
2022-12-07,51.1395,3.934557192732726,0.019516744367924943
2022-12-08,51.9343,3.949979458202496,0.01542226546976977
2022-12-09,49.7552,3.9071149807555594,-0.042864477446936444
2022-12-12,52.9085,3.9685640064858205,0.06144902573026112
2022-12-13,52.1386,3.9539055573585222,-0.0146584491272983
2022-12-14,51.05,3.9328055446106744,-0.021100012747847785
2022-12-15,57.62,4.053869729656382,0.1210641850457077
2022-12-16,57.13,4.045329372736371,-0.008540356920010872
2022-12-19,55.15,4.0100567456995115,-0.03527262703685974
2022-12-20,55.33,4.013315256910018,0.003258511210506576
2022-12-21,56.44,4.033178126984613,0.019862870074595307
2022-12-22,56.5,4.034240638152395,0.0010625111677819987
2022-12-23,56.83,4.04006435530903,0.005823717156634878
2022-12-27,56.76,4.038831852291842,-0.0012325030171886908
2022-12-28,55.82,4.022132228108176,-0.016699624183665662
2022-12-29,57.61,4.053696163744291,0.03156393563611548
2022-12-30,57.11,4.044979232676772,-0.008716931067519695
2023-01-03,57.98,4.06009812349351,0.015118890816737895
2023-01-04,60.43,4.101485670373467,0.041387546879957604
2023-01-05,59.3,4.08260930600368,-0.018876364369787346
2023-01-06,60.87,4.108740442505833,0.02613113650215304
2023-01-09,61.18,4.113820338722757,0.0050798962169240625
2023-01-10,61.29,4.11561669749764,0.0017963587748832666
2023-01-11,61.97,4.126650396974016,0.01103369947637578
2023-01-12,62.67,4.137882864236584,0.01123246726256788
2023-01-13,63.31,4.148043294556035,0.01016043031945113
2023-01-17,62.47,4.134686441505479,-0.013356853050556339
2023-01-18,61.71,4.122445992332976,-0.012240449172502998
2023-01-19,59.86,4.0920085024245525,-0.03043748990842321
2023-01-20,61.99,4.126973081713828,0.034964579289275655
2023-01-23,63.07,4.14424522067556,0.017272138961732075
2023-01-24,62.85,4.140750935036256,-0.0034942856393040955
2023-01-25,62.73,4.138839802108651,-0.0019111329276046973
2023-01-26,62.77,4.13947725232944,0.000637450220788871
2023-01-27,63.06,4.144086654116915,0.0046094017874747095
2023-01-30,61.27,4.115290326737563,-0.028796327379351894
2023-01-31,64.51,4.16682025054415,0.05152992380658716
2023-02-01,66.1,4.191168746857641,0.024348496313490564
2023-02-02,67.15,4.206928922969246,0.015760176111605517
2023-02-03,66.23,4.193133532496888,-0.013795390472358449
2023-02-06,64.38,4.164803025870662,-0.028330506626225826
2023-02-07,65.27,4.178532512647126,0.013729486776464128
2023-02-08,63.67,4.153713494028934,-0.024819018618192246
2023-02-09,63.23,4.146778872070522,-0.006934621958412102
2023-02-10,63.43,4.149936935645806,0.0031580635752836983
2023-02-13,64.89,4.1726935286330775,0.02275659298727195
2023-02-14,65.03,4.174848701881061,0.0021551732479831998
2023-02-15,64.77,4.170842533194826,-0.004006168686235156
2023-02-16,64.49,4.166510173022286,-0.004332360172539573
2023-02-17,64.35,4.164336934042136,-0.002173238980150316
2023-02-21,60.91,4.109397364848393,-0.054939569193742877
2023-02-22,62.08,4.128423875874963,0.019026511026570603
2023-02-23,62.05,4.127940511650616,-0.0004833642243475822
2023-02-24,61.46,4.1183865567023386,-0.009553954948277266
2023-02-27,61.18,4.113820338722757,-0.004566217979581566
2023-02-28,61.95,4.126327608075152,0.012507269352394879
2023-03-01,60.69,4.105778939847764,-0.02054866822738788
2023-03-02,61.45,4.118223836012044,0.012444896164280017
2023-03-03,62.56,4.136126096237056,0.017902260225011624
2023-03-06,60.8,4.107589788972121,-0.02853630726493428
2023-03-07,60.24,4.098336583491638,-0.009253205480483473
2023-03-08,60.74,4.106602459617603,0.008265876125965299
2023-03-09,59.29,4.0824406577192764,-0.02416180189832673
2023-03-10,57.08,4.0444537926086355,-0.03798686511064098
2023-03-13,56.94,4.041998081849892,-0.0024557107587437343
2023-03-14,57.54,4.052480358123402,0.010482276273510394
2023-03-15,56.22,4.029272565478386,-0.02320779264501649
2023-03-16,57.35,4.04917284357538,0.01990027809699413
2023-03-17,56.96,4.04234926710372,-0.006823576471659543
2023-03-20,57.95,4.059580569785761,0.017231302682040983
2023-03-21,58.62,4.071075935282746,0.01149536549698471
2023-03-22,57.02,4.043402083484526,-0.027673851798219573
2023-03-23,56.99,4.0428758138469085,-0.0005262696376178155
2023-03-24,57.03,4.043577445168448,0.0007016313215393311
2023-03-27,56.66,4.03706849440237,-0.006508950766077604
2023-03-28,57.1,4.044804116661965,0.007735622259594344
2023-03-29,57.68,4.054910492976694,0.010106376314729104
2023-03-30,57.34,4.048998460455224,-0.005912032521469435
2023-03-31,58.73,4.072950669534428,0.023952209079204145
2023-04-03,58.49,4.068855799454934,-0.004094870079494051
2023-04-04,56.18,4.0285608216760975,-0.04029497777883684
2023-04-05,55.09,4.008968211484625,-0.019592610191472737
2023-04-06,55.5,4.0163830207523885,0.007414809267763722
2023-04-10,56.79,4.039360253889341,0.022977233136952435
2023-04-11,58.64,4.071417057578396,0.032056803689054725
2023-04-12,58.24,4.06457240388843,-0.006844653689965341
2023-04-13,58.97,4.077028840012413,0.012456436123982506
2023-04-14,58.68,4.072098953274781,-0.004929886737631506
2023-04-17,58.96,4.076859247881081,0.004760294606299453
2023-04-18,59.58,4.0873199472851365,0.010460699404055696
2023-04-19,60.51,4.10280864063423,0.015488693349093197
2023-04-20,60.86,4.108576144468825,0.005767503834595011
2023-04-21,60.58,4.103964805599091,-0.00461133886973375
2023-04-24,61.23,4.114637265489863,0.010672459890772146
2023-04-25,60.03,4.094844437263752,-0.019792828226111503
2023-04-26,59.62,4.087991088249925,-0.006853349013826282
2023-04-27,63.15,4.1455128487965,0.05752176054657454
2023-04-28,64.69,4.169606630055894,0.024093781259393765
2023-05-01,64.21,4.162158961805957,-0.007447668249936257
2023-05-02,63.11,4.144879235596148,-0.017279726209809
2023-05-03,63.22,4.146620706787472,0.001741471191323285
2023-05-04,62.4,4.133565275375382,-0.013055431412089646
2023-05-05,63.85,4.156536582478548,0.022971307103166083
2023-05-08,65.89,4.187986684925728,0.03145010244718005
2023-05-09,65.61,4.1837281233567865,-0.004258561568941666
2023-05-10,65.32,4.179298268102264,-0.00442985525452233
2023-05-11,65.4,4.180522258463153,0.001223990360888827
2023-05-12,65.25,4.178226046202803,-0.002296212260350039
2023-05-15,65.71,4.1852511209097765,0.007025074706973555
2023-05-16,64.67,4.169297415458502,-0.015953705451274836
2023-05-17,65.45,4.181286492355909,0.011989076897407358
2023-05-18,66.83,4.2021520815229785,0.020865589167069487
2023-05-19,65.39,4.180369341573185,-0.02178273994979385
2023-05-22,64.58,4.167904765330129,-0.012464576243055525
2023-05-23,62.86,4.140910031369422,-0.026994733960707507
2023-05-24,62.18,4.130033404630607,-0.010876626738814288
2023-05-25,62.04,4.127779338308338,-0.0022540663222692103
2023-05-26,62.18,4.130033404630607,0.0022540663222692103
2023-05-30,61.6,4.120661870539474,-0.009371534091132894
2023-05-31,60.45,4.101816577060802,-0.018845293478672254
2023-06-01,61.27,4.115290326737563,0.01347374967676096
2023-06-02,64.31,4.163715140146772,0.04842481340920912
2023-06-05,63.0,4.143134726391533,-0.020580413755239668
2023-06-06,65.26,4.178379291165174,0.035244564773641684
2023-06-07,66.63,4.199154926574446,0.02077563540927141
2023-06-08,66.55,4.197953544841121,-0.0012013817333249577
2023-06-09,65.76,4.186011750747925,-0.011941794093195846
2023-06-12,66.85,4.202451303547952,0.01643955280002718
2023-06-13,67.18,4.207375584184147,0.0049242806361951
2023-06-14,66.03,4.19010918420648,-0.017266399977667213
2023-06-15,67.31,4.209308814022622,0.019199629816141872
2023-06-16,66.99,4.204543354520176,-0.004765459502445779
2023-06-20,67.38,4.2103482379784065,0.005804883458230492
2023-06-21,67.74,4.215676847389625,0.005328609411218821
2023-06-22,67.42,4.2109417098059145,-0.004735137583710802
2023-06-23,67.57,4.213164097564083,0.0022223877581684093
2023-06-26,67.67,4.2146429502441345,0.0014788526800515456
2023-06-27,70.4,4.254193263163997,0.03955031291986266
2023-06-28,70.76,4.259293869291585,0.005100606127587781
2023-06-29,71.85,4.274580612525034,0.015286743233448696
2023-06-30,71.95,4.2759714333333765,0.001390820808342852
2023-07-03,70.86,4.260706099437326,-0.01526533389605067
2023-07-05,70.08,4.249637446628136,-0.011068652809189672
2023-07-06,68.81,4.231349083214389,-0.018288363413747177
2023-07-07,69.08,4.235265253278478,0.003916170064089286
2023-07-10,70.79,4.259717747786098,0.024452494507619882
2023-07-11,71.73,4.272909070138343,0.013191322352245294
2023-07-12,72.97,4.290048397777529,0.017139327639185353
2023-07-13,74.62,4.312408567793012,0.022360170015483405
2023-07-14,73.7,4.300002799195291,-0.012405768597720801
2023-07-17,74.44,4.30999343177405,0.00999063257875843
2023-07-18,73.87,4.302306791540646,-0.007686640233403708
2023-07-19,73.3,4.294560608892605,-0.0077461826480407225
2023-07-20,71.74,4.273048472104136,-0.021512136788468972
2023-07-21,71.51,4.2698373000603045,-0.0032111720438319225
2023-07-24,72.89,4.2889514553941215,0.019114155333816996
2023-07-25,74.1,4.3054155323020415,0.016464076907920067
2023-07-26,75.77,4.327702435943282,0.022286903641240308
2023-07-27,75.15,4.319486116198983,-0.008216319744298595
2023-07-28,71.73,4.272909070138343,-0.04657704606063984
2023-07-31,71.07,4.263665306838804,-0.009243763299539687
2023-08-01,72.0,4.276666119016055,0.013000812177251575
2023-08-02,71.06,4.263524590592881,-0.01314152842317462
2023-08-03,69.81,4.24577726598231,-0.01774732461057038
2023-08-04,70.64,4.257596556295705,0.011819290313394681
2023-08-07,71.52,4.269977130865259,0.012380574569553993
2023-08-08,71.31,4.267036570040212,-0.0029405608250465676
2023-08-09,72.07,4.27763786893635,0.010601298896137479
2023-08-10,72.23,4.2798554720627555,0.0022176031264056206
2023-08-11,71.79,4.273745190588392,-0.006110281474363433
2023-08-14,71.94,4.275832438267478,0.0020872476790856354
2023-08-15,70.95,4.261975403606051,-0.013857034661426404
2023-08-16,69.67,4.2437698090420275,-0.01820559456402382
2023-08-17,66.8,4.2017030805426,-0.042066728499427164
2023-08-18,66.51,4.19735231229633,-0.004350768246270675
2023-08-21,66.17,4.192227188023968,-0.005125124272361781
2023-08-22,65.8,4.186619838331271,-0.005607349692696495
2023-08-23,67.06,4.205587741038083,0.01896790270681148
2023-08-24,66.46,4.196600262926448,-0.008987478111635028
2023-08-25,65.94,4.188745237643585,-0.007855025282863082
2023-08-28,66.38,4.195395806291828,0.006650568648243649
2023-08-29,68.57,4.227855121296273,0.03245931500444499
2023-08-30,68.81,4.231349083214389,0.0034939619181155734
2023-08-31,69.02,4.234396317669857,0.003047234455467951
2023-09-01,70.26,4.252202646837681,0.017806329167823876
2023-09-05,66.7,4.200204952921578,-0.05199769391610243
2023-09-06,66.5,4.197201947661808,-0.003003005259770042
2023-09-07,65.43,4.180980868881647,-0.01622107878016088
2023-09-08,65.59,4.183423245305645,0.002442376423997139
2023-09-11,65.43,4.180980868881647,-0.002442376423997139
2023-09-12,65.02,4.174694914875759,-0.006285954005888605
2023-09-13,64.17,4.161535811762424,-0.01315910311333468
2023-09-14,64.76,4.170688128809434,0.00915231704701025
2023-09-15,64.0,4.1588830833596715,-0.011805045449762908
2023-09-18,64.43,4.1655793631505516,0.006696279790880055
2023-09-19,64.5,4.1666652238017265,0.0010858606511749969
2023-09-20,64.19,4.161847435323687,-0.004817788478039375
2023-09-21,63.66,4.1535564218539465,-0.008291013469740705
2023-09-22,62.68,4.13804241748782,-0.0155140043661266
2023-09-25,62.62,4.1370847158982595,-0.0009577015895603225
2023-09-26,61.62,4.120986493168521,-0.016098222729738154
2023-09-27,62.43,4.134045929073653,0.0130594359051317
2023-09-28,62.77,4.13947725232944,0.005431323255787213
2023-09-29,62.16,4.129711706059392,-0.009765546270048553
2023-10-02,60.85,4.108411819433536,-0.021299886625855358
2023-10-03,59.49,4.085808231199814,-0.022603588233722327
2023-10-04,60.51,4.10280864063423,0.01700040943441561
2023-10-05,60.59,4.104129862956897,0.0013212223226677366
2023-10-06,60.12,4.0963425648847736,-0.0077872980721238605
2023-10-09,60.56,4.103634609129194,0.007292044244420204
2023-10-10,61.09,4.112348186661675,0.008713577532481587
2023-10-11,62.47,4.134686441505479,0.022338254843803362
2023-10-12,59.74,4.090001812787964,-0.04468462871751466
2023-10-13,59.14,4.079907514424331,-0.010094298363632959
2023-10-16,60.77,4.107096246147264,0.02718873172293268
2023-10-17,61.13,4.113002744040634,0.005906497893370499
2023-10-18,58.74,4.073120925770474,-0.03988181827016035
2023-10-19,57.6,4.053522567701846,-0.019598358068628308
2023-10-20,57.44,4.050740924739968,-0.0027816429618772176
2023-10-23,57.53,4.052306550875202,0.0015656261352336998
2023-10-24,57.09,4.044628969976168,-0.00767758089903392
2023-10-25,55.23,4.011506283913096,-0.03312268606307178
2023-10-26,55.91,4.0237432550385535,0.012236971125457075
2023-10-27,55.19,4.01078177745141,-0.012961477587143833
2023-10-30,55.75,4.020877410340228,0.010095632888818429
2023-10-31,55.8,4.021773869387265,0.000896459047036835
2023-11-01,57.85,4.0578534536396855,0.03607958425242064
2023-11-02,59.46,4.085303817569952,0.02745036393026634
2023-11-03,61.76,4.123255905716521,0.03795208814656892
2023-11-06,60.62,4.104624871629657,-0.018631034086864062
2023-11-07,60.88,4.1089047135534305,0.004279841923773731
2023-11-08,61.49,4.118874559965378,0.009969846411947536
2023-11-09,60.15,4.096841442420688,-0.02203311754468995
2023-11-10,61.0,4.110873864173311,0.014032421752623314
2023-11-13,59.84,4.091674333666222,-0.019199530507089335
2023-11-14,65.43,4.180980868881647,0.08930653521542542
2023-11-15,65.92,4.188441885601216,0.0074610167195690025
2023-11-16,66.16,4.1920760507154355,0.003634165114219101
2023-11-17,67.24,4.208268308540415,0.01619225782497935
2023-11-20,66.08,4.190866129212723,-0.017402179327691947
2023-11-21,65.91,4.188290175064629,-0.002575954148094084
2023-11-22,66.04,4.190260619051927,0.001970443987298509
2023-11-24,66.38,4.195395806291828,0.005135187239901029
2023-11-27,67.15,4.206928922969246,0.011533116677417965
2023-11-28,66.53,4.197652973753796,-0.009275949215449941
2023-11-29,68.04,4.220095767527661,0.022442793773864267
2023-11-30,68.43,4.225811324964407,0.0057155574367460105
2023-12-01,71.27,4.266475481513779,0.040664156549372166
2023-12-04,72.27,4.28040910529489,0.01393362378111096
2023-12-05,71.59,4.270955399408094,-0.009453705886795838
2023-12-06,72.59,4.284827171296749,0.013871771888655182
2023-12-07,72.35,4.281515453077493,-0.0033117182192565764
2023-12-08,73.43,4.296332571463519,0.014817118386026173
2023-12-11,73.15,4.292512127466133,-0.0038204439973856807
2023-12-12,73.85,4.302036008977389,0.009523881511255716
2023-12-13,76.12,4.332311042427949,0.03027503345056015
2023-12-14,79.75,4.378896741664954,0.04658569923700462
2023-12-15,79.4,4.37449836825309,-0.004398373411863332
2023-12-18,78.02,4.35696520407851,-0.01753316417457995
2023-12-19,78.78,4.36665915754276,0.009693953464249283
2023-12-20,77.2,4.3463994570307305,-0.020259700512029077
2023-12-21,77.27,4.347305781945493,0.0009063249147622798
2023-12-22,77.3,4.3476939555933765,0.0003881736478836828
2023-12-26,77.17,4.346010780469512,-0.001683175123864622
2023-12-27,77.0,4.343805421853684,-0.0022053586158277128
2023-12-28,76.89,4.342375829044089,-0.0014295928095950927
2023-12-29,76.14,4.332573750954351,-0.009802078089737876
2024-01-02,75.5,4.324132656254979,-0.008441094699372265
2024-01-03,74.15,4.306090068583941,-0.018042587671037502
2024-01-04,74.02,4.30433532695801,-0.0017547416259313664
2024-01-05,74.72,4.313747793920587,0.009412466962577248
2024-01-08,76.5,4.33729074083249,0.023542946911902618
2024-01-09,77.12,4.34536265030229,0.008071909469800076
2024-01-10,78.4,4.361823927356363,0.01646127705407263
2024-01-11,78.57,4.36398994718773,0.0021660198313675494
2024-01-12,77.88,4.3551691805039985,-0.008820766683731662
2024-01-16,77.13,4.345492309945908,-0.0096768705580903
2024-01-17,76.29,4.334541868102138,-0.01095044184376981
2024-01-18,77.23,4.346787982581173,0.012246114479034453
2024-01-19,77.84,4.354655437877749,0.007867455296576509
2024-01-22,79.46,4.375253750386452,0.02059831250870303
2024-01-23,76.86,4.3419855851366975,-0.033268165249754844
2024-01-24,75.9,4.3294166844015844,-0.012568900735113075
2024-01-25,78.83,4.367293635071817,0.03787695067023211
2024-01-26,79.15,4.371344786327021,0.004051151255204388
2024-01-29,80.06,4.382776353564427,0.011431567237406348
2024-01-30,80.79,4.391853195491617,0.009076841927189605
2024-01-31,77.59,4.351438552905858,-0.040414642585759
2024-02-01,78.78,4.36665915754276,0.015220604636901669
2024-02-02,77.42,4.349245145149502,-0.017414012393257572
2024-02-05,76.26,4.334148554429418,-0.01509659072008418
2024-02-06,77.68,4.35259782398307,0.01844926955365178
2024-02-07,78.49,4.362971228138722,0.010373404155652466
2024-02-08,80.12,4.383525510797617,0.02055428265889514
2024-02-09,80.13,4.383650315789979,0.00012480499236211529
2024-02-12,81.33,4.398514952178684,0.01486463638870461
2024-02-13,78.43,4.362206507224575,-0.03630844495410912
2024-02-14,79.54,4.376260039779544,0.01405353255496955
2024-02-15,79.9,4.380775852772229,0.0045158129926843316
2024-02-16,79.31,4.373364224095228,-0.007411628677000515
2024-02-20,79.32,4.373490303651595,0.00012607955636667612
2024-02-21,79.77,4.379147493923038,0.005657190271443291
2024-02-22,80.47,4.387884444158042,0.008736950235003427
2024-02-23,80.76,4.391481793444637,0.003597349286595275
2024-02-26,79.83,4.379899373657707,-0.011582419786929421
2024-02-27,81.46,4.400112102220266,0.020212728562558624
2024-02-28,80.89,4.393090207029862,-0.007021895190404415
2024-02-29,81.34,4.398637900479079,0.005547693449217128
2024-03-01,82.91,4.417755682128127,0.019117781649048204
2024-03-04,82.09,4.407816206360175,-0.009939475767952288
2024-03-05,81.03,4.394819456472634,-0.012996749887540737
2024-03-06,80.31,4.38589414620037,-0.00892531027226351
2024-03-07,81.64,4.402319337941644,0.016425191741273437
2024-03-08,81.47,4.400234854322551,-0.0020844836190931915
2024-03-11,81.35,4.3987608336650466,-0.001474020657504127
2024-03-12,81.87,4.405132623388357,0.006371789723310428
2024-03-13,81.23,4.397284637062863,-0.007847986325494105
2024-03-14,79.2,4.37197629882038,-0.025308338242482797
2024-03-15,80.11,4.383400690227026,0.01142439140664564
2024-03-18,78.99,4.369321262176328,-0.014079428050697729
2024-03-19,80.26,4.385271364838771,0.015950102662443122
2024-03-20,81.54,4.401093697391107,0.015822332552335894
2024-03-21,83.88,4.429387206033719,0.028293508642612153
2024-03-22,82.2,4.409155302062135,-0.020231903971584586
2024-03-25,81.63,4.402196841463264,-0.006958460598870175
2024-03-26,81.78,4.404032714936497,0.001835873473232219
2024-03-27,84.15,4.432600920636815,0.02856820570031804
2024-03-28,84.67,4.438761347654186,0.006160427017371184
2024-04-01,83.06,4.419563238202607,-0.019198109451578738
2024-04-02,81.79,4.4041549867468825,-0.015408251455724553
2024-04-03,82.15,4.408546844483277,0.004391857736394833
2024-04-04,81.19,4.396792086874355,-0.011754757608922084
2024-04-05,81.41,4.399498115585886,0.0027060287115308057
2024-04-08,81.14,4.396176057778301,-0.0033220578075852103
2024-04-09,80.6,4.389498649512583,-0.0066774082657179434
2024-04-10,77.17,4.346010780469512,-0.043487869043071115
2024-04-11,77.66,4.352340324303521,0.006329543834008966
2024-04-12,77.56,4.351051830374451,-0.0012884939290698227
2024-04-15,76.3,4.334672938290411,-0.016378892084039975
2024-04-16,75.4,4.32280727501391,-0.011865663276500626
2024-04-17,74.37,4.309052634715209,-0.01375464029870166
2024-04-18,73.58,4.2983732496766285,-0.010679385038580236
2024-04-19,73.51,4.297421451385996,-0.0009517982906324107
2024-04-22,72.9,4.289088639014612,-0.008332812371383724
2024-04-23,74.64,4.312676556539088,0.023587917524475976
2024-04-24,73.53,4.297693486208131,-0.014983070330957027
2024-04-25,73.22,4.29346860769209,-0.004224878516041031
2024-04-26,74.18,4.306494572061445,0.013025964369354881
2024-04-29,75.25,4.3208159036289855,0.01432133156754034
2024-04-30,73.1,4.291828366755733,-0.028987536873252395
2024-05-01,71.11,4.2642279738954265,-0.027600392860306577
2024-05-02,71.43,4.268717949166882,0.0044899752714551155
2024-05-03,73.15,4.292512127466133,0.023794178299251456
2024-05-06,73.76,4.300816579248338,0.008304451782205291
2024-05-07,72.82,4.287990642747287,-0.012825936501051238
2024-05-08,73.27,4.294151248171873,0.006160605424585519
2024-05-09,75.1,4.318820558770089,0.024669310598216754
2024-05-10,75.32,4.3217457037889515,0.0029251450188620964
2024-05-13,74.11,4.305550475963267,-0.016195227825684277
2024-05-14,74.23,4.307168381129456,0.001617905166188649
2024-05-15,75.2,4.320151230955794,0.012982849826338239
2024-05-16,73.13,4.2922386792828595,-0.027912551672934605
2024-05-17,73.0,4.290459441148391,-0.0017792381344685637
2024-05-20,72.24,4.27999390910873,-0.010465532039661163
2024-05-21,71.81,4.2740237421222265,-0.0059701669865033224
2024-05-22,70.88,4.2609883062968255,-0.01303543582540101
2024-05-23,70.03,4.248923721667427,-0.012064584629398745
2024-05-24,70.23,4.251775570170929,0.0028518485035027297
2024-05-28,68.57,4.227855121296273,-0.023920448874656053
2024-05-29,67.75,4.21582445975981,-0.01203066153646315
2024-05-30,68.83,4.231639696410273,0.015815236650462694
2024-05-31,70.06,4.249352017769341,0.01771232135906775
2024-06-03,68.97,4.2336716274432,-0.01568039032614088
2024-06-04,66.62,4.199004832765533,-0.034666794677666424
2024-06-05,67.22,4.20797082229696,0.008965989531426466
2024-06-06,66.67,4.199755076629969,-0.008215745666991126
2024-06-07,65.99,4.18950321539533,-0.010251861234638504
2024-06-10,66.22,4.1929825321191005,0.0034793167237703315
2024-06-11,65.89,4.187986684925728,-0.004995847193372427
2024-06-12,67.87,4.217594110715667,0.0296074257899388
2024-06-13,68.89,4.232511029605105,0.014916918889437802
2024-06-14,67.33,4.20960590255719,-0.02290512704791503
2024-06-17,67.36,4.210051369934071,0.0004454673768812256
2024-06-18,67.6,4.213607983048918,0.003556613114847451
2024-06-20,67.63,4.214051671586849,0.00044368853793042007
2024-06-21,67.11,4.206333064170148,-0.007718607416700607
2024-06-24,67.12,4.206482062158951,0.000148997988802968
2024-06-25,63.88,4.1570063233468115,-0.049475738812139625
2024-06-26,65.17,4.176999240344289,0.019992916997477295
2024-06-27,65.47,4.181592022453,0.004592782108710836
2024-06-28,64.94,4.1734637666747,-0.008128255778300009
2024-07-01,63.44,4.150094577326593,-0.023369189348106723
2024-07-02,63.42,4.149779269110201,-0.00031530821639158546
2024-07-03,63.28,4.147569323459399,-0.0022099456508026805
2024-07-05,62.64,4.137404051682548,-0.01016527177685056
2024-07-08,64.43,4.1655793631505516,0.02817531146800345
2024-07-09,64.3,4.163559631243574,-0.002019731906977462
2024-07-10,64.84,4.171922696867475,0.0083630656239011
2024-07-11,68.79,4.2310583855379225,0.05913568867044727
2024-07-12,70.42,4.254477313726906,0.023418928188983834
2024-07-15,70.0,4.248495242049359,-0.005982071677546941
2024-07-16,74.73,4.313881617942199,0.06538637589283969
2024-07-17,73.93,4.3031186995690085,-0.010762918373190544
2024-07-18,73.21,4.293332023658551,-0.009786675910457454
2024-07-19,71.79,4.273745190588392,-0.01958683307015896
2024-07-22,71.39,4.268157803514369,-0.005587387074022843
2024-07-23,71.32,4.267176792994939,-0.0009810105194301144
2024-07-24,69.04,4.234686046775173,-0.03249074621976611
2024-07-25,72.17,4.279024447084182,0.04433840030900882
2024-07-26,78.74,4.366151285515591,0.08712683843140923
2024-07-29,79.69,4.378144107409657,0.01199282189406592
2024-07-30,81.4,4.399375273008495,0.021231165598837975
2024-07-31,80.81,4.392100720245356,-0.007274552763139042
2024-08-01,79.12,4.370965687314457,-0.021135032930899023
2024-08-02,76.59,4.338466519921502,-0.03249916739295511
2024-08-05,73.84,4.301900590194597,-0.036565929726904756
2024-08-06,74.9,4.316153890523174,0.01425330032857719
2024-08-07,71.28,4.266615783162554,-0.04953810736062003
2024-08-08,73.06,4.291281021367136,0.024665238204581996
2024-08-09,73.07,4.291417885803126,0.00013686443598981413
2024-08-12,71.73,4.272909070138343,-0.018508815664782574
2024-08-13,73.99,4.303929948937459,0.03102087879911597
2024-08-14,75.3,4.321480134805848,0.01755018586838819
2024-08-15,77.47,4.349890764643811,0.028410629837963164
2024-08-16,77.07,4.344714099789901,-0.00517666485390933
2024-08-19,77.05,4.344454561766125,-0.00025953802377642887
2024-08-20,77.18,4.346140356109473,0.0016857943433477018
2024-08-21,79.06,4.37020705786854,0.02406670175906722
2024-08-22,78.53,4.363480717386783,-0.0067263404817570205
2024-08-23,81.38,4.399129542573544,0.035648825186760824
2024-08-26,80.92,4.393461012299545,-0.00566853027399894
2024-08-27,79.3,4.373238128640803,-0.02022288365874214
2024-08-28,78.95,4.3688147407016515,-0.004423387939151091
2024-08-29,78.54,4.363608049149864,-0.005206691551787657
2024-08-30,79.41,4.37462430490712,0.011016255757255955
2024-09-03,77.35,4.348340577019075,-0.026283727888045227
2024-09-04,77.04,4.34432476748987,-0.004015809529204439
2024-09-05,76.43,4.336375289254793,-0.0079494782350773
2024-09-06,77.4,4.3489867805956814,0.01261149134088857
2024-09-09,77.91,4.355554314342767,0.006567533747085186
2024-09-10,79.91,4.380901001386372,0.025346687043604987
2024-09-11,79.38,4.37424644735492,-0.006654554031451987
2024-09-12,81.13,4.396052806406973,0.021806359052053637
2024-09-13,83.16,4.420766462989812,0.024713656582838972
2024-09-16,84.1,4.432006566978902,0.011240103989090144
2024-09-17,85.09,4.443709519861466,0.011702952882563622
2024-09-18,84.91,4.441591872011272,-0.002117647850194082
2024-09-19,87.91,4.476313563863087,0.03472169185181517
2024-09-20,86.57,4.460953335227682,-0.015360228635405093
2024-09-23,87.03,4.466252886801422,0.005299551573740402
2024-09-24,87.55,4.472210058731861,0.005957171930438321
2024-09-25,86.46,4.4596818792394854,-0.01252817949237528
2024-09-26,87.68,4.473693823199706,0.014011943960220208
2024-09-27,88.6,4.484131857611035,0.010438034411329511
2024-09-30,89.53,4.494573764646065,0.010441907035029452
2024-10-01,88.65,4.484696032520217,-0.009877732125847416
2024-10-02,87.62,4.473009282385752,-0.011686750134464852
2024-10-03,87.8,4.475061500641071,0.0020522182553186497
2024-10-04,86.84,4.464067345010091,-0.010994155630980273
2024-10-07,86.76,4.463145685958674,-0.0009216590514169454
2024-10-08,87.2,4.468204330914934,0.005058644956259961
2024-10-09,88.35,4.481306198765705,0.013101867850771498
2024-10-10,87.3,4.469350462845557,-0.011955735920148314
2024-10-11,87.98,4.477109515920573,0.007759053075016453
2024-10-14,89.06,4.489310299893557,0.012200783972983409
2024-10-15,88.96,4.488186830502272,-0.001123469391284715
2024-10-16,89.99,4.4996985530458575,0.011511722543585456
2024-10-17,88.87,4.487174627750384,-0.012523925295473859
2024-10-18,90.01,4.499920775268994,0.012746147518610584
2024-10-21,88.15,4.4790399088438795,-0.020880866425114775
2024-10-22,87.44,4.470952843868283,-0.008087064975596192
2024-10-23,86.66,4.461992416311763,-0.008960427556520045
2024-10-24,87.88,4.47597224751641,0.013979831204646409
2024-10-25,85.49,4.448399410038142,-0.02757283747826733
2024-10-28,86.98,4.465678207169493,0.017278797131350387
2024-10-29,83.89,4.429506416858203,-0.0361717903112897
2024-10-30,84.03,4.431173877940127,0.0016674610819240598
2024-10-31,83.33,4.422808628394115,-0.00836524954601181
2024-11-01,83.79,4.428313668625195,0.005505040231080116
2024-11-04,84.12,4.432244350834499,0.003930682209303704
2024-11-05,85.6,4.449685283147696,0.01744093231319699
2024-11-06,84.28,4.434144588935989,-0.01554069421170734
2024-11-07,79.12,4.370965687314457,-0.06317890162153184
2024-11-08,79.05,4.370080563655481,-0.0008851236589757505
2024-11-11,78.36,4.36131359307634,-0.008766970579141109
2024-11-12,76.2,4.333361462692601,-0.027952130383739338
2024-11-13,75.3,4.321480134805848,-0.011881327886753112
2024-11-14,75.04,4.318021304697969,-0.0034588301078786188
2024-11-15,73.95,4.303389189156809,-0.014632115541160395
2024-11-18,74.3,4.308110951723713,0.004721762566904708
2024-11-19,73.54,4.297829475873126,-0.010281475850587363
2024-11-20,74.9,4.316153890523174,0.018324414650048304
2024-11-21,75.76,4.327570448877823,0.011416558354648387
2024-11-22,76.5,4.33729074083249,0.009720291954667282
2024-11-25,80.96,4.3939552055391555,0.05666446470666564
2024-11-26,78.0,4.356708826689592,-0.03724637884956383
2024-11-27,77.97,4.356324137321509,-0.00038468936808300214
2024-11-29,78.3,4.360547602996758,0.004223465675249116
2024-12-02,78.12,4.358246106008478,-0.002301496988279972
2024-12-03,78.71,4.3657702121543585,0.007524106145880616
2024-12-04,79.25,4.37260741275739,0.0068372006030319454
2024-12-05,78.65,4.365007629504287,-0.007599783253103176
2024-12-06,78.87,4.3678009274099,0.0027932979056126683
2024-12-09,78.83,4.367293635071817,-0.0005072923380833316
2024-12-10,77.63,4.351953950417589,-0.015339684654227526
2024-12-11,78.28,4.360292142527875,0.00833819211028608
2024-12-12,77.43,4.349374302398632,-0.010917840129242684
2024-12-13,75.85,4.328757705794541,-0.020616596604090986
2024-12-16,74.93,4.316554344376219,-0.012203361418322345
2024-12-17,73.8,4.301358731606427,-0.015195612769792533
2024-12-18,70.02,4.2487809155265195,-0.05257781607990708
2024-12-19,68.56,4.227709274289524,-0.02107164123699512
2024-12-20,69.67,4.2437698090420275,0.01606053475250313
2024-12-23,69.65,4.243482700225814,-0.0002871088162130775
2024-12-24,69.84,4.246206911531347,0.0027242113055327977
2024-12-26,69.88,4.246779485265856,0.0005725737345088078
2024-12-27,69.22,4.237289838207198,-0.009489647058657624
2024-12-30,68.3,4.223909766576744,-0.013380071630454182
2024-12-31,68.33,4.224348908792687,0.0004391422159431002
2025-01-02,67.59,4.213460043112263,-0.010888865680424686
2025-01-03,68.23,4.222884350827332,0.009424307715069524
2025-01-06,68.32,4.224202549480315,0.0013181986529824385
2025-01-07,68.0,4.219507705176107,-0.004694844304207635
2025-01-08,69.37,4.23945449739721,0.01994679222110296
2025-01-10,69.0,4.23410650459726,-0.005347992799950241
2025-01-13,70.83,4.260282639765531,0.026176135168271664
2025-01-14,72.59,4.284827171296749,0.024544531531217828
2025-01-15,74.23,4.307168381129456,0.02234120983270671
2025-01-16,74.52,4.311067545733388,0.003899164603931915
2025-01-17,74.57,4.311738281555703,0.0006707358223154714
2025-01-21,74.37,4.309052634715209,-0.002685646840494549
2025-01-22,73.16,4.292648823522665,-0.01640381119254375
2025-01-23,72.88,4.288814252951703,-0.00383457057096237
2025-01-24,72.48,4.283310661734724,-0.005503591216978521
2025-01-27,74.89,4.316020370261276,0.03270970852655175
2025-01-28,72.95,4.289774274968795,-0.02624609529248101
2025-01-29,72.05,4.277360322445531,-0.012413952523263383
2025-01-30,73.29,4.294424173937759,0.017063851492227222
2025-01-31,71.67,4.272072250005828,-0.02235192393193053
2025-02-03,68.96,4.233526626355437,-0.03854562365039094
2025-02-04,68.99,4.233961566558017,0.0004349402025800586
2025-02-05,69.35,4.239166146760841,0.00520458020282355
2025-02-06,69.06,4.234975691961846,-0.004190454798994381
2025-02-07,68.09,4.220830359494875,-0.014145332466971361
2025-02-10,68.55,4.227563406008323,0.00673304651344786
2025-02-11,69.25,4.237723145067448,0.010159739059124817
2025-02-12,68.9,4.232656178019613,-0.005066967047834936
2025-02-13,68.35,4.224641563169959,-0.008014614849654045
2025-02-14,68.95,4.233381604239311,0.00874004106935189
2025-02-18,68.35,4.224641563169959,-0.00874004106935189
2025-02-19,66.98,4.204394067366058,-0.020247495803900506
2025-02-20,66.64,4.1993049978585875,-0.005089069507470789
2025-02-21,65.41,4.180675151973121,-0.018629845885466345
2025-02-24,64.8,4.1713056033582285,-0.009369548614892587
2025-02-25,66.28,4.193888192558362,0.022582589200133896
2025-02-26,65.84,4.187227556368814,-0.0066606361895482635
2025-02-27,64.97,4.17392562489244,-0.013301931476374484
2025-02-28,64.72,4.170070272750237,-0.0038553521422031167
2025-03-03,63.11,4.144879235596148,-0.025191037154088214
2025-03-04,61.19,4.113983777474449,-0.030895458121698915
2025-03-05,62.39,4.133405006122695,0.01942122864824558
2025-03-06,63.21,4.146462516484207,0.013057510361512037
2025-03-07,63.73,4.154655409326203,0.008192892841996091
2025-03-10,64.09,4.160288345516135,0.005632936189932103
2025-03-11,61.36,4.116758157059,-0.043530188457134855
2025-03-12,61.0,4.110873864173311,-0.005884292885689035
2025-03-13,60.06,4.095344062555184,-0.015529801618127337
2025-03-14,62.12,4.129067998280486,0.03372393572530186
2025-03-17,63.62,4.152927886320998,0.02385988804051209
2025-03-18,63.33,4.148359150528339,-0.004568735792658707
2025-03-19,63.54,4.15166962884137,0.0033104783130308846
2025-03-20,63.01,4.143293443953964,-0.00837618488740599
2025-03-21,62.41,4.133725518945951,-0.009567925008012956
2025-03-24,63.83,4.156223299267966,0.02249778032201455
2025-03-25,62.79,4.139795825126018,-0.016427474141948117
2025-03-26,62.27,4.13147976888436,-0.008316056241657321
2025-03-27,62.7,4.138361447638875,0.006881678754514731
2025-03-28,60.82,4.107918682249219,-0.0304427653896564
2025-03-31,60.88,4.1089047135534305,0.0009860313042118207
2025-04-01,60.92,4.109561528026961,0.0006568144735306092
2025-04-02,61.65,4.121473229610353,0.011911701583391832
2025-04-03,55.0,4.007333185232471,-0.11414004437788172
2025-04-04,53.03,3.970857791149039,-0.036475394083432366
2025-04-07,50.93,3.9304521408965134,-0.040405650252525405
2025-04-08,48.55,3.882594194737334,-0.04785794615917949
2025-04-09,53.94,3.987872317711584,0.1052781229742501
2025-04-10,51.48,3.941193382727926,-0.04667893498365805
2025-04-11,51.87,3.9487405883633087,0.007547205635382692
2025-04-14,51.54,3.942358205224219,-0.006382383139089676
2025-04-15,51.5,3.9415818076696905,-0.0007763975545285184
2025-04-16,50.47,3.921379100352171,-0.020202707317519497
2025-04-17,51.47,3.940999113664663,0.01962001331249219
2025-04-21,49.94,3.910822284851627,-0.03017682881303596
2025-04-22,51.42,3.9400272018377436,0.02920491698611638
2025-04-23,52.12,3.953548752256644,0.013521550418900574
2025-04-24,54.09,3.9906493258833358,0.03710057362669161
2025-04-25,53.56,3.9808025208229716,-0.009846805060364172
2025-04-28,54.07,3.9902795033939134,0.009476982570941761
2025-04-29,53.8,3.9852734671677386,-0.005006036226174793
2025-04-30,53.82,3.9856451452987596,0.00037167813102101377
2025-05-01,53.31,3.9761239308346696,-0.009521214464089933
2025-05-02,54.81,4.003872659058025,0.027748728223355723
2025-05-05,54.31,3.994708372046754,-0.009164287011271366
2025-05-06,52.8,3.966511190712216,-0.02819718133453808
2025-05-07,48.16,3.8745288010005656,-0.09198238971165029
2025-05-08,51.09,3.9335887833427066,0.05905998234214094
2025-05-09,51.31,3.9378856649538734,0.004296881611166814
2025-05-12,57.39,4.049870072120271,0.11198440716639757
2025-05-13,56.44,4.033178126984613,-0.016691945135657527
2025-05-14,54.7,4.001863709427935,-0.03131441755667819
2025-05-15,54.66,4.001132180499922,-0.0007315289280134252
2025-05-16,55.61,4.018363041199472,0.017230860699550377
2025-05-19,54.61,4.000217016164062,-0.018146025035409963
2025-05-20,53.93,3.9876869093491356,-0.012530106814926611
2025-05-21,50.99,3.9316295350670645,-0.05605737428207114
2025-05-22,50.73,3.9265174515785985,-0.005112083488465924
2025-05-23,50.26,3.917209532115446,-0.009307919463152459
2025-05-27,51.58,3.9431340004531985,0.025924468337752415
2025-05-28,49.99,3.911822985425479,-0.0313110150277196
2025-05-29,51.09,3.9335887833427066,0.02176579791722766
2025-05-30,50.4,3.919991175077323,-0.013597608265383698
2025-06-02,48.97,3.891207865714226,-0.0287833093630967
2025-06-03,50.57,3.9233585150918917,0.03215064937766554
2025-06-04,51.03,3.93241369507588,0.009055179983988193
2025-06-05,51.09,3.9335887833427066,0.0011750882668266627
2025-06-06,51.19,3.935544200469492,0.001955417126785264
2025-06-09,52.04,3.9520126536443043,0.016468453174812492
2025-06-10,52.84,3.9672684796541247,0.015255826009820339
2025-06-11,51.85,3.948354934675536,-0.018913544978588437
2025-06-12,51.79,3.9471970804358,-0.0011578542397363556
2025-06-13,50.33,3.9186013207882686,-0.02859575964753125
2025-06-16,50.89,3.9296664406007413,0.011065119812472712
2025-06-17,49.27,3.8973153765558717,-0.03235106404486965
2025-06-18,49.57,3.9033858120324827,0.006070435476611014
2025-06-20,50.14,3.914819092730147,0.011433280697664472
2025-06-23,51.44,3.940416079929364,0.02559698719921677
2025-06-24,52.41,3.959097412814075,0.018681332884710855
2025-06-25,51.4,3.9396381724611196,-0.01945924035295521
2025-06-26,51.51,3.9417759635774936,0.0021377911163740215
2025-06-27,51.3,3.937690752176724,-0.004085211400769673
2025-06-30,51.48,3.941193382727926,0.003502630551202035
2025-07-01,53.4,3.977810745966149,0.03661736323822318
2025-07-02,54.31,3.994708372046754,0.016897626080604855
2025-07-03,53.45,3.9787466374710543,-0.015961734575699715
2025-07-07,52.38,3.958524839079566,-0.0202217983914883
2025-07-08,53.1,3.9721769282478934,0.013652089168327386
2025-07-09,54.02,3.98935434836447,0.017177420116576414
2025-07-10,54.84,4.004419854694114,0.015065506329644318
2025-07-11,54.0,3.9889840465642745,-0.015435808129839579
2025-07-14,54.31,3.994708372046754,0.005724325482479475
2025-07-15,52.57,3.9621456148313565,-0.032562757215397475
2025-07-16,52.62,3.9630962756121466,0.0009506607807900913
2025-07-17,53.96,3.988243031339555,0.025146755727408543
2025-07-18,53.31,3.9761239308346696,-0.012119100504885516
2025-07-21,52.96,3.9695369116287527,-0.006587019205916977
2025-07-22,55.38,4.014218517742816,0.04468160611406358
2025-07-23,56.24,4.029628247502409,0.015409729759593205
2025-07-24,56.06,4.026422545736642,-0.0032057017657676212
2025-07-25,56.5,4.034240638152395,0.007818092415753597
2025-07-28,56.43,4.033000931981049,-0.0012397061713462776
2025-07-29,55.87,4.023027563471057,-0.009973368509991865
2025-07-30,54.46,3.9974664872456134,-0.0255610762254439
2025-07-31,54.54,3.9989343774174424,0.0014678901718290227
2025-08-01,55.83,4.022311359322269,0.02337698190482662
2025-08-04,56.27,4.030161533445187,0.007850174122918219
2025-08-05,56.79,4.039360253889341,0.009198720444153707
2025-08-06,56.55,4.03512520256213,-0.004235051327211359
2025-08-07,56.65,4.036891987474015,0.0017667849118856438
2025-08-08,56.05,4.026244149518169,-0.010647837955846562
2025-08-11,55.13,4.009694032601592,-0.016550116916576485
2025-08-12,57.27,4.047776926405766,0.038082893804173956
2025-08-13,60.59,4.104129862956897,0.05635293655113127
2025-08-14,58.93,4.076350298849822,-0.027779564107075494
2025-08-15,58.69,4.072269354570243,-0.004080944279579057
2025-08-18,58.88,4.075501474420621,0.00323211985037819
2025-08-19,59.89,4.092509546276371,0.017008071855750373
2025-08-20,57.77,4.056469609793174,-0.036039936483197366
2025-08-21,57.48,4.051437061210824,-0.005032548582350138
2025-08-22,61.5,4.119037174812473,0.06760011360164864
2025-08-25,59.87,4.092175544937261,-0.02686162987521179
2025-08-26,59.82,4.091340053201802,-0.0008354917354589375
2025-08-27,59.51,4.086144365656761,-0.005195687545040961
2025-08-28,58.94,4.076519977309548,-0.009624388347212687
2025-08-29,58.52,4.069368576151923,-0.007151401157624804
2025-09-02,57.5,4.051784947803305,-0.017583628348618596
2025-09-03,57.15,4.04567939024082,-0.006105557562484876
2025-09-04,59.05,4.078384542643371,0.03270515240255101
2025-09-05,60.82,4.107918682249219,0.02953413960584772
2025-09-08,60.74,4.106602459617603,-0.0013162226316154602
2025-09-09,58.75,4.073291153024268,-0.03331130659333503
2025-09-10,58.73,4.072950669534428,-0.00034048348983972687
2025-09-11,60.75,4.1067670822206574,0.033816412686229036
2025-09-12,59.28,4.082271980987832,-0.02449510123282561
2025-09-15,58.47,4.068513802187579,-0.013758178800252985
2025-09-16,58.31,4.065773605234065,-0.002740196953514129
2025-09-17,56.91,4.041471072615033,-0.024302532619032036
2025-09-18,57.5,4.051784947803305,0.010313875188272092
2025-09-19,55.77,4.021236090401462,-0.030548857401842433
2025-09-22,54.44,3.9970991777832654,-0.02413691261819695
2025-09-23,54.13,3.9913885608088866,-0.0057106169743788016
2025-09-24,53.9,3.9871304779149512,-0.0042580828939353665
2025-09-25,52.78,3.966132331075178,-0.020998146839773302
2025-09-26,53.27,3.9753733209289077,0.009240989853729786
2025-09-29,53.14,3.9729299403316674,-0.0024433805972403633
2025-09-30,53.39,3.9776234625120948,0.004693522180427401
2025-10-01,52.99,3.9701032165046706,-0.007520246007424181
2025-10-02,53.24,3.974809993526911,0.004706777022240427
2025-10-03,52.87,3.9678360702473587,-0.006973923279552263
2025-10-06,51.74,3.946231176757883,-0.021604893489475696
2025-10-07,51.01,3.932021691934835,-0.014209484823048069
2025-10-08,52.01,3.9514360077849813,0.019414315850146302
2025-10-09,50.21,3.916214210046614,-0.03522179773836731
2025-10-10,48.2,3.8753590210565547,-0.040855188990059244
2025-10-13,48.12,3.873697891106478,-0.001661129950076834
2025-10-14,49.81,3.908215767085192,0.03451787597871414
2025-10-15,49.71,3.906206120106581,-0.002009646978610835
2025-10-16,49.61,3.9041924263129575,-0.0020136937936237054
2025-10-17,50.1,3.914021008090819,0.009828581777861611
2025-10-20,50.86,3.9290767599939738,0.015055751903154668
2025-10-21,52.36,3.9581429410416993,0.029066181047725514
2025-10-22,50.78,3.9275025762765323,-0.03064036476516696
2025-10-23,51.67,3.9448773422990935,0.01737476602256116
2025-10-24,50.8,3.927896354584436,-0.016980987714657392
2025-10-27,51.55,3.942552210462969,0.014655855878532797
2025-10-28,51.23,3.936325297951111,-0.006226912511857918
2025-10-29,49.74,3.9068094383752587,-0.029515859575852232
2025-10-30,48.79,3.8875253738277458,-0.01928406454751297
2025-10-31,50.8,3.927896354584436,0.04037098075669032
2025-11-03,50.62,3.9243467551169777,-0.003549599467458364
2025-11-04,49.59,3.9037892005010426,-0.020557554615935114
2025-11-05,50.68,3.925531355452938,0.021742154951895465
2025-11-06,49.37,3.8993429522707714,-0.026188403182166642
2025-11-07,49.72,3.9064072666425105,0.007064314371739044
2025-11-10,48.69,3.8854736701946093,-0.02093359644790116
2025-11-11,48.77,3.887115369721961,0.0016416995273518253
2025-11-12,49.38,3.8995454839170334,0.012430114195072228
2025-11-13,48.86,3.8889590658295945,-0.010586418087438876
2025-11-14,48.01,3.8714093225428488,-0.017549743286745745
2025-11-17,46.34,3.8360055190042304,-0.035403803538618384
2025-11-18,45.27,3.8126445614478675,-0.023360957556362916
2025-11-19,44.58,3.797285327957723,-0.015359233490144675
2025-11-20,44.49,3.7952644448179504,-0.0020208831397723337
2025-11-21,47.07,3.851635855413051,0.056371410595100535
2025-11-24,47.14,3.853121897507985,0.0014860420949340813
2025-11-25,49.59,3.9037892005010426,0.05066730299305755
2025-11-26,51.51,3.9417759635774936,0.03798676307645099
2025-11-28,51.63,3.9441028988915576,0.002326935314064027
2025-12-01,51.83,3.947969132201615,0.003866233310057421
2025-12-02,51.37,3.9390543444791764,-0.0089147877224387
2025-12-03,51.46,3.940804806853598,0.0017504623744217795
2025-12-04,50.73,3.9265174515785985,-0.01428735527499958
2025-12-05,50.22,3.916413353729439,-0.010104097849159555
2025-12-08,49.58,3.9035875266070446,-0.01282582712239444
2025-12-09,48.71,3.8858843478184513,-0.017703178788593288
2025-12-10,51.2,3.9357395320454622,0.04985518422701096
2025-12-11,52.44,3.959669658895499,0.023930126850036704
2025-12-12,52.22,3.955465563270983,-0.004204095624515958
2025-12-15,51.8,3.9473901492654373,-0.008075414005545678
2025-12-16,51.34,3.9384701754429945,-0.008919973822442806
2025-12-17,51.79,3.9471970804358,0.008726904992805373
2025-12-18,51.49,3.94138761405805,-0.005809466377749928
2025-12-19,51.02,3.9322177127136655,-0.009169901344384446
2025-12-22,50.7,3.9259259105971376,-0.0062918021165279114
2025-12-23,50.52,3.9223692974822906,-0.003556613114847007
2025-12-24,51.34,3.9384701754429945,0.01610087796070392
2025-12-26,51.37,3.9390543444791764,0.0005841690361818586
2025-12-29,50.97,3.93123722435195,-0.00781712012722613
2025-12-30,50.78,3.9275025762765323,-0.0037346480754179012
2025-12-31,50.02,3.912422925449473,-0.015079650827059421
2026-01-02,50.94,3.930648469551311,0.018225544101837965
2026-01-05,51.15,3.9347624923976356,0.004114022846324783
2026-01-06,53.32,3.976311495310508,0.041549002912872446
2026-01-07,51.94,3.9500892062346025,-0.026222289075905625
2026-01-08,55.0,4.007333185232471,0.057243978997868705
2026-01-09,58.14,4.06285389513073,0.05552070989825886
2026-01-12,59.3,4.08260930600368,0.019755410872949852
2026-01-13,59.49,4.085808231199814,0.0031989251961341836
2026-01-14,60.19,4.0975062255596795,0.011697994359865405
2026-01-15,61.29,4.11561669749764,0.01811047193796078
2026-01-16,61.55,4.1198498526304625,0.004233155132822297
2026-01-20,58.98,4.07719840338713,-0.04265144924333253
2026-01-21,60.8,4.107589788972121,0.030391385584991326
2026-01-22,60.52,4.102973888920155,-0.004615900051966548
2026-01-23,58.36,4.066630723654585,-0.03634316526556969
2026-01-26,56.81,4.039712366569035,-0.026918357085549793
2026-01-27,55.4,4.014579593753238,-0.02513277281579729
2026-01-28,54.88,4.00514898341763,-0.00943061033560788
2026-01-29,54.73567581176758,4.002515705456959,-0.00263327796067081
2026-01-30,54.1,3.9908341858524357,-0.011681519604523682
2026-02-02,54.13855743408203,3.991546638727401,0.0007124528749651304
2026-02-03,56.75,4.038655656361512,0.04710901763411135
2026-02-04,61.19,4.113983777474449,0.0753281211129373
2026-02-05,59.56236267089844,4.087023875781516,-0.026959901692933386
2026-02-06,61.55275344848633,4.119894586779938,0.03287071099842187
2026-02-09,60.40827941894531,4.101126172019253,-0.018768414760685026
2026-02-10,64.44,4.165734558308774,0.06460838628952104
2026-02-11,63.07,4.14424522067556,-0.0214893376332137
2026-02-12,62.3,4.131961425793407,-0.012283794882153032
2026-02-13,51.32,3.938080539747436,-0.1938808860459713
2026-02-17,52.55,3.96176509732296,0.023684557575524234
2026-02-18,53.85,3.9862024036023977,0.02443730627943763
2026-02-19,53.83999633789063,3.9860166173180938,-0.00018578628430399036
2026-02-20,54.31999969482422,3.99489247763233,0.00887586031423604
2026-02-23,55.76,4.0210567664522685,0.026164288819938708
2026-02-24,56.19,4.028738805124107,0.007682038671838143
2026-02-25,54.21,3.992865393272247,-0.03587341185185977
2026-02-26,54.34,3.9952606039982017,0.0023952107259548328
2026-02-27,54.34000015258789,3.995260606806223,2.8080213709813506e-09
2026-03-02,52.369998931884766,3.958333887895841,-0.03692671891038213
2026-03-03,51.380001068115234,3.9392490124702784,-0.019084875425562586
2026-03-04,50.84000015258789,3.928683449322589,-0.010565563147689527
2026-03-05,48.21,3.875566468417531,-0.05311698090505779
2026-03-06,45.68,3.821660565347755,-0.05390590306977616
2026-03-09,45.6,3.8199077165203406,-0.0017528488274143328
2026-03-10,45.27,3.8126445614478675,-0.007263155072473104
2026-03-11,45.17,3.8104331496665127,-0.002211411781354755
2026-03-12,43.27000045776367,3.7674595648160323,-0.04297358485048042
2026-03-13,43.16,3.764914140389934,-0.002545424426098286
