date,price,log_price,r
2016-01-07,4.321150302886963,1.4635216406278648,-0.13737002983200552
2016-01-08,4.083724498748779,1.4070094393464656,-0.05651220128139922
2016-01-11,3.8937833309173584,1.3593812636241756,-0.047628175722290056
2016-01-12,3.751327991485596,1.32210990835554,-0.03727135526863545
2016-01-13,3.1625120639801025,1.1513666687436284,-0.17074323961191173
2016-01-14,2.4787254333496094,0.9077444898999251,-0.2436221788437033
2016-01-15,2.8491098880767822,1.0470066255254602,0.13926213562553513
2016-01-18,2.8491098880767822,1.0470066255254602,0.0
2016-01-19,2.3172760009765625,0.8403923583286395,-0.20661426719682074
2016-01-20,2.0893473625183105,0.7368517504736594,-0.1035406078549801
2016-01-21,1.918400764465332,0.6514919037821364,-0.08535984669152297
2016-01-22,1.4245549440383911,0.35385944496551486,-0.29763245881662154
2016-01-26,1.4245549440383911,0.35385944496551486,0.0
2016-01-27,1.586004614830017,0.46121803293731145,0.10735858797179659
2016-01-28,1.6809747219085691,0.5193738167813311,0.05815578384401965
2016-01-29,1.794939398765564,0.5849712602369318,0.0655974434556007
2016-02-01,1.889909505844116,0.6365289474194843,0.05155768718255249
2016-02-02,1.756951093673706,0.5635799736859143,-0.07294897373357001
2016-02-03,1.7094658613204956,0.53618095991858,-0.027399013767334335
2016-02-04,1.794939398765564,0.5849712602369318,0.048790300318351854
2016-02-05,2.1843175888061523,0.7813034634307926,0.1963322031938608
2016-02-10,2.0608561038970947,0.7231214808862695,-0.058181982544523114
2016-02-11,1.956388592720032,0.6711002189157247,-0.052021261970544797
2016-02-12,2.032365083694458,0.7092001807504915,0.03809996183476683
2016-02-15,2.098844289779663,0.741386855037566,0.032186674287074446
2016-02-16,2.1843175888061523,0.7813034634307926,0.03991660839322664
2016-02-17,2.165323734283448,0.7725698811226888,-0.008733582308103838
2016-02-18,2.0608561038970947,0.7231214808862695,-0.049448400236419277
2016-02-19,2.051359176635742,0.7185025864473494,-0.0046188944389200515
2016-02-22,2.0893473625183105,0.7368517504736594,0.018349164026309928
2016-02-23,2.051359176635742,0.7185025864473494,-0.018349164026309928
2016-02-24,2.098844289779663,0.741386855037566,0.022884268590216528
2016-02-25,2.117838382720948,0.750395937714817,0.00900908267725109
2016-02-26,2.2223057746887207,0.7985452941208859,0.04814935640606888
2016-02-29,2.4977197647094727,0.9153782215470041,0.11683292742611817
2016-03-01,2.7541399002075195,1.0131051979296477,0.0977269763826436
2016-03-02,2.8396129608154297,1.0436677614829428,0.03056256355329512
2016-03-03,2.735145568847656,1.0061846588991303,-0.03748310258381249
2016-03-04,2.944080114364624,1.0797964132560922,0.07361175435696188
2016-03-07,2.9345829486846924,1.0765653473350019,-0.003231065921090348
2016-03-08,3.2099974155426025,1.1662701320146853,0.08970478467968346
2016-03-09,3.513902187347412,1.2567271542458596,0.09045702223117424
2016-03-10,3.6183693408966064,1.2860234660349998,0.029296311789140272
2016-03-11,3.380943775177002,1.2181548939444704,-0.06786857209052943
2016-03-14,3.105530023574829,1.1331844008419503,-0.08497049310252014
2016-03-15,2.735145568847656,1.0061846588991303,-0.12699974194281993
2016-03-16,2.953577280044556,1.0830170730042032,0.07683241410507291
2016-03-17,3.219494342803955,1.1692243108285238,0.0862072378243206
2016-03-18,3.2574825286865234,1.1809546665908217,0.011730355762297862
2016-03-21,3.247985363006592,1.1780349158257897,-0.0029197507650320365
2016-03-22,3.2764763832092285,1.186768571538957,0.00873365571316742
2016-03-23,3.285973310470581,1.189662897388111,0.0028943258491538337
2016-03-24,3.1435179710388184,1.1453425457130797,-0.04432035167503123
2016-03-28,3.181505918502808,1.1573546439758906,0.01201209826281091
2016-03-29,3.40943455696106,1.22654645847292,0.06919181449702938
2016-03-30,3.1340208053588867,1.1423167825074818,-0.08422967596543818
2016-03-31,3.1625120639801025,1.1513666687436284,0.009049886236146554
2016-04-01,3.285973310470581,1.189662897388111,0.038296228644482566
2016-04-04,3.418931722640991,1.2293281404785252,0.039665243090414304
2016-04-05,3.0675413608551025,1.1208763810833724,-0.10845175939515284
2016-04-06,3.0675413608551025,1.1208763810833724,0.0
2016-04-07,2.564198732376098,0.9416460447818048,-0.1792303363015676
2016-04-08,2.991565465927124,1.0957968175888175,0.15415077280701273
2016-04-11,3.181505918502808,1.1573546439758906,0.06155782638707308
2016-04-12,3.4569201469421387,1.2403780617262574,0.08302341775036681
2016-04-13,3.2004997730255127,1.1633069766814723,-0.0770710850447851
2016-04-14,3.703843116760254,1.3093709608006063,0.14606398411913402
2016-04-15,3.561387300491333,1.2701501601033143,-0.03922080069729206
2016-04-18,3.5518901348114014,1.2674798941367573,-0.0026702659665569506
2016-04-19,3.684848785400391,1.3042294896298339,0.03674959549307655
2016-04-20,3.703843116760254,1.3093709608006063,0.00514147117077246
2016-04-22,3.751327991485596,1.32210990835554,0.012738947554933766
2016-04-25,3.751327991485596,1.32210990835554,0.0
2016-04-26,4.055233001708984,1.4000081462640621,0.07789823790852202
2016-04-27,4.093221187591553,1.40933223650739,0.00932409024332781
2016-04-28,4.055233001708984,1.4000081462640621,-0.00932409024332781
2016-04-29,4.064730167388916,1.402347361310437,0.0023392150463747985
2016-05-02,4.1691975593566895,1.4277235854843866,0.02537622417394969
2016-05-03,4.074227333068848,1.4046811171974425,-0.023042468286944118
2016-05-04,4.292658805847168,1.4569063092256358,0.05222519202819331
2016-05-05,4.226179122924805,1.4412983042219687,-0.015608005003667103
2016-05-06,4.273664951324463,1.45247176152755,0.01117345730558128
2016-05-09,4.178694725036621,1.4299989310336045,-0.02247283049394544
2016-05-10,4.226179122924805,1.4412983042219687,0.011299373188364159
2016-05-11,4.178694725036621,1.4299989310336045,-0.011299373188364159
2016-05-12,4.178694725036621,1.4299989310336045,0.0
2016-05-13,4.2546706199646,1.4480173489149424,0.018018417881337845
2016-05-16,4.064730167388916,1.402347361310437,-0.04566998760450547
2016-05-17,3.789316415786743,1.3321856375987988,-0.07016172371163809
2016-05-18,3.656357765197754,1.2964675058057933,-0.035718131793005536
2016-05-19,3.6373636722564697,1.2912591533778122,-0.005208352427981122
2016-05-20,3.855795383453369,1.3495773108832172,0.05831815750540503
2016-05-23,3.722837209701538,1.314486068364226,-0.035091242518991095
2016-05-24,3.865292549133301,1.3520373710593236,0.037551302695097544
2016-05-25,4.150203704833984,1.423157418540118,0.07112004748079426
2016-05-27,4.2546706199646,1.4480173489149424,0.02485993037482448
2016-05-30,4.273664951324463,1.45247176152755,0.0044544126126075945
2016-05-31,4.501593589782715,1.5044314651494946,0.051959703621944575
2016-06-01,4.511090755462647,1.5065389769254207,0.002107511775926163
2016-06-02,4.672540187835693,1.5417028612385104,0.0351638843130897
2016-06-03,4.682036876678467,1.5437332453039267,0.002030384065416335
2016-06-06,4.79600191116333,1.5677826356562914,0.02404939035236464
2016-06-07,4.682036876678467,1.5437332453039267,-0.02404939035236464
2016-06-08,4.625054836273193,1.531488227385602,-0.012245017918324663
2016-06-09,4.530084609985352,1.5107406170214772,-0.02074761036412487
2016-06-10,4.273664951324463,1.45247176152755,-0.05826885549392724
2016-06-13,4.235676765441895,1.4435431182747622,-0.008928643252787749
2016-06-14,4.235676765441895,1.4435431182747622,0.0
2016-06-15,4.3496413230896,1.4700933872388757,0.0265502689641135
2016-06-16,4.3021559715271,1.4591162857734203,-0.010977101465455386
2016-06-17,4.2071852684021,1.4367938417661643,-0.022322444007256026
2016-06-20,4.43511438369751,1.4895534065670653,0.05275956480090094
2016-06-21,4.501593589782715,1.5044314651494946,0.014878058582429299
2016-06-22,4.5585761070251465,1.5170103175325267,0.012578852383032135
2016-06-23,4.663043022155762,1.5396682440662215,0.022657926533694805
2016-06-24,4.539581775665283,1.5128348879124436,-0.02683335615377791
2016-06-27,4.4636054039001465,1.4959568259882663,-0.01687806192417729
2016-06-28,4.625054836273193,1.531488227385602,0.03553140139733579
2016-06-29,4.691534519195557,1.545759718537281,0.014271491151678806
2016-06-30,4.6535468101501465,1.5376296837206054,-0.008130034816675513
2016-07-01,4.60606050491333,1.5273729374201899,-0.010256746300415509
2016-07-04,4.938456535339356,1.5970528401405888,0.06967990272039892
2016-07-05,4.995439529418945,1.6085254021069495,0.011472561966360706
2016-07-06,5.042924880981445,1.6179862472829611,0.009460845176011645
2016-07-07,5.10940408706665,1.6310827804029233,0.013096533119962173
2016-07-08,5.261356353759766,1.660388855440459,0.029306075037535795
2016-07-11,5.346829891204834,1.6765038415844862,0.016114986144027066
2016-07-12,5.232864856719971,1.6549589018549837,-0.021544939729502444
2016-07-13,5.080913066864014,1.6254909830111848,-0.029467918843798957
2016-07-14,5.128397464752197,1.6347932253417503,0.009302242330565536
2016-07-15,5.128397464752197,1.6347932253417503,0.0
2016-07-18,5.403811931610107,1.687104617791787,0.05231139245003669
2016-07-19,5.688723087310791,1.7384858094758746,0.05138119168408761
2016-07-20,5.603249549865723,1.7233467062073817,-0.015139103268492882
2016-07-21,5.584255695343018,1.7199511551249997,-0.0033955510823819868
2016-07-22,5.6982197761535645,1.7401538060854054,0.020202650960405633
2016-07-25,5.7172136306762695,1.7434815592024104,0.003327753117005061
2016-07-26,5.726711273193359,1.745141417123093,0.0016598579206825725
2016-07-27,5.783693313598633,1.7550424602139312,0.009901043090838169
2016-07-28,5.736207962036133,1.7467983582252014,-0.008244101988729824
2016-07-29,5.812183856964111,1.7599563792345514,0.01315802100935004
2016-08-01,5.812183856964111,1.7599563792345514,0.0
2016-08-02,5.94514274597168,1.782574540951486,0.022618161716934537
2016-08-03,6.125586032867432,1.8124744306893619,0.02989988973787594
2016-08-04,6.144580364227295,1.8155704517077285,0.0030960210183665904
2016-08-05,6.325024127960205,1.8445138493035735,0.028943397595845077
2016-08-08,6.106591701507568,1.8093687945485235,-0.03514505475505003
2016-08-09,6.173071384429932,1.820196507321882,0.010827712773358478
2016-08-10,6.068603515625,1.8031285152790575,-0.017067992042824498
2016-08-11,6.647922992706299,1.894304473958124,0.09117595867906658
2016-08-12,6.505467414855957,1.8726429640880324,-0.021661509870091633
2016-08-15,6.533958911895752,1.8770130248052272,0.0043700607171948125
2016-08-16,6.457982540130615,1.8653169687292412,-0.011696056075986005
2016-08-17,6.685911178588867,1.9000025032235843,0.034685534494343084
2016-08-18,6.761887550354004,1.9113020745044158,0.011299571280831477
2016-08-19,7.189254283905029,1.9725874506246257,0.0612853761202099
2016-08-22,6.932834148406982,1.9362686976212786,-0.03631875300334708
2016-08-23,7.075289726257324,1.956608393398593,0.020339695777314315
2016-08-24,6.932834148406982,1.9362686976212786,-0.020339695777314315
2016-08-25,6.856857776641846,1.9252492867486142,-0.011019410872664448
2016-08-26,6.837863445281982,1.9224753210384706,-0.0027739657101435444
2016-08-29,6.828367233276367,1.9210855869183086,-0.0013897341201620783
2016-08-30,6.723898887634277,1.905668177901222,-0.015417409017086658
2016-08-31,6.837863445281982,1.9224753210384706,0.016807143137248737
2016-09-01,6.742893695831299,1.9084891645134328,-0.013986156525037874
2016-09-02,6.847361087799072,1.923863335392048,0.015374170878615256
2016-09-05,6.923337459564209,1.9348979452087864,0.011034609816738428
2016-09-06,6.923337459564209,1.9348979452087864,0.0
2016-09-08,6.932834148406982,1.9362686976212786,0.0013707524124921822
2016-09-09,6.609935283660889,1.888573863144091,-0.0476948344771877
2016-09-12,6.571946620941162,1.8828100779480563,-0.005763785196034599
2016-09-13,6.3345208168029785,1.846014170312836,-0.036795907635220226
2016-09-14,6.287035942077637,1.838489726273025,-0.007524444039811007
2016-09-15,6.325024127960205,1.8445138493035735,0.006024123030548445
2016-09-16,6.268041610717773,1.8354639630674272,-0.009049886236146332
2016-09-19,6.249048233032227,1.8324291694372765,-0.0030347936301506895
2016-09-20,5.94514274597168,1.782574540951486,-0.049854628485790586
2016-09-21,5.869165897369385,1.769712527894947,-0.01286201305653889
2016-09-22,5.964136600494385,1.7857643008143043,0.01605177291935722
2016-09-23,5.973633289337158,1.7873553334667558,0.0015910326524515295
2016-09-26,5.85017204284668,1.7664710698449484,-0.020884263621807397
2016-09-27,5.8596696853637695,1.7680932343148401,0.0016221644698917181
2016-09-28,5.99262809753418,1.790530063407349,0.022436829092508992
2016-09-29,5.907154560089111,1.7761642535641484,-0.014365809843200683
2016-09-30,6.002124786376953,1.7921135376012756,0.015949284037127143
2016-10-03,5.973633289337158,1.7873553334667558,-0.004758204134519772
2016-10-04,5.869165897369385,1.769712527894947,-0.01764280557180875
2016-10-05,5.8596696853637695,1.7680932343148401,-0.0016192935801069286
2016-10-06,5.869165897369385,1.769712527894947,0.0016192935801069286
2016-10-07,5.878663539886475,1.7713294469414922,0.001616919046545151
2016-10-10,5.831178188323975,1.76321907056645,-0.008110376375042083
2016-10-11,6.192065715789795,1.823268749246256,0.06004967867980593
2016-10-13,6.192065715789795,1.823268749246256,0.0
2016-10-14,6.249048233032227,1.8324291694372765,0.00916042019102048
2016-10-17,6.230053424835205,1.8293849081775537,-0.0030442612597227914
2016-10-18,6.514965057373047,1.874101847150767,0.04471693897321338
2016-10-19,6.315526962280273,1.8430111984461626,-0.03109064870460454
2016-10-20,6.505467414855957,1.8726429640880324,0.029631765641869867
2016-10-21,6.42949104309082,1.8608953816316276,-0.011747582456404837
2016-10-24,6.486473083496094,1.8697189444012798,0.008823562769652238
2016-10-25,6.486473083496094,1.8697189444012798,0.0
2016-10-26,6.391502857208252,1.8549694296583439,-0.014749514742935954
2016-10-27,6.495970726013184,1.8711820963857348,0.016212666727390967
2016-10-28,6.505467414855957,1.8726429640880324,0.0014608677022975858
2016-10-31,6.780881404876709,1.9141070942222216,0.04146413013418915
2016-11-01,6.552952766418457,1.8799157520989023,-0.03419134212331931
2016-11-03,6.040112495422363,1.7984226368432068,-0.08149311525569547
2016-11-04,5.793190002441406,1.7566830902027946,-0.04173954664041224
2016-11-07,6.220556735992432,1.8278594101398218,0.07117631993702722
2016-11-08,6.419994831085205,1.8594173125746305,0.031557902434808716
2016-11-09,6.382006168365479,1.8534824943810437,-0.005934818193586766
2016-11-10,5.793190002441406,1.7566830902027946,-0.09679940417824917
2016-11-11,5.232864856719971,1.6549589018549837,-0.10172418834781083
2016-11-14,4.985942840576172,1.6066225210517335,-0.0483363808032502
2016-11-16,5.185379981994629,1.6458431238554243,0.039220602803690774
2016-11-17,5.498782157897949,1.7045266418833687,0.05868351802794436
2016-11-18,5.460793495178223,1.6975941079848287,-0.006932533898539983
2016-11-21,5.688723087310791,1.7384858094758746,0.04089170149104593
2016-11-22,5.888160228729248,1.7729435938160376,0.034457784340163
2016-11-23,5.869165897369385,1.769712527894947,-0.00323106592109057
2016-11-24,5.8596696853637695,1.7680932343148401,-0.0016192935801069286
2016-11-25,5.869165897369385,1.769712527894947,0.0016192935801069286
2016-11-28,6.268041610717773,1.8354639630674272,0.06575143517248017
2016-11-29,5.888160228729248,1.7729435938160376,-0.0625203692513896
2016-11-30,6.040112495422363,1.7984226368432068,0.02547904302716919
2016-12-01,5.612746238708496,1.7250401253725163,-0.07338251147069053
2016-12-02,5.536769866943359,1.7114112742072276,-0.013628851165288669
2016-12-05,5.546267509460449,1.7131251806968395,0.0017139064896118938
2016-12-06,5.650733947753906,1.7317854389791105,0.018660258282271025
2016-12-07,5.622243404388428,1.7267307665290725,-0.005054672450037989
2016-12-08,5.622243404388428,1.7267307665290725,0.0
2016-12-09,5.7172136306762695,1.7434815592024104,0.0167507926733379
2016-12-12,5.565261363983154,1.716543949299975,-0.026937609902435433
2016-12-13,5.631740093231201,1.7284184695719875,0.011874520272012523
2016-12-14,5.4228057861328125,1.6906133542234891,-0.0378051153484984
2016-12-15,5.432302951812744,1.6923631603898617,0.0017498061663725473
2016-12-16,5.641237735748291,1.7301034981258294,0.037740337735967744
2016-12-19,5.631740093231201,1.7284184695719875,-0.001685028553841894
2016-12-20,5.6697282791137695,1.7351411940364476,0.006722724464460095
2016-12-21,5.622243404388428,1.7267307665290725,-0.008410427507375084
2016-12-22,5.631740093231201,1.7284184695719875,0.0016877030429149897
2016-12-23,5.622243404388428,1.7267307665290725,-0.0016877030429149897
2016-12-26,5.688723087310791,1.7384858094758746,0.011755042946802075
2016-12-27,5.6982197761535645,1.7401538060854054,0.0016679966095307641
2016-12-28,5.8406758308410645,1.7648465146036634,0.024692708518258
2016-12-29,5.831178188323975,1.76321907056645,-0.001627444037213266
2017-01-02,5.802687168121338,1.7583211151083271,-0.004897955458122993
2017-01-03,5.869165897369385,1.769712527894947,0.011391412786619926
2017-01-04,5.869165897369385,1.769712527894947,0.0
2017-01-05,5.878663539886475,1.7713294469414922,0.001616919046545151
2017-01-06,6.03061580657959,1.7968491293356899,0.025519682394197662
2017-01-09,6.125586032867432,1.8124744306893619,0.015625301353672016
2017-01-10,6.230053424835205,1.8293849081775537,0.016910477488191855
2017-01-11,6.258544921875,1.8339477174984573,0.0045628093209035825
2017-01-12,6.543455600738525,1.8784654052437253,0.044517687745267986
2017-01-13,6.410497665405273,1.8579369068276137,-0.020528498416111596
2017-01-16,6.400999546051025,1.8564541572414175,-0.0014827495861962081
2017-01-17,6.533958911895752,1.8770130248052272,0.020558867563809757
2017-01-18,6.514965057373047,1.874101847150767,-0.0029111776544601398
2017-01-19,6.552952766418457,1.8799157520989023,0.005813904948135162
2017-01-20,6.894845962524414,1.9307741705351498,0.0508584184362475
2017-01-23,6.989816188812256,1.9444542595927055,0.013680089057555689
2017-01-24,7.122774600982666,1.9632973406632597,0.018843081070554213
2017-01-26,7.265230178833008,1.9830999797733375,0.019802639110077846
2017-01-27,7.284224510192871,1.9857109837671976,0.0026110039938600504
2017-01-30,7.018307685852051,1.9485221185841364,-0.03718886518306119
2017-01-31,7.122774600982666,1.9632973406632597,0.014775222079123296
2017-02-01,7.141768932342529,1.9659604952944272,0.002663154631167508
2017-02-02,7.236738681793213,1.979170646594945,0.013210151300517836
2017-02-03,7.36020040512085,1.9960871613267208,0.0169165147317758
2017-02-06,7.502655982971191,2.0152570889154853,0.019169927588764457
2017-02-07,7.464667797088623,2.0101809286062453,-0.005076160309239963
2017-02-08,7.502655982971191,2.0152570889154853,0.005076160309239963
2017-02-09,7.53114652633667,2.01904729135494,0.003790202439454937
2017-02-10,7.920525550842285,2.0694575610543593,0.050410269699419086
2017-02-13,8.262417793273926,2.1117172557514774,0.0422596946971181
2017-02-14,8.119962692260742,2.094325559613862,-0.017391696137615487
2017-02-15,8.300407409667969,2.1163045991000633,0.02197903948620139
2017-02-16,8.357389450073242,2.12314611159355,0.0068415124934868565
2017-02-17,8.68978500366211,2.162148198310959,0.03900208671740879
2017-02-20,8.83224105834961,2.1784087829065664,0.01626058459560742
2017-02-21,8.623306274414062,2.1544685696525505,-0.023940213254015852
2017-02-22,8.281412124633789,2.1140135003091314,-0.04045506934341914
2017-02-23,8.100968360900879,2.091983605261278,-0.022029895047853465
2017-02-24,8.148454666137695,2.097828297757388,0.005844692496109971
2017-03-01,8.062980651855469,2.0872832960789554,-0.01054500167843253
2017-03-02,7.787566661834717,2.0525284441841207,-0.034754851894834626
2017-03-03,8.062980651855469,2.0872832960789554,0.034754851894834626
2017-03-06,8.195940017700195,2.10363891186527,0.016355615786314726
2017-03-07,7.977507591247559,2.0766260307520787,-0.027012881113191334
2017-03-08,7.787566661834717,2.0525284441841207,-0.024097586567958018
2017-03-09,7.645112037658691,2.0340664942976696,-0.018461949886451112
2017-03-10,7.987004280090332,2.077815755817208,0.04374926151953851
2017-03-13,7.987004280090332,2.077815755817208,0.0
2017-03-14,7.987004280090332,2.077815755817208,0.0
2017-03-15,7.987004280090332,2.077815755817208,0.0
2017-03-16,7.987004280090332,2.077815755817208,0.0
2017-03-17,7.987004280090332,2.077815755817208,0.0
2017-03-20,7.987004280090332,2.077815755817208,0.0
2017-03-21,8.157952308654785,2.0989931949178455,0.021177439100637407
2017-03-22,8.309904098510742,2.117448068308676,0.018454873390830517
2017-03-23,8.262417793273926,2.1117172557514774,-0.00573081255719865
2017-03-24,8.119962692260742,2.094325559613862,-0.017391696137615487
2017-03-27,8.119962692260742,2.094325559613862,0.0
2017-03-28,8.119962692260742,2.094325559613862,0.0
2017-03-29,8.100968360900879,2.091983605261278,-0.002341954352583997
2017-03-30,8.119962692260742,2.094325559613862,0.002341954352583997
2017-03-31,8.119962692260742,2.094325559613862,0.0
2017-04-03,8.423868179321289,2.1310691264805226,0.03674356686666069
2017-04-04,8.5093412399292,2.141164529474888,0.010095402994365177
2017-04-05,8.281412124633789,2.1140135003091314,-0.027151029165756402
2017-04-06,8.167448997497559,2.100156619906411,-0.013856880402720595
2017-04-07,8.309904098510742,2.117448068308676,0.017291448402265264
2017-04-10,8.366886138916016,2.1242817888685326,0.006833720559856538
2017-04-11,8.442861557006836,2.1333212981831315,0.009039509314598959
2017-04-12,8.404874801635742,2.128811871048952,-0.004509427134179678
2017-04-13,8.176944732666016,2.101318576280396,-0.027493294768555998
2017-04-17,8.404874801635742,2.128811871048952,0.027493294768555998
2017-04-18,8.490347862243652,2.1389299726574533,0.010118101608501462
2017-04-19,8.404874801635742,2.128811871048952,-0.010118101608501462
2017-04-20,8.252920150756836,2.1105670953858477,-0.018244775663104118
2017-04-24,8.186442375183105,2.102479417067335,-0.008087678318512648
2017-04-25,8.167448997497559,2.100156619906411,-0.002322797160924317
2017-04-26,8.148454666137695,2.097828297757388,-0.002328322149022899
2017-04-27,8.243424415588379,2.10941584200616,0.011587544248772286
2017-04-28,8.290909767150879,2.1151597058461626,0.005743863840002472
2017-05-02,8.803750991821289,2.175177879736433,0.06001817389027053
2017-05-03,8.90821647644043,2.1869740504514903,0.01179617071505712
2017-05-04,8.73727035522461,2.167597824550683,-0.01937622590080723
2017-05-05,8.76576042175293,2.170853271227622,0.003255446676938778
2017-05-08,8.813246726989746,2.1762558995261414,0.005402628298519563
2017-05-09,9.21212100982666,2.220520117980135,0.04426421845399364
2017-05-10,9.21212100982666,2.220520117980135,0.0
2017-05-11,9.411559104919434,2.241938625836693,0.021418507856557856
2017-05-12,9.421056747436523,2.2429472635529564,0.0010086377162634719
2017-05-15,9.62049388885498,2.2638956031575876,0.020948339604631272
2017-05-16,9.943392753601074,2.2969082857308436,0.03301268257325596
2017-05-17,9.81043529510498,2.28344664518254,-0.013461640548303677
2017-05-18,8.148454666137695,2.097828297757388,-0.18561834742515204
2017-05-19,8.423868179321289,2.1310691264805226,0.03324082872313472
2017-05-22,7.502655982971191,2.0152570889154853,-0.11581203756503733
2017-05-23,7.58812952041626,2.0265851210383548,0.01132803212286948
2017-05-24,8.138957977294922,2.096662159202803,0.07007703816444844
2017-05-25,8.281412124633789,2.1140135003091314,0.01735134110632819
2017-05-26,8.338395118713379,2.120870766044332,0.006857265735200624
2017-05-29,8.338395118713379,2.120870766044332,0.0
2017-05-30,8.129460334777832,2.0954945418703823,-0.02537622417394969
2017-05-31,8.053483009338379,2.0861046698224475,-0.009389872047934844
2017-06-01,7.844549655914307,2.0598189793000703,-0.02628569052237717
2017-06-02,7.76857328414917,2.0500865290059926,-0.009732450294077655
2017-06-05,7.483662128448486,2.0127222615413873,-0.037364267464605305
2017-06-06,7.388691902160644,1.9999507101122507,-0.012771551429136663
2017-06-07,7.62611722946167,2.0315788336568033,0.03162812354455258
2017-06-08,7.521650314331055,2.0177855705776104,-0.013793263079192819
2017-06-09,7.483662128448486,2.0127222615413873,-0.005063309036223096
2017-06-12,7.350703716278076,1.9947960523529116,-0.01792620918847576
2017-06-13,7.502655982971191,2.0152570889154853,0.020461036562573698
2017-06-14,7.702093601226807,2.0414921881657695,0.026235099250284222
2017-06-15,7.702093601226807,2.0414921881657695,0.0
2017-06-16,7.882537364959717,2.0646498526681167,0.02315766450234724
2017-06-19,7.920525550842285,2.0694575610543593,0.00480770838624256
2017-06-20,7.711590766906738,2.0427244914431624,-0.026733069611196925
2017-06-21,7.72108793258667,2.043955278018034,0.001230786574871523
2017-06-22,7.977507591247559,2.0766260307520787,0.03267075273404485
2017-06-23,7.835052490234375,2.058607575241111,-0.0180184555109677
2017-06-26,7.93951940536499,2.0718527451355704,0.013245169894459341
2017-06-27,7.854046821594238,2.061028917634641,-0.010823827500929362
2017-06-28,7.854046821594238,2.061028917634641,0.0
2017-06-29,8.005998611450195,2.08019108713172,0.019162169497079162
2017-06-30,8.214933395385742,2.105953643773557,0.02576255664183691
2017-07-03,8.262417793273926,2.1117172557514774,0.005763611977920302
2017-07-04,8.309904098510742,2.117448068308676,0.00573081255719865
2017-07-05,8.499844551086426,2.140047875221562,0.022599806912885878
2017-07-06,8.461857795715332,2.135568747112393,-0.0044791281091689505
2017-07-07,8.357389450073242,2.12314611159355,-0.012422635518842817
2017-07-10,8.366886138916016,2.1242817888685326,0.0011356772749824273
2017-07-11,8.528335571289062,2.1433942160031063,0.01911242713457373
2017-07-12,8.6043119430542,2.1522634663333657,0.008869250330259426
2017-07-13,8.974695205688477,2.194408973428704,0.042145507095338264
2017-07-14,9.107653617858888,2.2091151169402035,0.014706143511499459
2017-07-17,8.96519947052002,2.193350356728145,-0.015764760212058526
2017-07-18,9.117152214050291,2.210157498092472,0.016807141364326927
2017-07-19,9.164636611938477,2.2153522309626124,0.005194732870140495
2017-07-20,9.164636611938477,2.2153522309626124,0.0
2017-07-21,9.449546813964844,2.24596678416152,0.03061455319890749
2017-07-24,9.648985862731934,2.2668528178834717,0.020886033721951858
2017-07-25,9.686973571777344,2.2707820522251185,0.003929234341646826
2017-07-26,9.573009490966797,2.2589476273944986,-0.011834424830619916
2017-07-27,9.677475929260254,2.2698011161775264,0.010853488783027831
2017-07-28,9.895909309387209,2.292121470677459,0.022320354499932638
2017-07-31,9.81993293762207,2.2844142931803337,-0.00770717749712535
2017-08-01,9.781944274902344,2.280538265403162,-0.0038760277771716645
2017-08-02,10.418245315551758,2.343558626324684,0.06302036092152186
2017-08-03,10.275789260864258,2.329790571141693,-0.013768055182990846
2017-08-04,10.285286903381348,2.330714418037326,0.0009238468956329626
2017-08-07,10.332771301269531,2.335320524138113,0.004606106100787155
2017-08-08,10.304281234741213,2.332559462733825,-0.002761061404288334
2017-08-09,10.19981288909912,2.322369375916,-0.010190086817825073
2017-08-10,9.924399375915527,2.294996308461519,-0.02737306745448098
2017-08-11,9.85792064666748,2.2882752586126744,-0.006721049848844363
2017-08-14,9.81993293762207,2.2844142931803337,-0.0038609654323407128
2017-08-15,9.563511848449709,2.2579550077716877,-0.02645928540864606
2017-08-16,9.75345230102539,2.277621304493913,0.019666296722225418
2017-08-17,9.59200382232666,2.260929816216237,-0.016691488277676303
2017-08-18,9.715463638305664,2.273718805654178,0.012788989437941378
2017-08-21,9.573009490966797,2.2589476273944986,-0.014771178259679552
2017-08-22,9.81043529510498,2.28344664518254,0.02449901778804131
2017-08-23,9.895909309387209,2.292121470677459,0.008674825494919158
2017-08-24,9.943392753601074,2.2969082857308436,0.004786815053384519
2017-08-25,9.80093765258789,2.2824780599350976,-0.014430225795746043
2017-08-28,9.962387084960938,2.298816710045673,0.016338650110575337
2017-08-29,9.971885681152344,2.299769701611679,0.000952991566006034
2017-08-30,9.84842300415039,2.287311341264965,-0.012458360346713881
2017-08-31,9.81043529510498,2.28344664518254,-0.003864696082425123
2017-09-01,9.829429626464844,2.2853809087182406,0.0019342635357006976
2017-09-04,9.59200382232666,2.260929816216237,-0.024451092502003835
2017-09-05,9.629993438720703,2.264882544472388,0.003952728256151339
2017-09-06,9.259607315063477,2.2256616411782857,-0.03922090329410244
2017-09-07,9.259607315063477,2.2256616411782857,0.0
2017-09-08,9.364073753356934,2.236880425863872,0.011218784685586236
2017-09-11,9.402061462402344,2.240928969743127,0.004048543879255018
2017-09-12,9.326086044311523,2.2328154246261667,-0.008113545116960275
2017-09-13,9.345080375671388,2.234850041798456,0.0020346171722893658
2017-09-14,9.449546813964844,2.24596678416152,0.011116742363063814
2017-09-15,9.686973571777344,2.2707820522251185,0.024815268063598683
2017-09-18,9.971885681152344,2.299769701611679,0.0289876493865604
2017-09-19,10.038363456726074,2.3064140986591415,0.006644397047462558
2017-09-20,9.962387084960938,2.298816710045673,-0.007597388613468592
2017-09-21,9.867417335510254,2.2892381510695845,-0.009578558976088392
2017-09-22,10.29478359222412,2.33163731959093,0.0423991685213454
2017-09-25,10.579694747924805,2.3589365742109836,0.02729925462005367
2017-09-26,10.779131889343262,2.377612032492634,0.018675458281650403
2017-09-27,11.007061958312988,2.3985370630172342,0.020925030524600263
2017-09-28,11.111527442932127,2.4079830778137854,0.009446014796551161
2017-09-29,11.481913566589355,2.440773063985824,0.03278998617203843
2017-10-02,11.633864402770996,2.4539201901663055,0.013147126180481639
2017-10-03,12.156203269958496,2.4978395966948064,0.043919406528500904
2017-10-04,11.99475383758545,2.4844693739956623,-0.013370222699144119
2017-10-05,11.66235637664795,2.4563662511263953,-0.028103122869266972
2017-10-06,11.538894653320312,2.4457234725513315,-0.010642778575063794
2017-10-09,11.861794471740724,2.473322686655462,0.027599214104130354
2017-10-10,12.298657417297363,2.5094901033554873,0.036167416700025434
2017-10-11,12.393628120422363,2.5171824792827886,0.00769237592730132
2017-10-12,12.393628120422363,2.5171824792827886,0.0
2017-10-13,12.422120094299316,2.519478761961841,0.0022962826790524637
2017-10-16,12.631053924560549,2.5361583790061077,0.01667961704426668
2017-10-17,12.403124809265137,2.517948441611325,-0.018209937394782827
2017-10-18,12.60256290435791,2.533900198381189,0.015951756769863934
2017-10-19,12.441113471984863,2.521006590699767,-0.01289360768142167
2017-10-20,12.83998966217041,2.552564493134576,0.03155790243480894
2017-10-23,12.631053924560549,2.5361583790061077,-0.016406114128468374
2017-10-24,12.678540229797363,2.5399108185488073,0.0037524395426995483
2017-10-25,12.669041633605955,2.539161350872781,-0.0007494676760262386
2017-10-26,12.365138053894045,2.5148810658034138,-0.024280285069367302
2017-10-27,12.60256290435791,2.533900198381189,0.0190191325777751
2017-10-30,12.156203269958496,2.4978395966948064,-0.036060601686382476
2017-10-31,12.06123161315918,2.4899963098956355,-0.007843286799170901
2017-11-01,11.633864402770996,2.4539201901663055,-0.03607611972933
2017-11-02,11.633864402770996,2.4539201901663055,0.0
2017-11-03,11.681351661682127,2.4579936951636085,0.004073504997303079
2017-11-06,11.690847396850586,2.458806261894463,0.0008125667308545026
2017-11-07,11.301467895507812,2.4249326195390557,-0.03387364235540735
2017-11-08,11.966261863708496,2.4820911787087083,0.05715855916965262
2017-11-09,11.595877647399902,2.4506496597274334,-0.031441518981274896
2017-11-10,10.874102592468262,2.3863840533369625,-0.06426560639047096
2017-11-13,11.443924903869627,2.437459013113697,0.051074959776734374
2017-11-14,11.159013748168944,2.412247579227982,-0.025211433885715007
2017-11-15,11.159013748168944,2.412247579227982,0.0
2017-11-16,11.443924903869627,2.437459013113697,0.025211433885715007
2017-11-17,11.633864402770996,2.4539201901663055,0.016461177052608633
2017-11-20,11.633864402770996,2.4539201901663055,0.0
2017-11-21,12.3271484375,2.5118040201534084,0.05788382998710295
2017-11-22,12.678540229797363,2.5399108185488073,0.02810679839539887
2017-11-23,12.441113471984863,2.521006590699767,-0.01890422784904011
2017-11-24,12.24167537689209,2.5048461449144175,-0.016160445785349697
2017-11-27,12.298657417297363,2.5094901033554873,0.004643958441069795
2017-11-28,12.431615829467772,2.520242891399735,0.01075278804424773
2017-11-29,12.156203269958496,2.4978395966948064,-0.022403294704928634
2017-11-30,12.365138053894045,2.5148810658034138,0.017041469108607377
2017-12-01,12.10871696472168,2.4939256035393282,-0.02095546226408551
2017-12-04,12.156203269958496,2.4978395966948064,0.003913993155478135
2017-12-05,11.918777465820312,2.4781150947851485,-0.01972450190965791
2017-12-06,12.213183403015137,2.502515975108469,0.02440088032332044
2017-12-07,11.861794471740724,2.473322686655462,-0.02919328845300706
2017-12-08,11.852296829223633,2.472521674050393,-0.0008010126050690403
2017-12-11,11.681351661682127,2.4579936951636085,-0.014527978886784254
2017-12-12,11.45342254638672,2.438288597683038,-0.019705097480570366
2017-12-13,11.263480186462402,2.421565650131933,-0.01672294755110526
2017-12-14,10.988067626953123,2.396809922833047,-0.024755727298885866
2017-12-15,10.760137557983398,2.375848338851122,-0.02096158398192527
2017-12-18,11.40593719482422,2.434134026391309,0.05828568754018715
2017-12-19,11.415433883666992,2.434966289217085,0.0008322628257761977
2017-12-20,11.624367713928224,2.453103559794497,0.01813727057741188
2017-12-21,11.681351661682127,2.4579936951636085,0.004890135369111537
2017-12-22,11.70034408569336,2.4596182504048936,0.0016245552412850195
2017-12-25,11.70034408569336,2.4596182504048936,0.0
2017-12-26,11.728836059570312,2.4620504300838792,0.0024321796789856798
2017-12-27,11.98525619506836,2.4836772439672945,0.021626813883415252
2017-12-28,12.317652702331545,2.5110334125445677,0.027356168577273188
2017-12-29,12.317652702331545,2.5110334125445677,0.0
2018-01-02,12.33664608001709,2.512574188991769,0.0015407764472015195
2018-01-03,11.966261863708496,2.4820911787087083,-0.030483010283060885
2018-01-04,11.98525619506836,2.4836772439672945,0.0015860652585861779
2018-01-05,11.966261863708496,2.4820911787087083,-0.0015860652585861779
2018-01-08,12.118213653564451,2.494709581458678,0.012618402749969615
2018-01-09,11.728836059570312,2.4620504300838792,-0.03265915137479869
2018-01-10,11.70034408569336,2.4596182504048936,-0.0024321796789856798
2018-01-11,11.947266578674316,2.480502514026701,0.02088426362180762
2018-01-12,11.99475383758545,2.4844693739956623,0.003966859968961067
2018-01-15,12.07072925567627,2.4907834521472827,0.006314078151620439
2018-01-16,12.156203269958496,2.4978395966948064,0.0070561445475236795
2018-01-17,12.28916072845459,2.508717632267674,0.010878035572867706
2018-01-18,12.24167537689209,2.5048461449144175,-0.0038714873532565974
2018-01-19,12.251172065734863,2.5056216112493073,0.000775466334889785
2018-01-22,12.10871696472168,2.4939256035393282,-0.011696007709979028
2018-01-23,11.766823768615724,2.4652840266224416,-0.028641576916886624
2018-01-24,12.564574241638184,2.530881285951761,0.06559725932931926
2018-01-25,12.564574241638184,2.530881285951761,0.0
2018-01-26,13.276851654052734,2.58602204169873,0.055140755746969194
2018-01-29,13.010934829711914,2.565790144647978,-0.020231897050752234
2018-01-30,12.91596508026123,2.5584641492891866,-0.007325995358791193
2018-01-31,13.552266120910645,2.606553774738046,0.04808962544885942
2018-02-01,13.438300132751465,2.5981088488780624,-0.008444925859983687
2018-02-02,13.058420181274414,2.5694331503195227,-0.028675698558539686
2018-02-05,12.83049201965332,2.55182452704682,-0.01760862327270285
2018-02-06,12.991941452026367,2.5643292769456805,0.012504749898860634
2018-02-07,12.72602367401123,2.543649005095781,-0.020680271849899512
2018-02-08,12.346142768859863,2.5133436878818274,-0.030305317213953575
2018-02-09,12.213183403015137,2.502515975108469,-0.010827712773358478
2018-02-14,12.51708984375,2.5270948980584027,0.0245789229499338
2018-02-15,12.678540229797363,2.5399108185488073,0.012815920490404586
2018-02-16,12.659544944763184,2.538411471738515,-0.0014993468102924012
2018-02-19,12.678540229797363,2.5399108185488073,0.0014993468102924012
2018-02-20,12.688036918640137,2.5406595746171474,0.0007487560683401284
2018-02-21,13.15339183807373,2.5766796598186774,0.036020085201529994
2018-02-22,13.058420181274414,2.5694331503195227,-0.00724650949915473
2018-02-23,13.542769432067873,2.6058527836496173,0.03641963333009457
2018-02-26,13.637738227844238,2.6128408195928103,0.006988035943193083
2018-02-27,13.333834648132324,2.590304763348941,-0.02253605624386923
2018-02-28,13.523775100708008,2.604449255064361,0.014144491715419871
2018-03-01,13.010934829711914,2.565790144647978,-0.03865911041638315
2018-03-02,13.105905532836914,2.5730629326588477,0.007272788010869835
2018-03-05,12.91596508026123,2.5584641492891866,-0.014598783369661028
2018-03-06,12.583568572998049,2.5323918813950743,-0.026072267894112322
2018-03-07,12.820995330810549,2.551084087387559,0.018692205992484556
2018-03-08,12.659544944763184,2.538411471738515,-0.012672615649043983
2018-03-09,12.72602367401123,2.543649005095781,0.0052375333572660665
2018-03-12,12.87797737121582,2.5555186719484144,0.011869666852633465
2018-03-13,12.773508071899414,2.547373344291352,-0.008145327657062218
2018-03-14,12.896970748901367,2.556992458125202,0.009619113833849724
2018-03-15,12.678540229797363,2.5399108185488073,-0.017081639576394636
2018-03-16,12.745018005371094,2.5451404505670645,0.005229632018257213
2018-03-19,12.41262149810791,2.5187138176905886,-0.026426632876475953
2018-03-20,12.431615829467772,2.520242891399735,0.0015290737091464557
2018-03-21,12.46010684967041,2.522532088737499,0.002289197337764115
2018-03-22,12.403124809265137,2.517948441611325,-0.004583647126174206
2018-03-23,12.403124809265137,2.517948441611325,0.0
2018-03-26,12.564574241638184,2.530881285951761,0.012932844340435956
2018-03-27,12.403124809265137,2.517948441611325,-0.012932844340435956
2018-03-28,12.0897216796875,2.4923556436576266,-0.025592797953698287
2018-03-29,12.488598823547363,2.5248161339811044,0.03246049032347775
2018-04-02,12.156203269958496,2.4978395966948064,-0.026976537286298008
2018-04-03,12.184694290161133,2.500180597731752,0.002341001036945567
2018-04-04,11.814309120178224,2.469311434124094,-0.030869163607658123
2018-04-05,12.431615829467772,2.520242891399735,0.05093145727564119
2018-04-06,12.91596508026123,2.5584641492891866,0.03822125788945163
2018-04-09,12.85898208618164,2.5540425621915728,-0.004421587097613866
2018-04-10,13.058420181274414,2.5694331503195227,0.015390588127949911
2018-04-11,13.343332290649414,2.5910168061936827,0.02158365587416
2018-04-12,13.381319999694824,2.593859704519741,0.0028428983260582186
2018-04-13,13.267355918884276,2.585306575957481,-0.008553128562259982
2018-04-16,13.15339183807373,2.5766796598186774,-0.008626916138803509
2018-04-17,13.238862991333008,2.5831566700337025,0.006477010215025114
2018-04-18,13.438300132751465,2.5981088488780624,0.014952178844359842
2018-04-19,13.343332290649414,2.5910168061936827,-0.007092042684379685
2018-04-20,13.571259498596191,2.6079542844694505,0.01693747827576786
2018-04-23,13.637738227844238,2.6128408195928103,0.004886535123359792
2018-04-24,13.466793060302734,2.600226881920994,-0.012613937671816178
2018-04-25,13.067917823791504,2.5701602053651724,-0.030066676555821736
2018-04-26,13.409810066223145,2.595986533600676,0.02582632823550357
2018-04-27,13.637738227844238,2.6128408195928103,0.016854285992134344
2018-04-30,14.103094100952148,2.6463942130945752,0.033553393501764894
2018-05-02,14.046113014221191,2.642345703711949,-0.004048509382626353
2018-05-03,13.970135688781738,2.63692188609083,-0.005423817621118765
2018-05-04,13.666231155395508,2.614927910850067,-0.021993975240762964
2018-05-07,13.884662628173828,2.6307848228887667,0.015856912038699544
2018-05-08,13.960638046264648,2.636241801609587,0.005456978720820516
2018-05-09,13.960638046264648,2.636241801609587,0.0
2018-05-10,13.856172561645508,2.628730805671911,-0.007510995937676235
2018-05-11,13.808685302734377,2.62529776395643,-0.003433041715481089
2018-05-14,13.561762809753418,2.607254274782167,-0.018043489174262906
2018-05-15,13.352829933166504,2.5917283423941426,-0.015525932388024355
2018-05-16,13.50478172302246,2.6030438244351357,0.011315482040993086
2018-05-17,13.267355918884276,2.585306575957481,-0.017737248477654788
2018-05-18,12.972946166992188,2.562866124961225,-0.022440450996255912
2018-05-21,13.219870567321776,2.581721043704036,0.018854918742810867
2018-05-22,14.150579452514648,2.6497555739585383,0.06803453025450246
2018-05-23,13.599750518798828,2.6100514483677806,-0.039704125590757755
2018-05-24,13.72321319580078,2.6190887928223447,0.009037344454564167
2018-05-25,13.50478172302246,2.6030438244351357,-0.016044968387209035
2018-05-28,12.83998966217041,2.552564493134576,-0.05047933130055959
2018-05-29,13.048922538757324,2.5687055662802027,0.016141073145626628
2018-05-30,13.115403175354004,2.573787354390664,0.005081788110461449
2018-06-01,13.238862991333008,2.5831566700337025,0.009369315643038334
2018-06-04,13.761199951171877,2.621853034456767,0.038696364423064455
2018-06-05,13.162887573242188,2.5774013222871557,-0.0444517121696113
2018-06-06,12.754515647888184,2.5458853773634083,-0.03151594492374743
2018-06-07,12.156203269958496,2.4978395966948064,-0.04804578066860188
2018-06-08,12.953953742980955,2.561401049886738,0.06356145319193152
2018-06-11,12.65004825592041,2.5376610298635187,-0.023740020023219177
2018-06-12,12.536083221435549,2.528611143627373,-0.009049886236145888
2018-06-13,12.678540229797363,2.5399108185488073,0.011299674921434466
2018-06-14,12.545580863952637,2.5293684811739334,-0.010542337374873867
2018-06-15,12.3746337890625,2.5156487152138483,-0.013719765960085173
2018-06-18,11.92827320098877,2.4789114813742494,-0.036737233839598815
2018-06-19,12.820995330810549,2.551084087387559,0.07217260601330944
2018-06-20,12.545580863952637,2.5293684811739334,-0.02171560621362545
2018-06-21,12.346142768859863,2.5133436878818274,-0.016024793292106043
2018-06-22,12.422120094299316,2.519478761961841,0.0061350740800136805
2018-06-25,12.792503356933594,2.548859324111271,0.029380562149429856
2018-06-26,13.03942584991455,2.5679775256146335,0.01911820150336263
2018-06-27,12.498096466064451,2.5255763499972215,-0.04240117561741208
2018-06-28,12.868480682373049,2.554780963541791,0.02920461354456938
2018-06-29,13.390817642211914,2.594569221484173,0.03978825794238228
2018-07-02,13.162887573242188,2.5774013222871557,-0.017167899197017444
2018-07-03,13.001439094543455,2.565060050915056,-0.012341271372099616
2018-07-04,13.010934829711914,2.565790144647978,0.000730093732921766
2018-07-05,12.896970748901367,2.556992458125202,-0.008797686522775905
2018-07-06,13.001439094543455,2.565060050915056,0.008067592789854139
2018-07-10,13.295845985412598,2.5874516545180692,0.022391603603013177
2018-07-11,13.352829933166504,2.5917283423941426,0.004276687876073382
2018-07-12,13.941643714904783,2.634880311932397,0.04315196953825451
2018-07-13,13.95114040374756,2.6355612542986617,0.0006809423662645919
2018-07-16,14.245549201965332,2.656444521223205,0.020883266924543342
2018-07-17,14.160076141357422,2.6504264654656238,-0.006018055757581298
2018-07-18,13.979632377624512,2.637601440152651,-0.012825025312972915
2018-07-19,14.28353786468506,2.6591076758543726,0.02150623570172172
2018-07-20,14.501970291137695,2.674284522342813,0.015176846488440532
2018-07-23,14.369010925292969,2.6650738685845194,-0.009210653758293663
2018-07-24,14.416496276855469,2.668373125693493,0.0032992571089733858
2018-07-25,14.28353786468506,2.6591076758543726,-0.009265449839120254
2018-07-26,13.846674919128418,2.6280451257687316,-0.03106255008564096
2018-07-27,13.675726890563965,2.615622501598416,-0.01242262417031581
2018-07-30,13.932147979736328,2.6341989740190033,0.018576472420587464
2018-07-31,14.103094100952148,2.6463942130945752,0.012195239075571962
2018-08-01,14.055608749389648,2.64302151536575,-0.0033726977288250914
2018-08-02,14.103094100952148,2.6463942130945752,0.0033726977288250914
2018-08-03,14.501970291137695,2.674284522342813,0.027890309248237877
2018-08-06,14.54945468902588,2.6775535144977027,0.0032689921548896272
2018-08-07,14.435490608215332,2.6696897999440132,-0.007863714553689505
2018-08-08,13.81818389892578,2.6259853986280497,-0.04370440131596354
2018-08-09,14.14108180999756,2.649084164613873,0.023098765985823277
2018-08-10,13.514277458190918,2.6037467160862273,-0.04533744852764565
2018-08-13,13.675726890563965,2.615622501598416,0.011875785512188486
2018-08-14,13.438300132751465,2.5981088488780624,-0.017513652720353434
2018-08-15,13.219870567321776,2.581721043704036,-0.016387805174026493
2018-08-16,13.15339183807373,2.5766796598186774,-0.005041383885358464
2018-08-17,12.896970748901367,2.556992458125202,-0.019687201693475487
2018-08-20,13.096407890319824,2.5723379857597197,0.015345527634517797
2018-08-21,12.91596508026123,2.5584641492891866,-0.013873836470533085
2018-08-22,13.143893241882324,2.5759572585080015,0.017493109218814862
2018-08-23,12.963449478149414,2.56213381894638,-0.013823439561621687
2018-08-24,12.678540229797363,2.5399108185488073,-0.022223000397572523
2018-08-27,13.077415466308594,2.570886732185808,0.030975913637000918
2018-08-28,12.83998966217041,2.552564493134576,-0.018322239051232092
2018-08-29,13.03942584991455,2.5679775256146335,0.015413032480057431
2018-08-30,12.688036918640137,2.5406595746171474,-0.02731795099748613
2018-08-31,13.514277458190918,2.6037467160862273,0.0630871414690799
2018-09-03,13.162887573242188,2.5774013222871557,-0.026345393799071637
2018-09-04,12.896970748901367,2.556992458125202,-0.020408864161953755
2018-09-05,13.010934829711914,2.565790144647978,0.008797686522775905
2018-09-06,13.286348342895508,2.586737067693224,0.02094692304524637
2018-09-10,13.19137954711914,2.579563551640557,-0.007173516052667139
2018-09-11,12.963449478149414,2.56213381894638,-0.017429732694177247
2018-09-12,12.925461769104004,2.5591991465728627,-0.0029346723735170777
2018-09-13,13.143893241882324,2.5759572585080015,0.016758111935138764
2018-09-14,13.15339183807373,2.5766796598186774,0.0007224013106759131
2018-09-17,13.485787391662598,2.601636345073378,0.024956685254700517
2018-09-18,13.81818389892578,2.6259853986280497,0.024349053554671762
2018-09-19,13.72321319580078,2.6190887928223447,-0.006896605805704947
2018-09-20,13.865668296813965,2.629415878181224,0.010327085358879273
2018-09-21,14.169573783874512,2.6510969744834187,0.021681096302194725
2018-09-24,13.865668296813965,2.629415878181224,-0.021681096302194725
2018-09-25,14.179071426391602,2.651767034220101,0.02235115603887694
2018-09-26,13.998626708984377,2.6389592325885007,-0.012807801631600224
2018-09-27,14.217058181762695,2.654442524053058,0.01548329146455707
2018-09-28,14.226554870605469,2.655110279529703,0.0006677554766452154
2018-10-01,14.103094100952148,2.6463942130945752,-0.00871606643512779
2018-10-02,14.103094100952148,2.6463942130945752,0.0
2018-10-03,14.435490608215332,2.6696897999440132,0.023295586849438
2018-10-04,14.217058181762695,2.654442524053058,-0.015247275890955425
2018-10-05,14.150579452514648,2.6497555739585383,-0.004686950094519471
2018-10-08,14.312028884887695,2.6611003644329796,0.011344790474441258
2018-10-09,14.824869155883787,2.6963061189348094,0.03520575450182983
2018-10-10,14.530460357666016,2.6762471603332827,-0.020058958601526733
2018-10-11,14.587442398071287,2.6801610488865433,0.0039138885532605805
2018-10-15,14.435490608215332,2.6696897999440132,-0.010471248942530043
2018-10-16,14.910341262817385,2.7020550166983104,0.032365216754297155
2018-10-17,14.8628568649292,2.698865272825641,-0.0031897438726695704
2018-10-18,14.834365844726562,2.6969465055912503,-0.0019187672343905504
2018-10-19,14.7678861618042,2.6924549692939093,-0.004491536297341003
2018-10-22,15.09078598022461,2.714084357587973,0.02162938829406391
2018-10-23,15.0527982711792,2.7115639055515537,-0.002520452036419485
2018-10-24,14.23605251312256,2.655777656396591,-0.055786249154962775
2018-10-25,14.492473602294922,2.6736294527565656,0.017851796359974692
2018-10-26,14.94832992553711,2.70459958293018,0.030970130173614496
2018-10-29,14.843863487243652,2.697586546662103,-0.007013036268077144
2018-10-30,15.337708473205566,2.7303144023296952,0.03272785566759229
2018-10-31,15.812559127807615,2.760804505788739,0.030490103459043905
2018-11-01,15.850549697875977,2.763204180975914,0.0023996751871746547
2018-11-05,15.955015182495115,2.769773211312024,0.0065690303361103375
2018-11-06,15.613122940063477,2.7481117747398387,-0.021661436572185444
2018-11-07,15.831554412841797,2.7620050631872792,0.013893288447440533
2018-11-08,15.461170196533203,2.738331732179214,-0.023673331008065013
2018-11-09,15.651108741760254,2.7505417605955604,0.01221002841634622
2018-11-12,15.527649879455566,2.742622297921597,-0.007919462673963373
2018-11-13,15.679601669311523,2.7523606108566936,0.009738312935096527
2018-11-14,16.049985885620117,2.7757079701750222,0.023347359318328653
2018-11-16,16.676790237426758,2.8140179466042774,0.038309976429255155
2018-11-19,16.515338897705078,2.804289579231971,-0.009728367372306312
2018-11-21,16.87622833251953,2.8259060241847562,0.02161644495278514
2018-11-22,16.847736358642578,2.824216307040468,-0.0016897171442882275
2018-11-23,16.429866790771484,2.7991008243335025,-0.02511548270696551
2018-11-26,16.08797264099121,2.778071951884072,-0.021028872449430303
2018-11-27,16.63880157470703,2.8117374120486645,0.033665460164592265
2018-11-28,16.600814819335938,2.8094517796600087,-0.002285632388655756
2018-11-29,16.714778900146484,2.816293292153495,0.0068415124934864124
2018-11-30,16.562824249267578,2.8071606808690768,-0.009132611284418335
2018-12-03,15.93602180480957,2.7685820691149994,-0.038578611754077397
2018-12-04,15.527649879455566,2.742622297921597,-0.025959771193402315
2018-12-05,15.765074729919434,2.757797033228062,0.01517473530646507
2018-12-06,15.43267822265625,2.7364872237470936,-0.0213098094809685
2018-12-07,15.394689559936523,2.7340226161803916,-0.0024646075667020817
2018-12-10,15.005311965942385,2.7084042694754307,-0.02561834670496088
2018-12-11,15.48016357421875,2.7395594349157495,0.03115516544031882
2018-12-12,15.556139945983888,2.744455412523534,0.004895977607784374
2018-12-13,15.575133323669434,2.745675624744066,0.0012202122205322574
2018-12-14,15.43267822265625,2.7364872237470936,-0.00918840099697249
2018-12-17,15.185755729675291,2.720357865430229,-0.01612935831686446
2018-12-18,15.43267822265625,2.7364872237470936,0.01612935831686446
2018-12-19,15.765074729919434,2.757797033228062,0.0213098094809685
2018-12-20,15.79356575012207,2.759602626086925,0.0018055928588629477
2018-12-21,15.584630966186523,2.74628523415721,-0.01331739192971515
2018-12-26,15.394689559936523,2.7340226161803916,-0.01226261797681838
2018-12-27,15.44217586517334,2.7371024585779793,0.00307984239758774
2018-12-28,16.144956588745117,2.7816077153707686,0.04450525679278927
2019-01-02,16.097471237182617,2.7786621936407574,-0.002945521730011169
2019-01-03,16.562824249267578,2.8071606808690768,0.02849848722831938
2019-01-04,16.334897994995117,2.793303800466356,-0.013856880402720595
2019-01-07,16.049985885620117,2.7757079701750222,-0.017595830291333936
2019-01-08,16.258920669555664,2.7886417224303273,0.01293375225530502
2019-01-09,16.334897994995117,2.793303800466356,0.004662078036028916
2019-01-10,16.59131622314453,2.8088794394002923,0.015575638933936098
2019-01-11,16.543832778930664,2.806013390618424,-0.0028660487818683578
2019-01-14,17.09465980529785,2.8387661226474403,0.03275273202901641
2019-01-15,16.95220375061035,2.830397840160541,-0.008368282486899137
2019-01-16,17.303592681884766,2.850914149416521,0.020516309255979692
2019-01-17,17.863920211791992,2.8827830481033407,0.03186889868681986
2019-01-18,17.635990142822266,2.8699417085718713,-0.012841339531469487
2019-01-21,17.66448211669922,2.8715559634665118,0.00161425489464051
2019-01-22,17.66448211669922,2.8715559634665118,0.0
2019-01-23,17.721464157104492,2.8747765691395815,0.0032206056730696986
2019-01-24,18.338768005371094,2.9090172892923016,0.03424072015272017
2019-01-28,18.756641387939453,2.931547897056574,0.022530607764272403
2019-01-29,18.566699981689453,2.92136965260945,-0.010178244447124118
2019-01-30,18.785133361816406,2.9330657783787677,0.011696125769317778
2019-01-31,18.66166877746582,2.9264716221528673,-0.006594156225900427
2019-02-01,18.36726188659668,2.9105698345843374,-0.01590178756852989
2019-02-04,18.36726188659668,2.9105698345843374,0.0
2019-02-05,18.528711318969727,2.91932149222153,0.008751657637192434
2019-02-06,18.00637435913086,2.890725826269385,-0.02859566595214469
2019-02-07,17.873414993286133,2.883314412944231,-0.007411413325153937
2019-02-08,18.46223258972168,2.915727163783569,0.0324127508393377
2019-02-11,18.32927322387696,2.9084994115225578,-0.007227752261011133
2019-02-12,18.614187240600582,2.9239240448404957,0.015424633317937975
2019-02-13,18.10134506225586,2.895986248342534,-0.02793779649796191
2019-02-14,18.652172088623047,2.925962605186112,0.029976356843578245
2019-02-15,18.77563667297364,2.932560107752935,0.00659750256682301
2019-02-18,18.87060737609864,2.9376055462550705,0.0050454385021354575
2019-02-19,18.64267539978028,2.9254533289891267,-0.012152217265943843
2019-02-20,18.433740615844727,2.9141827145082098,-0.01127061448091693
2019-02-21,18.46223258972168,2.915727163783569,0.0015444492753591277
2019-02-22,18.70915603637696,2.9290130316457947,0.013285867862225853
2019-02-25,18.357765197753903,2.910052656528477,-0.01896037511731752
2019-02-26,18.338768005371094,2.9090172892923016,-0.0010353672361755883
2019-02-27,18.234304428100582,2.9033046786524173,-0.0057126106398843746
2019-02-28,18.481225967407227,2.9167554042407864,0.013450725588369128
2019-03-01,18.139333724975582,2.898082714408009,-0.01867268983277759
2019-03-06,18.32927322387696,2.9084994115225578,0.010416697114548956
2019-03-07,18.452735900878903,2.9152126468035693,0.0067132352810115314
2019-03-08,18.728147506713867,2.9300276064238173,0.014814959620248036
2019-03-11,18.785133361816406,2.9330657783787677,0.003038171954950375
2019-03-12,18.785133361816406,2.9330657783787677,0.0
2019-03-13,19.1460189819336,2.952094807954444,0.019029029575676315
2019-03-14,19.278976440429688,2.959015198583787,0.006920390629343132
2019-03-15,19.50690460205078,2.9707684850538585,0.011753286470071345
2019-03-18,19.430927276611328,2.9668659862141236,-0.0039024988397349247
2019-03-19,18.481225967407227,2.9167554042407864,-0.050110581973337176
2019-03-20,18.376758575439453,2.91108674530531,-0.005668658935476412
2019-03-21,18.32927322387696,2.9084994115225578,-0.0025873337827522214
2019-03-22,17.5885066986084,2.867245660239971,-0.04125375128258657
2019-03-25,17.61699676513672,2.868864161323298,0.0016185010833269509
2019-03-26,17.503032684326172,2.862374162162618,-0.00648999916068016
2019-03-27,17.04717254638672,2.8359843569212067,-0.026389805241411324
2019-03-28,17.702470779418945,2.873704221895286,0.03771986497407953
2019-03-29,18.186817169189453,2.9006970002648274,0.02699277836954117
2019-04-01,17.78794288635254,2.878520861846834,-0.022176138417993485
2019-04-02,18.196313858032227,2.901219038296757,0.022698176449923224
2019-04-03,17.89240837097168,2.8843765095316667,-0.016842528765090403
2019-04-04,17.939895629882812,2.8870270388814423,0.00265052934977561
2019-04-05,17.569509506225586,2.8661649852598488,-0.020862053621593546
2019-04-08,17.256107330322266,2.8481661289517413,-0.01799885630810749
2019-04-09,17.123151779174805,2.8404314530202734,-0.007734675931467816
2019-04-10,17.246612548828125,2.8476157502124955,0.007184297192222022
2019-04-11,17.14214515686035,2.8415400603477545,-0.006075689864740941
2019-04-12,17.275102615356445,2.8492663097435553,0.007726249395800799
2019-04-15,17.294095993041992,2.8503651711786677,0.001098861435112397
2019-04-16,17.23711585998535,2.847064957736098,-0.0033002134425696994
2019-04-17,16.724273681640625,2.816861177964619,-0.030203779771479145
2019-04-18,16.961702346801758,2.8309579995484038,0.014096821583784891
2019-04-22,16.477352142333984,2.801986840597482,-0.028971158950921616
2019-04-23,16.268415451049805,2.7892255256491714,-0.012761314948310787
2019-04-24,16.35388946533203,2.794465756840341,0.005240231191169453
2019-04-25,16.35388946533203,2.794465756840341,0.0
2019-04-26,16.762264251708984,2.819130184479605,0.02466442763926402
2019-04-29,16.676790237426758,2.8140179466042774,-0.005112237875327441
2019-04-30,17.18963050842285,2.844306324598467,0.03028837799418982
2019-05-02,16.65779685974121,2.8128783866819913,-0.03142793791647591
2019-05-03,16.762264251708984,2.819130184479605,0.006251797797613534
2019-05-06,16.724273681640625,2.816861177964619,-0.0022690065149859606
2019-05-07,16.714778900146484,2.816293292153495,-0.0005678858111237695
2019-05-08,16.743267059326172,2.8179962108534498,0.0017029186999546475
2019-05-09,16.477352142333984,2.801986840597482,-0.016009370255967603
2019-05-10,16.410873413085938,2.7979441281271855,-0.004042712470296639
2019-05-13,16.249422073364258,2.7880573434272615,-0.00988678469992399
2019-05-14,16.287412643432617,2.790392579024922,0.0023352355976604677
2019-05-15,16.08797264099121,2.778071951884072,-0.012320627140849805
2019-05-16,15.87903881072998,2.764999925695516,-0.013072026188556407
2019-05-17,16.049985885620117,2.7757079701750222,0.010708044479506462
2019-05-20,16.239925384521484,2.7874727401738073,0.011764769998785063
2019-05-21,16.61031150817871,2.810023677704535,0.022550937530727566
2019-05-22,16.70528221130371,2.815724969488452,0.005701291783917206
2019-05-23,16.914215087890625,2.8281543978388672,0.012429428350415161
2019-05-24,17.18963050842285,2.844306324598467,0.016151926759599977
2019-05-27,17.37957000732422,2.8552953788709043,0.010989054272437127
2019-05-28,17.579008102416992,2.866705468732204,0.011410089861299877
2019-05-29,18.20581245422364,2.90174090871309,0.03503543998088565
2019-05-30,18.38625717163086,2.9116034927053667,0.009862583992276797
2019-05-31,18.38625717163086,2.9116034927053667,0.0
2019-06-03,18.5382080078125,2.9198339000084754,0.008230407303108755
2019-06-04,18.32927322387696,2.9084994115225578,-0.011334488485917671
2019-06-05,17.987382888793945,2.889670561492858,-0.018828850029699584
2019-06-06,18.082351684570312,2.894936417554768,0.005265856061909879
2019-06-07,18.139333724975582,2.898082714408009,0.0031462968532407487
2019-06-10,18.167823791503903,2.899652105917821,0.001569391509812057
2019-06-11,18.31028175354004,2.907462746527613,0.0078106406097919745
2019-06-12,18.32927322387696,2.9084994115225578,0.0010366649949449247
2019-06-13,18.842113494873047,2.9360944441129013,0.02759503259034357
2019-06-14,18.77563667297364,2.932560107752935,-0.0035343363599662503
2019-06-17,18.338768005371094,2.9090172892923016,-0.02354281846063344
2019-06-18,18.756641387939453,2.931547897056574,0.022530607764272403
2019-06-19,19.449922561645508,2.967843088650129,0.036295191593554765
2019-06-21,19.829803466796875,2.987186031579761,0.019342942929632123
2019-06-24,19.706342697143555,2.9809405482465605,-0.006245483333200408
2019-06-25,19.269481658935547,2.9585225832028206,-0.02241796504373994
2019-06-26,18.99406623840332,2.9441266271476967,-0.014395956055123893
2019-06-27,19.373947143554688,2.9639292327850635,0.0198026056373668
2019-06-28,19.687349319458008,2.9799762629417312,0.016047030156667752
2019-07-01,19.611371994018555,2.976109601759795,-0.0038666611819362373
2019-07-02,19.611371994018555,2.976109601759795,0.0
2019-07-03,20.12421226501465,3.001923680427481,0.025814078667686147
2019-07-04,20.3426456451416,3.0127194532111514,0.010795772783670277
2019-07-05,20.50409507751465,3.020624626073778,0.007905172862626486
2019-07-08,20.608562469482425,3.0257066432937703,0.005082017219992352
2019-07-10,20.86498069763184,3.0380721889355797,0.012365545641809472
2019-07-11,20.608562469482425,3.0257066432937703,-0.012365545641809472
2019-07-12,20.409122467041016,3.0159819806520134,-0.009724662641756865
2019-07-15,20.57057380676269,3.023861598597271,0.0078796179452576
2019-07-16,20.665542602539062,3.0284677046980586,0.004606106100787599
2019-07-17,20.90296936035156,3.039891223537086,0.01142351883902748
2019-07-18,21.330337524414062,3.0601303562874604,0.020239132750374367
2019-07-19,21.254358291625977,3.0565619704176172,-0.0035683858698432047
2019-07-22,21.14989280700684,3.0516348372528164,-0.004927133164800868
2019-07-23,21.045425415039062,3.04668321656035,-0.004951620692466463
2019-07-24,21.09290885925293,3.0489369109756392,0.0022536944152893312
2019-07-25,20.808000564575195,3.0353375552789528,-0.013599355696686466
2019-07-26,21.00743865966797,3.044876596890612,0.009539041611659194
2019-07-29,21.045425415039062,3.04668321656035,0.001806619669737941
2019-07-30,20.98844337463379,3.043971970750646,-0.0027112458097038328
2019-07-31,20.817495346069336,3.035793755569236,-0.008178215181410042
2019-08-01,20.56107711791992,3.0233998282185954,-0.012393927350640599
2019-08-02,20.84598922729492,3.0371615665413527,0.013761738322757289
2019-08-05,20.5800724029541,3.024323248521877,-0.012838318019475548
2019-08-06,20.92196273803711,3.040799455925676,0.01647620740379896
2019-08-07,20.89347076416016,3.039436706533886,-0.0013627493917902633
2019-08-08,21.63424301147461,3.074277383994904,0.03484067746101793
2019-08-09,21.748205184936523,3.079531233896908,0.00525384990200406
2019-08-12,21.33983421325684,3.0605754770176024,-0.018955756879305508
2019-08-13,21.795692443847656,3.081712355951799,0.0211368789341968
2019-08-14,20.86498069763184,3.0380721889355797,-0.04364016701621942
2019-08-15,21.054920196533203,3.0471342713684373,0.009062082432857554
2019-08-16,22.03311920166016,3.092546739609484,0.04541246824104661
2019-08-19,21.88116455078125,3.0856262005789663,-0.006920539030517592
2019-08-20,22.014123916625977,3.0916842435771796,0.006058042998213331
2019-08-21,22.384506225585938,3.1083690331778495,0.01668478960066988
2019-08-22,21.65323638916016,3.075154930073697,-0.033214103104152404
2019-08-23,20.84598922729492,3.0371615665413527,-0.03799336353234439
2019-08-26,20.51358985900879,3.021087586461641,-0.016073980079711614
2019-08-27,20.62755584716797,3.026627844406002,0.00554025794436086
2019-08-28,21.102407455444336,3.0493871313878294,0.022759286981827387
2019-08-29,21.37782096862793,3.062353981255359,0.012966849867529717
2019-08-30,20.98844337463379,3.043971970750646,-0.018382010504712998
2019-09-02,21.61524772644043,3.0733989789116776,0.029427008161031498
2019-09-03,21.254358291625977,3.0565619704176172,-0.016837008494060335
2019-09-04,21.729211807250977,3.0786575215097525,0.022095551092135235
2019-09-05,22.071104049682617,3.094269243923767,0.01561172241401465
2019-09-06,22.14707946777344,3.0977056353271184,0.00343639140335128
2019-09-09,21.9951286315918,3.0908210030032595,-0.006884632323858941
2019-09-10,22.014123916625977,3.0916842435771796,0.0008632405739201765
2019-09-11,22.394004821777344,3.108793281153573,0.01710903757639315
2019-09-12,22.55545425415039,3.1159769105001796,0.007183629346606768
2019-09-13,22.308528900146484,3.1049690672361443,-0.011007843264035255
2019-09-16,21.862171173095703,3.0847577995498794,-0.02021126768626491
2019-09-17,21.957141876220703,3.089092456814837,0.004334657264957631
2019-09-18,22.375009536743164,3.1079446903839862,0.018852233569149224
2019-09-19,22.327524185180664,3.10582018577678,-0.0021245046072060347
2019-09-20,22.81187438964844,3.1272812069512543,0.021461021174474126
2019-09-23,22.71690368652344,3.123109303162779,-0.0041719037884755394
2019-09-24,22.40350151062012,3.1092172640830946,-0.01389203907968417
2019-09-25,22.46997833251953,3.1121801219119276,0.0029628578288329877
2019-09-26,22.41299819946289,3.1096410673272725,-0.002539054584655087
2019-09-27,22.70740509033203,3.1226910867238002,0.013050019396527723
2019-09-30,23.267728805541992,3.147067370726251,0.02437628400245062
2019-10-01,23.267728805541992,3.147067370726251,0.0
2019-10-02,22.66942024230957,3.1210168904081073,-0.02605048031814361
2019-10-03,23.03030586242676,3.1368109947876825,0.01579410437957529
2019-10-04,23.25823211669922,3.14665913890099,0.009848144113307367
2019-10-07,22.68840980529785,3.121854212831946,-0.02480492606904372
2019-10-08,22.6599235534668,3.120597881960754,-0.0012563308711923682
2019-10-09,22.74539375305176,3.124362652503328,0.0037647705425740696
2019-10-10,22.450984954833984,3.111334486492407,-0.013028166010920827
2019-10-11,22.954328536987305,3.1335065259985733,0.022172039506166197
2019-10-14,23.03030586242676,3.1368109947876825,0.0033044687891092828
2019-10-15,22.49847412109375,3.1134474900704308,-0.023363504717251793
2019-10-16,22.28953742980957,3.1041173948185845,-0.009330095251846249
2019-10-17,21.938146591186523,3.0882269750338485,-0.015890419784736043
2019-10-18,21.824180603027344,3.083018557058782,-0.005208417975066659
2019-10-21,21.824180603027344,3.083018557058782,0.0
2019-10-22,21.84317398071289,3.0838884691047195,0.0008699120459376708
2019-10-23,21.84317398071289,3.0838884691047195,0.0
2019-10-24,21.510780334472656,3.0685542203748786,-0.015334248729840905
2019-10-25,21.67222785949707,3.076031618731632,0.00747739835675354
2019-10-28,21.700719833374023,3.0773454320411195,0.0013138133094874327
2019-10-29,21.767200469970703,3.0804042712019637,0.003058839160844151
2019-10-30,21.938146591186523,3.0882269750338485,0.00782270383188477
2019-10-31,21.65323638916016,3.075154930073697,-0.013072044960151352
2019-11-01,21.757701873779297,3.079967803992127,0.004812873918429883
2019-11-04,21.63424301147461,3.074277383994904,-0.005690419997223195
2019-11-05,21.814685821533203,3.082583404525185,0.008306020530281177
2019-11-06,22.375009536743164,3.1079446903839862,0.025361285858801264
2019-11-07,22.58394432067871,3.1172392255159274,0.009294535131941117
2019-11-08,22.308528900146484,3.1049690672361443,-0.012270158279783061
2019-11-11,22.621931076049805,3.118919837338117,0.013950770101972765
2019-11-12,21.890661239624023,3.086060118462002,-0.032859718876115274
2019-11-13,22.08060073852539,3.0946994283995326,0.008639309937530815
2019-11-14,22.81187438964844,3.1272812069512543,0.03258177855172173
2019-11-18,22.61243438720703,3.1184999491011522,-0.008781257850102087
2019-11-19,22.602935791015625,3.118079800099001,-0.0004201490021511489
2019-11-21,22.830867767333984,3.1281134697770305,0.010033669678029433
2019-11-22,22.973323822021484,3.134333708976218,0.006220239199187461
2019-11-25,22.954328536987305,3.1335065259985733,-0.0008271829776447248
2019-11-26,22.92583656311035,3.1322645087792607,-0.0012420172193126078
2019-11-27,22.93533515930176,3.132678741384774,0.0004142326055132095
2019-11-28,22.70740509033203,3.1226910867238002,-0.009987654660973622
2019-11-29,23.20125389099121,3.1442063242372598,0.021515237513459518
2019-12-02,23.92302703857422,3.17484146951123,0.030635145273970377
2019-12-03,23.97051239013672,3.1768244245272395,0.0019829550160093135
2019-12-04,24.07497787475586,3.181173038670511,0.00434861414327159
2019-12-05,23.95151710510254,3.176031666531425,-0.005141372139085831
2019-12-06,23.932523727416992,3.1752383592686533,-0.0007933072627719362
2019-12-09,23.932523727416992,3.1752383592686533,0.0
2019-12-10,23.79006576538086,3.16926808872386,-0.005970270544793266
2019-12-11,24.35988998413086,3.1929379265807123,0.023669837856852283
2019-12-12,24.57832145690918,3.201864812827619,0.00892688624690674
2019-12-13,24.13196182250977,3.1835371785496562,-0.0183276342779628
2019-12-16,24.09397315979004,3.181961732865043,-0.001575445684613097
2019-12-17,23.9895076751709,3.1776165545556077,-0.004345178309435482
2019-12-18,23.9895076751709,3.1776165545556077,0.0
2019-12-19,24.19844055175781,3.186288191076286,0.008671636520678483
2019-12-20,24.378883361816406,3.193717321602093,0.0074291305258067375
2019-12-23,24.63530540466309,3.2041805931045126,0.010463271502419769
2019-12-26,25.262107849121094,3.229305559566053,0.0251249664615405
2019-12-27,25.518529891967773,3.2394048507031776,0.010099291137124489
2019-12-30,24.787256240844727,3.2103296598427336,-0.029075190860444078
2020-01-02,25.072166442871094,3.221758324187318,0.011428664344584227
2020-01-03,24.34089469909668,3.192157845269046,-0.029600478918272
2020-01-06,23.647611618041992,3.1632621211719427,-0.02889572409710306
2020-01-07,23.99900245666504,3.1780122651785025,0.014750144006559829
2020-01-08,24.312406539916992,3.1909867772547518,0.012974512076249223
2020-01-09,24.62580680847168,3.2037949503172354,0.012808173062483608
2020-01-10,24.378883361816406,3.193717321602093,-0.010077628715142506
2020-01-13,24.644800186157227,3.2045659324416667,0.01084861083957378
2020-01-14,24.502344131469727,3.1987687918092527,-0.0057971406324139885
2020-01-15,23.71409034729004,3.1660694009000068,-0.032699390909245896
2020-01-16,23.11577796936035,3.1405154133462583,-0.02555398755374849
2020-01-17,23.077789306640625,3.138870653111277,-0.0016447602349813906
2020-01-20,23.448177337646484,3.1547927663980095,0.015922113286732653
2020-01-21,23.011308670043945,3.1359857763997616,-0.018806989998247925
2020-01-22,23.096784591674805,3.139693412673609,0.0037076362738472923
2020-01-23,23.54314613342285,3.1588347434294284,0.019141330755819475
2020-01-24,23.106279373168945,3.140104414923807,-0.018730328505621507
2020-01-27,22.69790840148925,3.122272779338566,-0.017831635585241035
2020-01-28,22.69790840148925,3.122272779338566,0.0
2020-01-29,22.46048164367676,3.111757393589573,-0.010515385748993022
2020-01-30,22.05211067199707,3.0934083193978235,-0.01834907419174936
2020-01-31,22.03311920166016,3.092546739609484,-0.0008615797883395615
2020-02-03,22.090097427368164,3.0951294278961865,0.0025826882867026058
2020-02-04,22.53645896911621,3.115134396408407,0.020004968512220334
2020-02-05,22.507970809936523,3.113869504695148,-0.00126489171325872
2020-02-06,22.375009536743164,3.1079446903839862,-0.0059248143111618745
2020-02-07,22.03311920166016,3.092546739609484,-0.015397950774502345
2020-02-10,21.558263778686523,3.0707592130525794,-0.021787526556904524
2020-02-11,22.55545425415039,3.1159769105001796,0.04521769744760018
2020-02-12,23.21074867248535,3.1446154762282177,0.028638565728038134
2020-02-13,22.602935791015625,3.118079800099001,-0.02653567612921659
2020-02-14,21.862171173095703,3.0847577995498794,-0.03332200054912171
2020-02-17,21.57725715637207,3.0716398505643703,-0.01311794898550911
2020-02-18,22.02362060546875,3.092115541278415,0.02047569071404487
2020-02-19,22.859357833862305,3.129360566714981,0.037245025436565715
2020-02-20,22.91633987426757,3.131850187744935,0.0024896210299543142
2020-02-21,22.68840980529785,3.121854212831946,-0.00999597491298898
2020-02-26,20.87447738647461,3.038527235045067,-0.08332697778687903
2020-02-27,20.28566169738769,3.00991431616029,-0.028612918884777017
2020-02-28,20.057735443115234,2.9986148869846185,-0.011299429175671616
2020-03-02,20.61805725097656,3.026167257417673,0.027552370433054474
2020-03-03,19.97225952148437,2.9943442868201293,-0.03182297059754369
2020-03-04,20.21918487548828,3.0066318999947916,0.012287613174662315
2020-03-05,19.84879875183105,2.9881434890214638,-0.018488410973327873
2020-03-06,18.32927322387696,2.9084994115225578,-0.07964407749890601
2020-03-09,16.477352142333984,2.801986840597482,-0.1065125709250756
2020-03-10,17.61699676513672,2.868864161323298,0.06687732072581598
2020-03-11,16.258920669555664,2.7886417224303273,-0.08022243889297087
2020-03-12,13.571259498596191,2.6079542844694505,-0.18068743796087672
2020-03-13,16.572322845458984,2.8077340054071835,0.199779720937733
2020-03-16,13.827680587768556,2.626672422846148,-0.18106158256103555
2020-03-17,15.765074729919434,2.757797033228062,0.13112461038191414
2020-03-18,14.54945468902588,2.6775535144977027,-0.0802435187303594
2020-03-19,17.09465980529785,2.8387661226474403,0.1612126081497376
2020-03-20,17.484037399291992,2.86128831605689,0.02252219340944972
2020-03-23,16.714778900146484,2.816293292153495,-0.04499502390339494
2020-03-24,18.053857803344727,2.8933593906593207,0.07706609850582558
2020-03-25,18.566699981689453,2.92136965260945,0.028010261950129234
2020-03-26,19.97225952148437,2.9943442868201293,0.0729746342106794
2020-03-27,18.186817169189453,2.9006970002648274,-0.09364728655530197
2020-03-30,18.804122924804688,2.934076150303072,0.03337915003824454
2020-03-31,18.66166877746582,2.9264716221528673,-0.007604528150204626
2020-04-01,18.5761947631836,2.9218809095680784,-0.004590712584788825
2020-04-02,19.316967010498047,2.9609838294263553,0.03910291985827685
2020-04-03,19.60187530517578,2.975625240495043,0.01464141106868766
2020-04-06,19.71584129333496,2.98142243917262,0.005797198677576887
2020-04-07,18.62368392944336,2.9244341002625847,-0.056988338910035186
2020-04-08,18.405250549316406,2.912635979849786,-0.011798120412798596
2020-04-09,18.49072456359864,2.9172692314132225,0.0046332515634364135
2020-04-13,18.8611068725586,2.9371019643781273,0.019832732964904842
2020-04-14,19.07953834533692,2.9486164699903603,0.011514505612232995
2020-04-15,18.946582794189453,2.9416235877840737,-0.006992882206286577
2020-04-16,18.376758575439453,2.91108674530531,-0.03053684247876376
2020-04-17,19.22199249267578,2.956055065842062,0.04496832053675215
2020-04-20,19.032054901123047,2.946124657670889,-0.009930408171173077
2020-04-22,19.72533798217773,2.9819040012963054,0.03577934362541635
2020-04-23,19.924774169921875,2.991963890605618,0.010059889309312453
2020-04-24,19.516403198242188,2.971255301621414,-0.020708588984204024
2020-04-27,19.63036727905273,2.9770777182026267,0.0058224165812128525
2020-04-28,19.18400764465332,2.954076996776182,-0.023000721426444493
2020-04-29,18.766138076782227,2.9320540796571715,-0.02202291711901072
2020-04-30,18.79463005065918,2.9335711934310496,0.001517113773878087
2020-05-04,18.70915603637696,2.9290130316457947,-0.004558161785254811
2020-05-05,18.66166877746582,2.9264716221528673,-0.002541409492927471
2020-05-06,19.12702369689941,2.9511021883316326,0.024630566178765356
2020-05-07,18.66166877746582,2.9264716221528673,-0.024630566178765356
2020-05-08,19.278976440429688,2.959015198583787,0.032543576430919874
2020-05-11,18.96557235717773,2.942625354341555,-0.016389844242232332
2020-05-12,18.5382080078125,2.9198339000084754,-0.022791454333079386
2020-05-13,18.614187240600582,2.9239240448404957,0.004090144832020304
2020-05-14,19.50690460205078,2.9707684850538585,0.04684444021336276
2020-05-15,18.671167373657227,2.9269804823079286,-0.043788002745929866
2020-05-18,19.79181861877441,2.985268651237404,0.058288168929475415
2020-05-19,19.1080322265625,2.9501087820744667,-0.03515986916293734
2020-05-20,19.30746841430664,2.9604919855312444,0.010383203456777679
2020-05-21,19.573387145996094,2.9741708449189126,0.013678859387668219
2020-05-22,19.83930206298828,2.9876649229611565,0.013494078042243896
2020-05-25,20.22867774963379,3.007101288175215,0.019436365214058338
2020-05-26,20.333147048950195,3.012252413936195,0.00515112576097998
2020-05-27,22.270544052124023,3.103264910792338,0.09101249685614299
2020-05-28,22.00462532043457,3.091252673098533,-0.012012237693804995
2020-05-29,21.39681434631348,3.0632420486249106,-0.028010624473622237
2020-06-01,21.482290267944336,3.0672288872316824,0.0039868386067718475
2020-06-02,21.510780334472656,3.0685542203748786,0.0013253331431961612
2020-06-03,21.98563003540039,3.0903890597341124,0.021834839359233804
2020-06-04,21.235366821289062,3.0556680379880174,-0.03472102174609493
2020-06-05,21.947643280029297,3.0886597661044375,0.03299172811642004
2020-06-08,22.954328536987305,3.1335065259985733,0.04484675989413578
2020-06-09,23.0872859954834,3.139282076201766,0.0057755502031926476
2020-06-10,22.954328536987305,3.1335065259985733,-0.0057755502031926476
2020-06-12,22.859357833862305,3.129360566714981,-0.004145959283592404
2020-06-15,22.346519470214844,3.106670580530631,-0.02268998618434992
2020-06-16,22.479476928710938,3.1126027564590024,0.005932175928371475
2020-06-17,22.88784980773925,3.1306061936736422,0.018003437214639817
2020-06-18,22.2800407409668,3.1036912436465856,-0.026914950027056683
2020-06-19,22.63142967224121,3.119339633621701,0.015648389975115418
2020-06-22,22.213558197021484,3.100702832054374,-0.018636801567327055
2020-06-23,22.602935791015625,3.118079800099001,0.017376968044627183
2020-06-24,21.919151306152344,3.0873607435452413,-0.030719056553759838
2020-06-25,22.232553482055664,3.101557587868689,0.0141968443234477
2020-06-26,21.643739700317383,3.0747162532951875,-0.026841334573501463
2020-06-29,21.539270401000977,3.069877799334755,-0.004838453960432698
2020-06-30,21.358827590942383,3.061465124521094,-0.008412674813660814
2020-07-01,21.814685821533203,3.082583404525185,0.021118280004090995
2020-07-02,21.330337524414062,3.0601303562874604,-0.022453048237724538
2020-07-03,21.358827590942383,3.061465124521094,0.0013347682336335431
2020-07-06,22.109094619750977,3.0959890451277587,0.03452392060666476
2020-07-07,22.03311920166016,3.092546739609484,-0.0034423055182748463
2020-07-08,21.966636657714844,3.089524786726286,-0.0030219528831980647
2020-07-09,21.700719833374023,3.0773454320411195,-0.012179354685166288
2020-07-10,21.69122314453125,3.07690771534338,-0.00043771669773962074
2020-07-13,21.111906051635746,3.0498371491928147,-0.027070566150565245
2020-07-14,21.12140274047852,3.0502868742688007,0.0004497250759860627
2020-07-15,21.501283645629883,3.068112637799279,0.017825763530478156
2020-07-16,21.510780334472656,3.0685542203748786,0.00044158257559967495
2020-07-17,22.28953742980957,3.1041173948185845,0.035563174443705936
2020-07-20,22.71690368652344,3.123109303162779,0.018991908344194286
2020-07-21,22.33702278137207,3.1062455162448903,-0.01686378691788848
2020-07-22,22.05211067199707,3.0934083193978235,-0.012837196847066856
2020-07-23,21.605751037597656,3.072959530992047,-0.02044878840577624
2020-07-24,21.17838287353516,3.0529809856783094,-0.019978545313737772
2020-07-27,21.58675575256348,3.0720799670273498,0.01909898134904031
2020-07-28,21.662731170654297,3.075593326451804,0.0035133594244540767
2020-07-29,21.320838928222656,3.0596849478772614,-0.015908378574542414
2020-07-30,21.58675575256348,3.0720799670273498,0.012395019150088338
2020-07-31,21.102407455444336,3.0493871313878294,-0.022692835639520403
2020-08-03,20.94095802307129,3.041706955258855,-0.007680176128974203
2020-08-04,20.4851016998291,3.0196978755864183,-0.022009079672436815
2020-08-05,20.789005279541016,3.034424254623337,0.014726379036918757
2020-08-06,21.624744415283203,3.0738382338016574,0.039413979178320346
2020-08-07,22.156578063964844,3.0981344304589937,0.02429619665733629
2020-08-10,21.719715118408203,3.0782203788843314,-0.019914051574662306
2020-08-11,21.168888092041016,3.0525325609540355,-0.025687817930295953
2020-08-12,21.39681434631348,3.0632420486249106,0.010709487670875095
2020-08-13,20.912466049194336,3.0403454428421366,-0.02289660578277397
2020-08-14,21.662731170654297,3.075593326451804,0.03524788360966724
2020-08-17,21.102407455444336,3.0493871313878294,-0.02620619506397448
2020-08-18,21.34933090209961,3.06102039970343,0.011633268315600631
2020-08-19,21.24486351013184,3.056115148981856,-0.004905250721574106
2020-08-20,21.63424301147461,3.074277383994904,0.018162235013047923
2020-08-21,21.42530632019043,3.0645727617067453,-0.009704622288158493
2020-08-24,21.28285026550293,3.0579015965522123,-0.006671165154533032
2020-08-25,22.02362060546875,3.092115541278415,0.03421394472620287
2020-08-26,21.17838287353516,3.0529809856783094,-0.0391345556001057
2020-08-27,21.406312942504883,3.063685875837966,0.0107048901596567
2020-08-28,22.564950942993164,3.11639785924572,0.05271198340775385
2020-08-31,21.46329498291016,3.066344266092538,-0.05005359315318181
2020-09-01,21.501283645629883,3.068112637799279,0.0017683717067407123
2020-09-02,21.045425415039062,3.04668321656035,-0.021429421238928992
2020-09-03,21.06441879272461,3.047585303914549,0.0009020873541989438
2020-09-04,21.216371536254883,3.054773125928496,0.007187822013947187
2020-09-08,20.95045661926269,3.042160441799488,-0.012612684129007956
2020-09-09,20.969451904296875,3.043066707438098,0.0009062656386098489
2020-09-10,20.37113571166992,3.0141189828165635,-0.028947724621534388
2020-09-11,19.9627628326416,2.993868679773384,-0.020250303043179763
2020-09-14,20.409122467041016,3.0159819806520134,0.022113300878629616
2020-09-15,20.21918487548828,3.0066318999947916,-0.00935008065722176
2020-09-16,20.418621063232425,3.016447281721407,0.009815381726615335
2020-09-17,20.684539794921875,3.0293865514145795,0.012939269693172495
2020-09-18,20.27616500854492,3.0094460586981624,-0.01994049271641707
2020-09-21,19.411937713623047,2.9658882228845687,-0.04355783581359374
2020-09-22,19.573387145996094,2.9741708449189126,0.008282622034343934
2020-09-23,19.74433135986328,2.9828664303953203,0.008695585476407697
2020-09-24,19.658859252929688,2.978528089278186,-0.00433834111713427
2020-09-25,19.79181861877441,2.985268651237404,0.006740561959218017
2020-09-28,18.889598846435547,2.938611444995471,-0.046657206241933036
2020-09-29,18.17732048034668,2.9001746895668425,-0.038436755428628455
2020-09-30,18.10134506225586,2.895986248342534,-0.0041884412243087255
2020-10-01,18.547706604003903,2.9203461482028925,0.02435989986035869
2020-10-02,17.996877670288086,2.890198280087987,-0.030147868114905663
2020-10-05,17.920902252197266,2.885967755174258,-0.004230524913728662
2020-10-06,17.854421615600586,2.882251187108157,-0.0037165680661011002
2020-10-07,17.503032684326172,2.862374162162618,-0.019877024945539112
2020-10-08,17.541019439697266,2.864542106104417,0.0021679439417989776
2020-10-09,17.1136531829834,2.83987657668496,-0.024665529419456877
2020-10-13,17.037675857543945,2.8354271187621296,-0.004449457922830469
2020-10-14,17.97788429260254,2.8891423520754587,0.05371523331332906
2020-10-15,18.044363021850582,2.892833338045311,0.0036909859698521785
2020-10-16,17.806936264038086,2.87958805914833,-0.013245278896981016
2020-10-19,17.730958938598633,2.8753122042749015,-0.0042758548734282975
2020-10-20,17.55051612854004,2.865083358513058,-0.010228845761843353
2020-10-21,17.42705535888672,2.8580239042894418,-0.007059454223616424
2020-10-22,17.683475494384766,2.8726306156273207,0.014606711337878941
2020-10-23,17.218120574951172,2.845962351054266,-0.02666826457305449
2020-10-26,17.1136531829834,2.83987657668496,-0.0060857743693061295
2020-10-27,17.14214515686035,2.8415400603477545,0.0016634836627944516
2020-10-28,16.648298263549805,2.8123080048096183,-0.029232055538136237
2020-10-29,17.40806007385254,2.8569333216012023,0.04462531679158399
2020-10-30,17.417556762695312,2.857478706863019,0.0005453852618169108
2020-11-03,17.436552047729492,2.858568695249648,0.0010899883866288818
2020-11-04,18.082351684570312,2.894936417554768,0.036367722305119976
2020-11-05,18.8611068725586,2.9371019643781273,0.04216554682335927
2020-11-06,18.24380111694336,2.9038253575043167,-0.03327660687381062
2020-11-09,19.421432495117188,2.9663772240519823,0.06255186654766565
2020-11-10,19.06054306030273,2.947620389966161,-0.018756834085821517
2020-11-11,19.032054901123047,2.946124657670889,-0.0014957322952717789
2020-11-12,18.044363021850582,2.892833338045311,-0.053291319625578204
2020-11-13,18.32927322387696,2.9084994115225578,0.01566607347724691
2020-11-16,17.97788429260254,2.8891423520754587,-0.01935705944709909
2020-11-17,17.854421615600586,2.882251187108157,-0.006891164967301577
2020-11-18,17.44605255126953,2.859113408231042,-0.02313777887711499
2020-11-19,17.66448211669922,2.8715559634665118,0.012442555235469666
2020-11-23,18.234304428100582,2.9033046786524173,0.031748715185905496
2020-11-24,17.987382888793945,2.889670561492858,-0.01363411715955909
2020-11-25,18.196313858032227,2.901219038296757,0.011548476803898922
2020-11-26,18.481225967407227,2.9167554042407864,0.015536365944029296
2020-11-27,18.39575386047364,2.912119869531284,-0.004635534709502398
2020-11-30,18.00637435913086,2.890725826269385,-0.021394043261898865
2020-12-01,18.6806640625,2.9274889815532004,0.03676315528381524
2020-12-02,18.99406623840332,2.9441266271476967,0.01663764559449632
2020-12-03,19.231491088867188,2.956549096317322,0.012422469169625305
2020-12-04,19.60187530517578,2.975625240495043,0.019076144177720966
2020-12-07,18.97507095336914,2.943126062582694,-0.03249917791234891
2020-12-08,18.813621520996094,2.934581156466159,-0.008544906116535245
2020-12-09,18.27229118347168,2.905385769394766,-0.029195387071392798
2020-12-10,18.32927322387696,2.9084994115225578,0.003113642127791749
2020-12-11,17.825931549072266,2.880654225752329,-0.027845185770228653
2020-12-14,17.61699676513672,2.868864161323298,-0.011790064429030966
2020-12-15,18.51921463012696,2.918808821738231,0.04994466041493295
2020-12-16,18.5382080078125,2.9198339000084754,0.0010250782702443395
2020-12-17,18.804122924804688,2.934076150303072,0.01424225029459647
2020-12-18,18.405250549316406,2.912635979849786,-0.021440170453285834
2020-12-21,18.281787872314453,2.90590536607463,-0.006730613775156158
2020-12-22,18.186817169189453,2.9006970002648274,-0.005208365809802551
2020-12-23,18.234304428100582,2.9033046786524173,0.0026076783875899068
2020-12-28,18.66166877746582,2.9264716221528673,0.02316694350045001
2020-12-29,18.547706604003903,2.9203461482028925,-0.006125473949974758
2020-12-30,18.27229118347168,2.905385769394766,-0.014960378808126507
2021-01-04,18.186817169189453,2.9006970002648274,-0.0046887691299386525
2021-01-05,18.32927322387696,2.9084994115225578,0.007802411257730402
2021-01-06,18.215307235717773,2.9022622975001484,-0.00623711402240934
2021-01-07,18.64267539978028,2.9254533289891267,0.023191031488978275
2021-01-08,18.99406623840332,2.9441266271476967,0.018673298158569995
2021-01-11,18.66166877746582,2.9264716221528673,-0.017655004994829415
2021-01-12,19.64936256408692,2.978044898302428,0.051573276149560865
2021-01-13,19.658859252929688,2.978528089278186,0.0004831909757578856
2021-01-14,19.69684600830078,2.98045852182491,0.0019304325467239813
2021-01-15,20.143205642700195,3.0028670425838353,0.0224085207589253
2021-01-18,19.8677921295166,2.9890999346131917,-0.013767107970643622
2021-01-19,20.038742065429688,2.9976675030603275,0.008567568447135798
2021-01-20,19.97225952148437,2.9943442868201293,-0.003323216240198157
2021-01-21,19.83930206298828,2.9876649229611565,-0.006679363858972831
2021-01-22,19.801315307617188,2.985748365171772,-0.0019165577893844876
2021-01-26,19.63036727905273,2.9770777182026267,-0.008670646969145324
2021-01-27,19.71584129333496,2.98142243917262,0.0043447209699931655
2021-01-28,19.8677921295166,2.9890999346131917,0.007677495440571835
2021-01-29,19.278976440429688,2.959015198583787,-0.030084736029404535
2021-02-01,20.038742065429688,2.9976675030603275,0.03865230447654033
2021-02-02,19.72533798217773,2.9819040012963054,-0.01576350176402208
2021-02-03,20.608562469482425,3.0257066432937703,0.043802641997464864
2021-02-04,20.418621063232425,3.016447281721407,-0.00925936157236329
2021-02-05,20.27616500854492,3.0094460586981624,-0.007001223023244574
2021-02-08,20.27616500854492,3.0094460586981624,0.0
2021-02-09,19.801315307617188,2.985748365171772,-0.023697693526390395
2021-02-10,19.117525100708008,2.950605458905592,-0.035142906266179885
2021-02-11,18.813621520996094,2.934581156466159,-0.016024302439433313
2021-02-12,19.16501235961914,2.9530863437380837,0.01850518727192485
2021-02-17,19.18400764465332,2.954076996776182,0.0009906530380985323
2021-02-18,19.278976440429688,2.959015198583787,0.004938201807604958
2021-02-19,18.585691452026367,2.9223920079011663,-0.036623190682620876
2021-02-22,18.12983703613281,2.89755903609607,-0.02483297180509636
2021-02-23,18.481225967407227,2.9167554042407864,0.01919636814471648
2021-02-24,18.281787872314453,2.90590536607463,-0.010850038166156484
2021-02-25,17.71196746826172,2.8742405392585035,-0.03166482681612637
2021-02-26,17.18963050842285,2.844306324598467,-0.029934214660036318
2021-03-01,17.170635223388672,2.843200670345526,-0.0011056542529410684
2021-03-02,17.37957000732422,2.8552953788709043,0.012094708525378195
2021-03-03,17.560014724731445,2.8656244267448563,0.010329047873951946
2021-03-04,18.85161018371582,2.9365983311326445,0.07097390438778817
2021-03-05,19.28847312927246,2.9595076702997374,0.022909339167092924
2021-03-08,17.75945281982422,2.8769179273948136,-0.08258974290492382
2021-03-09,17.503032684326172,2.862374162162618,-0.014543765232195582
2021-03-10,17.5885066986084,2.867245660239971,0.004871498077353209
2021-03-11,18.813621520996094,2.934581156466159,0.06733549622618762
2021-03-12,18.718650817871094,2.9295203967572365,-0.00506075970892228
2021-03-15,19.0510482788086,2.94712212781772,0.017601731060483683
2021-03-16,18.234304428100582,2.9033046786524173,-0.043817449165302946
2021-03-17,19.535398483276367,2.972228126726241,0.06892344807382367
2021-03-18,19.250486373901367,2.957536326591303,-0.014691800134937871
2021-03-19,19.72533798217773,2.9819040012963054,0.02436767470500234
2021-03-22,19.373947143554688,2.9639292327850635,-0.017974768511241912
2021-03-23,18.97507095336914,2.943126062582694,-0.020803170202369436
2021-03-24,18.62368392944336,2.9244341002625847,-0.01869196232010939
2021-03-25,18.804122924804688,2.934076150303072,0.009642050040487238
2021-03-26,18.70915603637696,2.9290130316457947,-0.005063118657277155
2021-03-29,18.92758750915528,2.9406205143715227,0.01160748272572798
2021-03-30,19.1080322265625,2.9501087820744667,0.009488267702943975
2021-03-31,19.231491088867188,2.956549096317322,0.006440314242855294
2021-04-01,19.1460189819336,2.952094807954444,-0.004454288362877978
2021-04-05,19.69684600830078,2.98045852182491,0.02836371387046599
2021-04-06,19.877290725708008,2.989577910538256,0.009119388713346055
2021-04-07,19.231491088867188,2.956549096317322,-0.033028814220934066
2021-04-08,19.421432495117188,2.9663772240519823,0.009828127734660352
2021-04-09,19.28847312927246,2.9595076702997374,-0.006869553752244961
2021-04-12,19.449922561645508,2.967843088650129,0.008335418350391421
2021-04-13,19.259986877441406,2.9580297250323335,-0.009813363617795279
2021-04-14,19.326461791992188,2.9614752341479047,0.003445509115571177
2021-04-15,19.563888549804688,2.9736854459631075,0.012210211815202765
2021-04-16,19.95326805114746,2.9933929420077297,0.019707496044622186
2021-04-19,19.763324737548828,2.9838279341151046,-0.009565007892625044
2021-04-20,19.72533798217773,2.9819040012963054,-0.0019239328187992122
2021-04-22,19.753826141357425,2.9833472012604796,0.001443199964174191
2021-04-23,20.000751495361328,2.9957698476161436,0.012422646355664035
2021-04-26,19.63986587524414,2.977561473740279,-0.018208373875864492
2021-04-27,19.392942428588867,2.964909207540016,-0.012652266200263274
2021-04-28,19.69684600830078,2.98045852182491,0.015549314284894145
2021-04-29,19.535398483276367,2.972228126726241,-0.008230395098669074
2021-04-30,18.99406623840332,2.9441266271476967,-0.028101499578544242
2021-05-03,19.82030868530273,2.986707103215614,0.04258047606791715
2021-05-04,19.63986587524414,2.977561473740279,-0.009145629475334704
2021-05-05,19.801315307617188,2.985748365171772,0.008186891431492871
2021-05-06,19.658859252929688,2.978528089278186,-0.007220275893585981
2021-05-07,20.26667022705078,3.008977675980844,0.03044958670265796
2021-05-10,20.352140426635746,3.013186087027566,0.004208411046722205
2021-05-11,20.133708953857425,3.002395472747174,-0.010790614280391964
2021-05-12,19.19350242614746,2.9545718064535347,-0.047823666293639544
2021-05-13,19.801315307617188,2.985748365171772,0.031176558718237324
2021-05-14,19.896284103393555,2.990532985821829,0.004784620650057025
2021-05-17,19.658859252929688,2.978528089278186,-0.012004896543643007
2021-05-18,19.60187530517578,2.975625240495043,-0.002902848783143064
2021-05-19,19.202999114990234,2.9550664707409173,-0.020558769754125628
2021-05-20,19.19350242614746,2.9545718064535347,-0.0004946642873826512
2021-05-21,18.96557235717773,2.942625354341555,-0.011946452111979866
2021-05-24,19.753826141357425,2.9833472012604796,0.040721846918924776
2021-05-25,19.687349319458008,2.9799762629417312,-0.003370938318748351
2021-05-26,19.753826141357425,2.9833472012604796,0.003370938318748351
2021-05-27,19.801315307617188,2.985748365171772,0.0024011639112924144
2021-05-28,19.829803466796875,2.987186031579761,0.0014376664079889245
2021-05-31,19.63036727905273,2.9770777182026267,-0.010108313377134248
2021-06-01,20.27616500854492,3.0094460586981624,0.03236834049553572
2021-06-02,20.58956718444824,3.0247845001508753,0.015338441452712903
2021-06-04,20.21918487548828,3.0066318999947916,-0.018152600156083665
2021-06-07,20.057735443115234,2.9986148869846185,-0.008017013010173102
2021-06-08,20.15270233154297,3.0033383901471993,0.004723503162580744
2021-06-09,19.772823333740234,2.984308435976694,-0.01902995417050546
2021-06-10,20.02924156188965,2.99719328385297,0.012884847876275973
2021-06-11,19.544893264770508,2.9727140382308,-0.024479245622169632
2021-06-14,19.706342697143555,2.9809405482465605,0.008226510015760358
2021-06-15,19.468917846679688,2.968819237288846,-0.012121310957714737
2021-06-16,19.21249771118164,2.9555609897329775,-0.013258247555868241
2021-06-17,19.08903694152832,2.949114188142851,-0.006446801590126672
2021-06-18,19.30746841430664,2.9604919855312444,0.011377797388393507
2021-06-21,19.0510482788086,2.94712212781772,-0.01336985771352417
2021-06-22,18.8611068725586,2.9371019643781273,-0.010020163439592888
2021-06-23,18.718650817871094,2.9295203967572365,-0.0075815676208907945
2021-06-24,18.92758750915528,2.9406205143715227,0.011100117614286198
2021-06-25,18.55720329284668,2.920858031351324,-0.019762483020198562
2021-06-28,18.62368392944336,2.9244341002625847,0.0035760689112604993
2021-06-29,18.614187240600582,2.9239240448404957,-0.0005100554220889286
2021-06-30,18.186817169189453,2.9006970002648274,-0.023227044575668376
2021-07-01,18.756641387939453,2.931547897056574,0.030850896791746685
2021-07-02,18.756641387939453,2.931547897056574,0.0
2021-07-05,18.79463005065918,2.9335711934310496,0.002023296374475514
2021-07-06,18.38625717163086,2.9116034927053667,-0.02196770072568288
2021-07-07,19.250486373901367,2.957536326591303,0.045932833885936386
2021-07-08,18.99406623840332,2.9441266271476967,-0.013409699443606371
2021-07-12,19.117525100708008,2.950605458905592,0.006478831757895431
2021-07-13,19.373947143554688,2.9639292327850635,0.013323773879471368
2021-07-14,19.71584129333496,2.98142243917262,0.01749320638755636
2021-07-15,19.497407913208008,2.9702815292062597,-0.01114090996636019
2021-07-16,19.430927276611328,2.9668659862141236,-0.003415542992136089
2021-07-19,19.82030868530273,2.986707103215614,0.01984111700149027
2021-07-20,20.27616500854492,3.0094460586981624,0.022738955482548562
2021-07-21,20.608562469482425,3.0257066432937703,0.016260584595607863
2021-07-22,20.37113571166992,3.0141189828165635,-0.011587660477206718
2021-07-23,20.27616500854492,3.0094460586981624,-0.004672924118401145
2021-07-26,20.2001895904541,3.0056919900291588,-0.0037540686690036296
2021-07-27,19.753826141357425,2.9833472012604796,-0.02234478876867918
2021-07-28,20.048236846923828,2.998141212076537,0.014794010816057579
2021-07-29,19.858295440673828,2.988621826165845,-0.009519385910692346
2021-07-30,19.62087059020996,2.9765938257424853,-0.012028000423359497
2021-08-02,19.772823333740234,2.984308435976694,0.0077146102342084966
2021-08-03,19.687349319458008,2.9799762629417312,-0.004332173034962583
2021-08-04,19.269481658935547,2.9585225832028206,-0.021453679738910658
2021-08-05,19.07953834533692,2.9486164699903603,-0.009906113212460266
2021-08-06,19.174510955810547,2.9535818426678744,0.004965372677514068
2021-08-09,18.96557235717773,2.942625354341555,-0.010956488326319569
2021-08-10,18.595190048217773,2.92290294771834,-0.019722406623214894
2021-08-11,18.652172088623047,2.925962605186112,0.0030596574677721478
2021-08-12,18.566699981689453,2.92136965260945,-0.004592952576662146
2021-08-13,18.158327102661133,2.899129249032334,-0.022240403577115764
2021-08-16,17.673978805541992,2.8720934339065676,-0.027035815125766582
2021-08-17,17.654983520507812,2.8710180959620617,-0.001075337944505872
2021-08-18,17.14214515686035,2.8415400603477545,-0.029478035614307174
2021-08-19,17.341583251953125,2.8531072735252363,0.011567213177481772
2021-08-20,17.2086238861084,2.845410646893311,-0.007696626631925163
2021-08-23,17.503032684326172,2.862374162162618,0.01696351526930684
2021-08-24,17.78794288635254,2.878520861846834,0.016146699684215893
2021-08-25,17.920902252197266,2.885967755174258,0.00744689332742432
2021-08-26,17.78794288635254,2.878520861846834,-0.00744689332742432
2021-08-27,18.053857803344727,2.8933593906593207,0.014838528812486818
2021-08-30,17.901906967163086,2.8849072416506996,-0.008452149008621124
2021-08-31,17.778446197509766,2.877986835800722,-0.006920405849977662
2021-09-01,18.376758575439453,2.91108674530531,0.033099909504588076
2021-09-02,18.053857803344727,2.8933593906593207,-0.01772735464598929
2021-09-03,18.03486442565918,2.8923067970363783,-0.0010525936229424104
2021-09-06,17.987382888793945,2.889670561492858,-0.0026362355435201046
2021-09-08,17.313091278076172,2.8514629366106257,-0.038207624882232505
2021-09-09,17.626493453979492,2.869403080086087,0.017940143475461134
2021-09-10,17.2086238861084,2.845410646893311,-0.023992433192775664
2021-09-13,17.52202606201172,2.8634587216310194,0.01804807473770831
2021-09-14,17.493534088134766,2.861831331976651,-0.001627389654368372
2021-09-15,17.294095993041992,2.8503651711786677,-0.011466160797983349
2021-09-16,16.78125762939453,2.82026264634707,-0.030102524831597588
2021-09-17,16.648298263549805,2.8123080048096183,-0.007954641537451845
2021-09-20,16.43936538696289,2.799678787116719,-0.012629217692899264
2021-09-21,16.762264251708984,2.819130184479605,0.019451397362885814
2021-09-22,16.8287410736084,2.823088202886055,0.003958018406450048
2021-09-23,16.980695724487305,2.8320771532173987,0.008988950331343837
2021-09-24,16.809749603271484,2.8219590516088973,-0.010118101608501462
2021-09-27,16.847736358642578,2.824216307040468,0.002257255431570737
2021-09-28,16.29690933227539,2.7909754783173333,-0.03324082872313472
2021-09-29,16.125961303710938,2.7804304766389007,-0.01054500167843253
2021-09-30,15.945518493652344,2.769177817565968,-0.011252659072932936
2021-10-01,16.43936538696289,2.799678787116719,0.03050096955075121
2021-10-04,16.144956588745117,2.7816077153707686,-0.018071071745950462
2021-10-05,16.144956588745117,2.7816077153707686,0.0
2021-10-06,17.313091278076172,2.8514629366106257,0.0698552212398571
2021-10-07,16.752765655517578,2.818563358403542,-0.03289957820708356
2021-10-08,17.322589874267578,2.852011422802524,0.03344806439898207
2021-10-11,17.256107330322266,2.8481661289517413,-0.003845293850782916
2021-10-13,17.512529373168945,2.8629165889304664,0.01475045997872515
2021-10-14,17.702470779418945,2.873704221895286,0.010787632964819771
2021-10-15,17.42705535888672,2.8580239042894418,-0.01568031760584443
2021-10-18,17.294095993041992,2.8503651711786677,-0.00765873311077403
2021-10-19,16.695785522460938,2.815156323649081,-0.03520884752958686
2021-10-20,16.220932006835938,2.7863025073839527,-0.028853816265128174
2021-10-21,15.565635681152344,2.745065643480591,-0.04123686390336179
2021-10-22,15.746081352233888,2.7565915312822638,0.011525887801672852
2021-10-25,15.898033142089844,2.766195399819137,0.009603868536873339
2021-10-26,15.470667839050291,2.7389458335982533,-0.027249566220883814
2021-10-27,15.385193824768066,2.7334056069896144,-0.005540226608638843
2021-10-28,15.290224075317385,2.727213674857615,-0.0061919321319994225
2021-10-29,15.185755729675291,2.720357865430229,-0.006855809427385839
2021-11-01,15.727086067199709,2.7553844530694205,0.03502658763919131
2021-11-03,16.448862075805664,2.8002563000956395,0.04487184702621905
2021-11-04,16.363386154174805,2.7950462873967314,-0.005210012698908084
2021-11-05,16.13545799255371,2.7810192101369444,-0.014027077259787024
2021-11-08,15.91702938079834,2.7673895663213885,-0.01362964381555587
2021-11-09,16.078479766845703,2.7774817174186275,0.010092151097238933
2021-11-10,15.99300479888916,2.772151426570538,-0.005330290848089447
2021-11-11,16.31590461730957,2.792140375477791,0.01998894890725289
2021-11-12,15.926525115966797,2.7679859655362367,-0.024154409941554267
2021-11-16,15.84105110168457,2.7626047416143042,-0.00538122392193241
2021-11-17,15.93602180480957,2.7685820691149994,0.005977327500695129
2021-11-18,15.907529830932615,2.7667925713977723,-0.0017894977172270288
2021-11-19,16.163949966430664,2.782783451840901,0.015990880443128574
2021-11-22,16.01199722290039,2.7733382676916656,-0.009445184149235342
2021-11-23,16.676790237426758,2.8140179466042774,0.040679678912611816
2021-11-24,16.66729164123535,2.8134482145311073,-0.0005697320731701261
2021-11-25,17.009185791015625,2.8337535387727524,0.020305324241645106
2021-11-26,16.73377227783203,2.8174289694284775,-0.016324569344274842
2021-11-29,16.73377227783203,2.8174289694284775,0.0
2021-11-30,16.68628692626953,2.8145872399612815,-0.0028417294671960747
2021-12-01,16.629302978515625,2.8111663788276813,-0.0034208611336001837
2021-12-02,16.724273681640625,2.816861177964619,0.0056947991369376005
2021-12-03,17.18963050842285,2.844306324598467,0.02744514663384834
2021-12-06,16.714778900146484,2.816293292153495,-0.028013032444972108
2021-12-07,16.420372009277344,2.7985227596310613,-0.01777053252243377
2021-12-08,16.809749603271484,2.8219590516088973,0.02343629197783592
2021-12-09,16.572322845458984,2.8077340054071835,-0.01422504620171372
2021-12-10,17.1136531829834,2.83987657668496,0.03214257127777653
2021-12-13,17.2086238861084,2.845410646893311,0.005534070208351061
2021-12-14,17.607501983642578,2.8683250602963786,0.022914413403067435
2021-12-15,17.825931549072266,2.880654225752329,0.01232916545595053
2021-12-16,17.52202606201172,2.8634587216310194,-0.017195504121309657
2021-12-17,17.322589874267578,2.852011422802524,-0.011447298828495267
2021-12-20,17.265605926513672,2.8487164258828606,-0.0032949969196636175
2021-12-21,17.151639938354492,2.8420937922680065,-0.0066226336148540454
2021-12-22,17.09465980529785,2.8387661226474403,-0.003327669620566187
2021-12-23,16.78125762939453,2.82026264634707,-0.018503476300370192
2021-12-27,16.90471649169922,2.8275926653418595,0.007330018994789356
2021-12-28,16.648298263549805,2.8123080048096183,-0.015284660532241201
2021-12-29,16.619808197021484,2.8105952488686214,-0.0017127559409968462
2021-12-30,16.866729736328125,2.8253430269263107,0.014747778057689231
2022-01-03,16.515338897705078,2.804289579231971,-0.02105344769433959
2022-01-04,16.496347427368164,2.803138988362721,-0.0011505908692499567
2022-01-05,15.774571418762209,2.7583992396754655,-0.04473974868725561
2022-01-06,15.290224075317385,2.727213674857615,-0.03118556481785051
2022-01-07,15.06229305267334,2.7121944719148856,-0.015019202942729404
2022-01-10,14.8628568649292,2.698865272825641,-0.013329199089244792
2022-01-11,15.195252418518066,2.720983038176687,0.02211776535104626
2022-01-12,15.508655548095703,2.7413982905231884,0.020415252346501322
2022-01-13,15.44217586517334,2.7371024585779793,-0.004295831945209105
2022-01-14,15.489660263061523,2.7401727215259886,0.0030702629480092725
2022-01-17,15.527649879455566,2.742622297921597,0.0024495763956084993
2022-01-18,15.575133323669434,2.745675624744066,0.00305332682246906
2022-01-19,15.888535499572754,2.765597811390716,0.01992218664664991
2022-01-20,16.600814819335938,2.8094517796600087,0.043853968269292665
2022-01-21,16.125961303710938,2.7804304766389007,-0.029021303021107947
2022-01-24,15.79356575012207,2.759602626086925,-0.02082785055197567
2022-01-25,15.974008560180664,2.7709629363771535,0.011360310290228437
2022-01-26,16.021495819091797,2.7739313092595856,0.0029683728824321243
2022-01-27,15.822056770324709,2.761404964655257,-0.012526344604328443
2022-01-28,14.967324256896973,2.7058694421013323,-0.05553552255392491
2022-01-31,14.834365844726562,2.6969465055912503,-0.008922936510082025
2022-02-01,14.729898452758787,2.68987933654438,-0.007067169046870436
2022-02-02,14.6729154586792,2.6860033085157715,-0.0038760280286083137
2022-02-03,14.45448398590088,2.6710046768650813,-0.014998631650690264
2022-02-04,14.492473602294922,2.6736294527565656,0.0026247758914843544
2022-02-07,14.122088432312012,2.647740127099192,-0.025889325657373785
2022-02-08,14.786880493164062,2.6937403344735267,0.046000207374334856
2022-02-09,15.25223445892334,2.724726014216748,0.030985679743221528
2022-02-10,15.166762351989746,2.7191063461912948,-0.005619668025453439
2022-02-11,15.25223445892334,2.724726014216748,0.005619668025453439
2022-02-14,15.375697135925291,2.732788154838659,0.008062140621910796
2022-02-15,15.803061485290527,2.7602036861547345,0.027415531316075548
2022-02-16,15.86954116821289,2.7644016222245127,0.004197936069778141
2022-02-17,15.84105110168457,2.7626047416143042,-0.00179688061020844
2022-02-18,14.444987297058104,2.670347454517196,-0.09225728709710834
2022-02-21,14.501970291137695,2.674284522342813,0.003937067825617202
2022-02-22,15.081289291381836,2.7134548557011526,0.039170333358339526
2022-02-23,14.957826614379885,2.7052346822047597,-0.008220173496392924
2022-02-24,15.29971981048584,2.7278345151905627,0.022599832985803037
2022-02-25,14.7204008102417,2.689234341886666,-0.038600173303896756
2022-03-02,14.853360176086426,2.698226114136433,0.008991772249767216
2022-03-03,14.786880493164062,2.6937403344735267,-0.0044857796629065305
2022-03-04,14.4829740524292,2.6729737562289904,-0.020766578244536316
2022-03-07,14.7678861618042,2.6924549692939093,0.0194812130649189
2022-03-08,15.337708473205566,2.7303144023296952,0.03785943303578598
2022-03-09,15.641613006591797,2.749934863213078,0.019620460883382762
2022-03-10,15.44217586517334,2.7371024585779793,-0.012832404635098715
2022-03-11,14.777383804321287,2.693097890672196,-0.04400456790578344
2022-03-14,14.606435775756836,2.6814622381463087,-0.011635652525887163
2022-03-15,14.4829740524292,2.6729737562289904,-0.008488481917318325
2022-03-16,14.919838905334473,2.702691797487731,0.02971804125874078
2022-03-17,15.746081352233888,2.7565915312822638,0.05389973379453261
2022-03-18,16.78125762939453,2.82026264634707,0.06367111506480638
2022-03-21,16.334897994995117,2.793303800466356,-0.026958845880713955
2022-03-22,16.676790237426758,2.8140179466042774,0.02071414613792122
2022-03-23,16.73377227783203,2.8174289694284775,0.0034110228242001384
2022-03-24,17.265605926513672,2.8487164258828606,0.03128745645438302
2022-03-25,17.484037399291992,2.86128831605689,0.012571890174029487
2022-03-28,17.778446197509766,2.877986835800722,0.016698519743831852
2022-03-29,17.55051612854004,2.865083358513058,-0.012903477287663723
2022-03-30,17.493534088134766,2.861831331976651,-0.0032520265364071044
2022-03-31,17.61699676513672,2.868864161323298,0.007032829346647063
2022-04-01,18.044363021850582,2.892833338045311,0.02396917672201271
2022-04-04,17.93039894104004,2.8864975372880903,-0.006335800757220511
2022-04-05,17.5885066986084,2.867245660239971,-0.019251877048119148
2022-04-06,17.18963050842285,2.844306324598467,-0.022939335641503966
2022-04-07,17.151639938354492,2.8420937922680065,-0.0022125323304607036
2022-04-08,17.3510799407959,2.853654748882041,0.011560956614034446
2022-04-11,17.33208465576172,2.8525593882277076,-0.001095360654333355
2022-04-12,17.53152084350586,2.8640004517875672,0.011441063559859632
2022-04-13,17.607501983642578,2.8683250602963786,0.004324608508811334
2022-04-14,17.47454071044922,2.8607450051106285,-0.007580055185750112
2022-04-18,17.14214515686035,2.8415400603477545,-0.019204944762873932
2022-04-19,17.09465980529785,2.8387661226474403,-0.0027739377003141996
2022-04-20,17.88291358947754,2.8838457089016925,0.045079586254252124
2022-04-22,17.370073318481445,2.854748801227493,-0.029096907674199368
2022-04-25,17.370073318481445,2.854748801227493,0.0
2022-04-26,16.90471649169922,2.8275926653418595,-0.027156135885633592
2022-04-27,16.78125762939453,2.82026264634707,-0.007330018994789356
2022-04-28,16.523897171020508,2.8048076465074394,-0.015454999839630723
2022-04-29,15.563650131225586,2.7449380755086548,-0.05986957099878465
2022-05-02,15.04074001312256,2.710762520311436,-0.03417555519721871
2022-05-03,15.173845291137695,2.7195732412093463,0.00881072089791024
2022-05-04,15.402023315429688,2.7344988849082568,0.014925643698910473
2022-05-05,14.917143821716309,2.702511143589169,-0.03198774131908788
2022-05-06,14.59389305114746,2.6806031570410838,-0.021907986548085123
2022-05-09,14.688965797424316,2.6870965858983618,0.006493428857277994
2022-05-10,14.555862426757812,2.6779938283970477,-0.009102757501314063
2022-05-11,14.603399276733398,2.6812543287877713,0.003260500390723564
2022-05-12,14.51783275604248,2.6753777390306586,-0.0058765897571126935
2022-05-13,14.77453327178955,2.692904973743441,0.01752723471278239
2022-05-16,15.173845291137695,2.7195732412093463,0.026668267465905338
2022-05-17,15.240396499633787,2.7239495669564007,0.004376325747054377
2022-05-18,14.841084480285645,2.697399313255518,-0.02655025370088282
2022-05-19,14.841084480285645,2.697399313255518,0.0
2022-05-20,15.08827781677246,2.713918138816258,0.016518825560740247
2022-05-23,15.287933349609377,2.727063847274451,0.01314570845819274
2022-05-24,15.37350082397461,2.7326453015546623,0.005581454280211506
2022-05-25,15.249905586242676,2.724573311968202,-0.008071989586460493
2022-05-26,16.30522918701172,2.7914858653836303,0.06691255341542846
2022-05-27,16.238676071166992,2.787395808698983,-0.004090056684647347
2022-05-30,16.314735412597656,2.792068712481825,0.0046729037828421305
2022-05-31,16.809120178222656,2.821921606861171,0.02985289437934613
2022-06-01,16.91370391845703,2.828124176090167,0.00620256922899598
2022-06-02,17.446117401123047,2.8591171253889947,0.030992949298827455
2022-06-03,17.484148025512695,2.8612946433066093,0.0021775179176146686
2022-06-06,17.341537475585938,2.853104633833869,-0.00819000947274029
2022-06-07,16.989763259887695,2.8326110015012804,-0.020493632332588607
2022-06-08,16.78059959411621,2.8202234330655154,-0.01238756843576505
2022-06-09,17.04680633544922,2.8359628744806393,0.015739441415123956
2022-06-10,16.599956512451172,2.809400075627209,-0.02656279885343027
2022-06-13,16.1721248626709,2.783289072665791,-0.026111002961417995
2022-06-14,16.21965980529785,2.7862240746878966,0.002935002022105504
2022-06-15,16.238676071166992,2.787395808698983,0.0011717340110863894
2022-06-17,16.058032989501953,2.7762092221570662,-0.011186586541916732
2022-06-20,15.924930572509766,2.7678858417947056,-0.008323380362360577
2022-06-21,15.924930572509766,2.7678858417947056,0.0
2022-06-22,15.962961196899414,2.770271113464341,0.002385271669635536
2022-06-23,15.896408081054688,2.766093176853483,-0.0041779366108580795
2022-06-24,15.81084156036377,2.760695879429261,-0.005397297424222014
2022-06-27,15.867887496948242,2.7642974126942708,0.003601533265009671
2022-06-28,15.554141998291016,2.7443269696055816,-0.019970443088689116
2022-06-29,15.535126686096191,2.743103697694038,-0.0012232719115434776
2022-06-30,15.18335247039795,2.720199595436489,-0.02290410225754913
2022-07-01,15.202366828918455,2.7214511281591545,0.0012515327226654271
2022-07-04,15.164337158203123,2.718946431527405,-0.002504696631749681
2022-07-05,15.33547019958496,2.7301684589536626,0.011222027426257775
2022-07-06,15.316455841064451,2.728927795581692,-0.0012406633719703741
2022-07-07,15.325963973999023,2.729548381899425,0.000620586317732652
2022-07-08,15.287933349609377,2.727063847274451,-0.0024845346249739997
2022-07-11,14.983696937561035,2.7069627392005278,-0.02010110807392307
2022-07-12,14.907637596130373,2.70187367196618,-0.005089067234347766
2022-07-13,14.669952392578123,2.685801346926593,-0.01607232503958711
2022-07-14,14.64142894744873,2.683855109470089,-0.0019462374565040186
2022-07-15,14.58438491821289,2.679951430213263,-0.003903679256825665
2022-07-18,15.012218475341797,2.7088644345469572,0.028913004333694037
2022-07-19,15.116799354553224,2.7158066654434805,0.006942230896523238
2022-07-20,15.22138214111328,2.722701159158926,0.006894493715445371
2022-07-21,15.22138214111328,2.722701159158926,0.0
2022-07-22,15.297441482543944,2.727685591051863,0.004984431892937291
2022-07-25,15.601678848266602,2.747378526943667,0.019692935891803653
2022-07-26,15.677738189697266,2.7522417564114616,0.004863229467794827
2022-07-27,16.533405303955078,2.805382898115097,0.05314114170363515
2022-07-28,16.685523986816406,2.8145415163740752,0.009158618258978457
2022-07-29,16.67601776123047,2.813971625095368,-0.000569891278707324
2022-08-01,16.67601776123047,2.813971625095368,0.0
2022-08-02,16.847148895263672,2.8241814374527228,0.010209812357354853
2022-08-03,17.075328826904297,2.8376346630696268,0.013453225616903985
2022-08-04,17.56971549987793,2.8661767096875965,0.028542046617969774
2022-08-05,17.40808868408203,2.856934965104606,-0.009241744582990652
2022-08-08,17.493656158447266,2.861838309976979,0.004903344872372983
2022-08-09,17.113359451293945,2.8398594129498367,-0.021978897027142175
2022-08-10,17.493656158447266,2.861838309976979,0.021978897027142175
2022-08-11,17.512670516967773,2.8629246484875437,0.0010863385105648327
2022-08-12,18.425382614135746,2.91372920389158,0.05080455540403639
2022-08-15,18.691591262817383,2.9280737576408975,0.014344553749317424
2022-08-16,18.73912811279297,2.9306137502633103,0.002539992622412779
2022-08-17,18.900753021240234,2.9392017636655727,0.008588013402262451
2022-08-18,18.9768123626709,2.9432178319048368,0.004016068239264037
2022-08-19,18.37784576416016,2.911145904626465,-0.032071927278371604
2022-08-22,18.29227828979492,2.906479019423516,-0.0046668852029490004
2022-08-23,18.59651565551757,2.9229742328221167,0.016495213398600495
2022-08-24,19.014842987060547,2.9452198840261494,0.022245651204032768
2022-08-25,19.29055976867676,2.9596158450905286,0.014395961064379126
2022-08-26,19.043365478515625,2.9467187720687074,-0.012897073021821193
2022-08-29,19.10041046142578,2.949709824948679,0.0029910528799717007
2022-08-30,19.138437271118164,2.951698735414485,0.0019889104658057377
2022-08-31,19.214496612548828,2.955665026044126,0.003966290629641378
2022-09-01,19.36661720275879,2.963550821112077,0.007885795067950951
2022-09-02,19.26203727722168,2.9581361784094446,-0.005414642702632477
2022-09-05,19.55676651000977,2.9733213395920504,0.015185161182605711
2022-09-06,19.214496612548828,2.955665026044126,-0.017656313547924185
2022-09-08,19.35711097717285,2.963059844327366,0.007394818283239957
2022-09-09,19.708885192871094,2.981069559081569,0.018009714754202655
2022-09-12,19.6328239440918,2.9772028565301922,-0.003866702551376555
2022-09-13,18.81518745422364,2.9346643870158946,-0.04253846951429763
2022-09-14,19.138437271118164,2.951698735414485,0.017034348398590193
2022-09-15,18.900753021240234,2.9392017636655727,-0.012496971748912067
2022-09-16,18.691591262817383,2.9280737576408975,-0.01112800602467523
2022-09-19,18.81518745422364,2.9346643870158946,0.0065906293749971034
2022-09-20,18.67257499694824,2.9270558696795375,-0.007608517336357146
2022-09-21,18.87223243713379,2.9376916585372514,0.01063578885771399
2022-09-22,19.014842987060547,2.9452198840261494,0.007528225488897977
2022-09-23,18.396860122680664,2.9121800045468533,-0.0330398794792961
2022-09-26,17.921489715576172,2.88600053554112,-0.026179469005733313
2022-09-27,17.6647891998291,2.8715733475289875,-0.014427188012132497
2022-09-28,17.55069923400879,2.865093791511851,-0.006479556017136456
2022-09-29,17.29400062561035,2.8503596567132323,-0.014734134798618737
2022-09-30,17.56971549987793,2.8661767096875965,0.0158170529743642
2022-10-03,18.29227828979492,2.906479019423516,0.04030230973591964
2022-10-04,18.444395065307617,2.914760533834623,0.008281514411106805
2022-10-05,18.59651565551757,2.9229742328221167,0.00821369898749369
2022-10-06,18.834199905395508,2.9356743611016025,0.012700128279485856
2022-10-07,18.168684005737305,2.899699453023292,-0.03597490807831072
2022-10-10,17.332029342651367,2.85255619685173,-0.0471432561715619
2022-10-11,18.06410217285156,2.8939266635500545,0.04137046669832456
2022-10-13,18.796173095703125,2.933653290375816,0.039726626825761446
2022-10-14,18.34932327270508,2.9095926949488793,-0.024060595426936615
2022-10-17,19.052873611450195,2.9472179359420516,0.037625240993172326
2022-10-18,19.43317031860352,2.966981416245102,0.019763480303050418
2022-10-19,19.680362701416016,2.9796213214042786,0.012639905159176568
2022-10-20,19.680362701416016,2.9796213214042786,0.0
2022-10-21,20.212778091430664,3.006314983197233,0.026693661792954515
2022-10-24,20.01312065124512,2.9963880910209535,-0.009926892176279623
2022-10-25,19.566272735595703,2.973807305199852,-0.022580785821101568
2022-10-26,19.176469802856445,2.953683996355152,-0.020123308844699928
2022-10-27,19.92755508422852,2.992103451547887,0.03841945519273482
2022-10-28,20.19376373291016,3.0053738306478914,0.013270379100004615
2022-10-31,21.04943084716797,3.0468735216235645,0.041499690975673076
2022-11-01,20.77371597290039,3.033688532472835,-0.013184989150729631
2022-11-03,20.745193481445312,3.032314580395728,-0.001373952077106999
2022-11-04,19.45218276977539,2.967959288434854,-0.06435529196087408
2022-11-07,19.2240047454834,2.956159745286166,-0.011799543148687697
2022-11-08,19.75642204284668,2.9834786052183024,0.02731885993213634
2022-11-09,19.4807071685791,2.969424599843932,-0.014054005374370515
2022-11-10,18.634546279907227,2.9250171848970714,-0.04440741494686051
2022-11-11,18.9768123626709,2.9432178319048368,0.018200647007765358
2022-11-14,18.995826721191406,2.9442193087875856,0.0010014768827488751
2022-11-16,18.254249572753903,2.904397906223962,-0.039821402563623653
2022-11-17,17.95001220703125,2.887590794991508,-0.01680711123245393
2022-11-18,18.311294555664062,2.907518058298779,0.019927263307271126
2022-11-21,18.85321807861328,2.936683619673796,0.029165561375017024
2022-11-22,18.548978805541992,2.9204147366239086,-0.016268883049887606
2022-11-23,18.425382614135746,2.91372920389158,-0.006685532732328525
2022-11-24,18.9768123626709,2.9432178319048368,0.02948862801325669
2022-11-25,17.978532791137695,2.8891784234411744,-0.0540394084636624
2022-11-28,18.634546279907227,2.9250171848970714,0.03583876145589704
2022-11-29,18.501441955566406,2.917848672590969,-0.0071685123061024925
2022-11-30,18.501441955566406,2.917848672590969,0.0
2022-12-01,18.168684005737305,2.899699453023292,-0.018149219567677122
2022-12-02,18.29227828979492,2.906479019423516,0.006779566400224368
2022-12-05,17.873952865600586,2.883344505918719,-0.023134513504797116
2022-12-06,17.854936599731445,2.8822800301989675,-0.0010644757197515453
2022-12-07,17.778879165649414,2.878011189046375,-0.004268841152592628
2022-12-08,16.685523986816406,2.8145415163740752,-0.06346967267229964
2022-12-09,16.77109146118164,2.8196566578664095,0.005115141492334274
2022-12-12,16.571435928344727,2.8076804860027895,-0.011976171863619989
2022-12-13,15.706260681152344,2.7540594023669853,-0.0536210836358042
2022-12-14,16.077049255371094,2.7773927428926872,0.023333340525701907
2022-12-15,16.29572105407715,2.7909025613305984,0.013509818437911214
2022-12-16,16.30522918701172,2.7914858653836303,0.0005833040530318634
2022-12-19,16.752077102661133,2.8185222567119737,0.027036391328343345
2022-12-20,17.42710304260254,2.8580266404746206,0.03950438376264698
2022-12-21,17.617252349853516,2.868878669066373,0.010852028591752383
2022-12-22,17.64577293395996,2.8704962608694484,0.0016175918030754133
2022-12-23,18.206710815429688,2.901790252242489,0.031293991373040786
2022-12-26,17.588727951049805,2.867258239536986,-0.03453201270550332
2022-12-27,17.16089630126953,2.842633324704486,-0.024624914832499734
2022-12-28,17.56020736694336,2.8656353971886883,0.023002072484202163
2022-12-29,17.693313598632812,2.8731868054203398,0.0075514082316514575
2023-01-02,16.79010581970215,2.820789773612897,-0.05239703180744293
2023-01-03,16.40981101989746,2.79787938888075,-0.022910384732147016
2023-01-04,16.657001495361328,2.812830638268715,0.014951249387965326
2023-01-05,16.77109146118164,2.8196566578664095,0.006826019597694355
2023-01-06,16.92321014404297,2.8286860610078333,0.009029403141423753
2023-01-09,16.847148895263672,2.8241814374527228,-0.0045046235551104985
2023-01-10,17.236953735351562,2.847055552137299,0.02287411468457634
2023-01-11,17.617252349853516,2.868878669066373,0.021823116929073905
2023-01-12,17.750354766845703,2.8764055025862367,0.007526833519863718
2023-01-13,17.465133666992188,2.8602065316501886,-0.016198970936048163
2023-01-16,17.39858055114746,2.8563886253725954,-0.0038179062775931527
2023-01-17,17.65528106689453,2.8710349492136698,0.014646323841074338
2023-01-18,17.940505981445312,2.8870610603268636,0.016026111113193853
2023-01-19,18.130651473999023,2.897603957601533,0.010542897274669283
2023-01-20,17.455625534057617,2.8596619768703344,-0.03794198073119848
2023-01-23,17.5792236328125,2.866717729325805,0.007055752455470632
2023-01-24,17.892967224121094,2.8844077431370247,0.017690013811219707
2023-01-25,17.854936599731445,2.8822800301989675,-0.002127712938057247
2023-01-26,17.86444664001465,2.882812516465266,0.0005324862662985375
2023-01-27,17.617252349853516,2.868878669066373,-0.013933847398893029
2023-01-30,17.29400062561035,2.8503596567132323,-0.018519012353140685
2023-01-31,17.474641799926758,2.8607507900515214,0.010391133338289116
2023-02-01,17.236953735351562,2.847055552137299,-0.013695237914222336
2023-02-02,17.493656158447266,2.861838309976979,0.01478275783967975
2023-02-03,17.151390075683594,2.8420792243029727,-0.019759085674006194
2023-02-06,16.67601776123047,2.813971625095368,-0.02810759920760475
2023-02-07,16.837642669677734,2.823617015029625,0.009645389934257231
2023-02-08,16.92321014404297,2.8286860610078333,0.00506904597820812
2023-02-09,16.153108596801758,2.7821125139203358,-0.0465735470874975
2023-02-10,16.67601776123047,2.813971625095368,0.03185911117503215
2023-02-13,16.647493362426758,2.8122596562896467,-0.0017119688057212201
2023-02-14,16.504884719848633,2.8036563807214567,-0.00860327556818996
2023-02-15,16.571435928344727,2.8076804860027895,0.0040241052813327904
2023-02-16,17.065820693969727,2.8370776734360716,0.029397187433282124
2023-02-17,17.360551834106445,2.8542004964059293,0.017122822969857676
2023-02-22,17.113359451293945,2.8398594129498367,-0.01434108345609264
2023-02-23,17.02779197692871,2.8348468313613746,-0.005012581588462073
2023-02-24,17.122865676879883,2.840414744374061,0.005567913012686443
2023-02-27,17.18941879272461,2.844294008045069,0.003879263671008104
2023-02-28,17.075328826904297,2.8376346630696268,-0.006659344975442405
2023-03-01,16.571435928344727,2.8076804860027895,-0.02995417706683723
2023-03-02,16.894689559936523,2.8269993453266187,0.01931885932382915
2023-03-03,16.818628311157227,2.8224871001585266,-0.004512245168092122
2023-03-06,17.17040252685547,2.8431871182487667,0.020700018090240135
2023-03-07,17.465133666992188,2.8602065316501886,0.01701941340142188
2023-03-08,18.06410217285156,2.8939266635500545,0.03372013189986589
2023-03-09,18.1401596069336,2.8981282432664526,0.004201579716398118
2023-03-10,18.08311653137207,2.8949787146320407,-0.003149528634411869
2023-03-13,18.02606964111328,2.891819023497069,-0.0031596911349716095
2023-03-14,17.65528106689453,2.8710349492136698,-0.020784074283399345
2023-03-15,17.5792236328125,2.866717729325805,-0.0043172198878647094
2023-03-16,17.731342315673828,2.875333825944204,0.008616096618399016
2023-03-17,17.854936599731445,2.8822800301989675,0.006946204254763444
2023-03-20,17.598236083984375,2.867798674520608,-0.01448135567835962
2023-03-21,17.65528106689453,2.8710349492136698,0.003236274693061869
2023-03-22,17.512670516967773,2.8629246484875437,-0.008110300726126063
2023-03-23,16.951732635498047,2.8303700489856776,-0.03255459950186612
2023-03-24,17.255970001220703,2.848158170630355,0.017788121644677357
2023-03-27,17.42710304260254,2.8580266404746206,0.009868469844265704
2023-03-28,17.617252349853516,2.868878669066373,0.010852028591752383
2023-03-29,17.778879165649414,2.878011189046375,0.009132519980001863
2023-03-30,18.11163902282715,2.896554771545392,0.01854358249901722
2023-03-31,17.921489715576172,2.88600053554112,-0.010554236004272077
2023-04-03,18.03557777404785,2.8923463501078275,0.006345814566707464
2023-04-04,18.26375770568848,2.9049186429156952,0.012572292807867758
2023-04-05,17.731342315673828,2.875333825944204,-0.02958481697149118
2023-04-06,17.740848541259766,2.8758698078265668,0.0005359818823627016
2023-04-10,17.674297332763672,2.872111456127535,-0.0037583516990316035
2023-04-11,18.10213279724121,2.896029765431612,0.02391830930407668
2023-04-12,18.368337631225582,2.9106284014591584,0.014598636027546519
2023-04-13,18.29227828979492,2.906479019423516,-0.004149382035642191
2023-04-14,18.33981704711914,2.9090744911580133,0.0025954717344971456
2023-04-17,18.72962188720703,2.930106328703215,0.02103183754520188
2023-04-18,18.653562545776367,2.926037149068847,-0.0040691796343681474
2023-04-19,18.358829498291016,2.9101106303436537,-0.01592651872519335
2023-04-20,18.736631393432617,2.9304805057662304,0.020369875422576733
2023-04-24,18.84157371520996,2.9360657961910506,0.005585290424820144
2023-04-25,18.793874740600582,2.933531005077568,-0.0025347911134825374
2023-04-26,18.603071212768555,2.923326686054571,-0.010204319022997232
2023-04-27,18.574451446533203,2.9217870583525793,-0.0015396277019914528
2023-04-28,18.793874740600582,2.933531005077568,0.011743946724988685
2023-05-02,18.77479362487793,2.932515205572632,-0.0010157995049362434
2023-05-03,19.02283477783203,2.9456400879586013,0.013124882385969538
2023-05-04,18.98467254638672,2.943631945517462,-0.002008142441139338
2023-05-05,19.986377716064453,2.9950509272935584,0.051418981776096384
2023-05-08,19.614315032958984,2.976259658478696,-0.018791268814862594
2023-05-09,19.54753494262696,2.972849188590172,-0.0034104698885237816
2023-05-10,19.54753494262696,2.972849188590172,0.0
2023-05-11,19.881437301635746,2.989786497490028,0.016937308899855896
2023-05-12,19.89097785949707,2.990266255030809,0.00047975754078111166
2023-05-15,20.024538040161133,2.996958423532827,0.0066921685020178145
2023-05-16,19.766956329345703,2.9840116713266336,-0.012946752206193235
2023-05-17,19.86235618591309,2.9888262913539583,0.00481462002732469
2023-05-18,20.10085868835449,3.0007625349661784,0.011936243612220121
2023-05-19,20.205799102783203,3.0059696475025457,0.005207112536367298
2023-05-22,20.15809631347656,3.003606009849467,-0.0023636376530786762
2023-05-23,20.04361915588379,2.9979108565120485,-0.005695153337418546
2023-05-24,19.795578002929688,2.985458579572551,-0.012452276939497686
2023-05-25,20.024538040161133,2.996958423532827,0.011499843960276035
2023-05-26,20.03407859802246,2.997434753413506,0.0004763298806791383
2023-05-29,19.795578002929688,2.985458579572551,-0.011976173840955173
2023-05-30,19.85281562805176,2.9883458423160167,0.002887262743465957
2023-05-31,19.86235618591309,2.9888262913539583,0.0004804490379415327
2023-06-01,20.959461212158203,3.042590153595645,0.053763862241686944
2023-06-02,21.58910369873047,3.0721887290160694,0.02959857542042421
2023-06-05,21.53186416625977,3.069533892219764,-0.0026548367963052932
2023-06-06,21.87530517578125,3.0853583830392224,0.015824490819458248
2023-06-07,21.53186416625977,3.069533892219764,-0.015824490819458248
2023-06-09,21.36968421936035,3.0619732924020537,-0.007560599817710401
2023-06-12,21.4650821685791,3.066427529695244,0.004454237293190388
2023-06-13,21.54140281677246,3.0699767957344837,0.0035492660392395514
2023-06-14,21.894386291503903,3.0862302702420683,0.01625347450758463
2023-06-15,21.9039249420166,3.0866658418609214,0.00043557161885310336
2023-06-16,20.86406135559082,3.0380281264795093,-0.04863771538141215
2023-06-19,21.11210060119629,3.0498463643088574,0.0118182378293481
2023-06-20,21.388761520385746,3.062865621482833,0.013019257173975785
2023-06-21,21.245662689208984,3.056152765794295,-0.0067128556885380775
2023-06-22,21.14072227478028,3.0512011461205137,-0.004951619673781327
2023-06-23,20.81636047363281,3.0357392387624467,-0.015461907358067073
2023-06-26,20.68280029296875,3.0293024511581716,-0.006436787604275018
2023-06-27,20.64463996887207,3.0274557200419876,-0.0018467311161840527
2023-06-28,20.56831932067871,3.023751994963588,-0.0037037250783997777
2023-06-29,20.86406135559082,3.0380281264795093,0.014276131515921442
2023-06-30,21.17888259887696,3.053004581410293,0.01497645493078359
2023-07-03,21.5986442565918,3.0726305468217303,0.019625965411437463
2023-07-04,21.703582763671875,3.0774773512348723,0.004846804413142003
2023-07-05,21.82760429382324,3.083175420784332,0.005698069549459728
2023-07-06,21.388761520385746,3.062865621482833,-0.0203097993014989
2023-07-07,21.67496490478516,3.076157903508901,0.013292282026067692
2023-07-10,21.17888259887696,3.053004581410293,-0.023153322098607987
2023-07-11,21.197961807250977,3.0539050358887017,0.0009004544784088075
2023-07-12,21.5986442565918,3.0726305468217303,0.018725510933028655
2023-07-13,21.741744995117188,3.079234145036603,0.0066035982148728856
2023-07-14,21.4078426361084,3.0637573332138497,-0.015476811822753511
2023-07-17,21.62726402282715,3.073954742035045,0.010197408821195353
2023-07-18,21.58910369873047,3.0721887290160694,-0.0017660130189756096
2023-07-19,21.751283645629883,3.079672773983068,0.007484044966998393
2023-07-20,21.88484573364257,3.085794421664054,0.006121647680985998
2023-07-21,22.27598762512207,3.103509310202132,0.01771488853807801
2023-07-24,22.915170669555664,3.1317991658738125,0.02828985567168063
2023-07-25,22.981948852539062,3.1347090752885856,0.002909909414773093
2023-07-26,22.896089553833008,3.1309661341373776,-0.00374294115120799
2023-07-27,22.295068740844727,3.104365521315087,-0.026600612822290426
2023-07-28,22.295068740844727,3.104365521315087,0.0
2023-07-31,22.171045303344727,3.0987871719684437,-0.005578349346643474
2023-08-01,21.94208526611328,3.08840649436502,-0.01038067760342365
2023-08-02,21.9802474975586,3.0901442090375855,0.001737714672565449
2023-08-03,22.218748092651367,3.100936441159409,0.010792232121823453
2023-08-04,22.14242553710937,3.0974954758014843,-0.003440965357924597
2023-08-07,22.171045303344727,3.0987871719684437,0.001291696166959344
2023-08-08,22.24736595153809,3.102223617403751,0.0034364454353075224
2023-08-09,22.762529373168945,3.1251157354721775,0.02289211806842628
2023-08-10,22.87700843811035,3.1301324078804704,0.005016672408292955
2023-08-11,21.751283645629883,3.079672773983068,-0.0504596338974026
2023-08-14,21.78944396972656,3.0814256309497425,0.0017528569666747096
2023-08-15,21.961166381835938,3.0892757291577904,0.007850098208047829
2023-08-16,21.67496490478516,3.076157903508901,-0.013117825648889525
2023-08-17,21.197961807250977,3.0539050358887017,-0.02225286762019918
2023-08-18,21.245662689208984,3.056152765794295,0.0022477299055934097
2023-08-21,21.093021392822266,3.0489422460989215,-0.007210519695373563
2023-08-22,21.779903411865234,3.0809876827780496,0.03204543667912807
2023-08-23,22.228286743164062,3.1013656554228293,0.020377972644779696
2023-08-24,22.066104888916016,3.0940427157445645,-0.007322939678264806
2023-08-25,21.608184814453125,3.07307216951062,-0.020970546233944454
2023-08-28,21.703582763671875,3.0774773512348723,0.004405181724252305
2023-08-29,21.818065643310547,3.0827383258478447,0.005260974612972369
2023-08-30,21.58910369873047,3.0721887290160694,-0.010549596831775254
2023-08-31,21.321983337402344,3.0597386220535547,-0.012450106962514695
2023-09-01,21.62726402282715,3.073954742035045,0.014216119981490305
2023-09-04,21.56048393249512,3.0708621916374597,-0.0030925503975853808
2023-09-05,21.064403533935547,3.047584579527385,-0.02327761211007484
2023-09-06,20.86406135559082,3.0380281264795093,-0.009556453047875557
2023-09-08,21.064403533935547,3.047584579527385,0.009556453047875557
2023-09-11,21.121641159057617,3.0502981622138488,0.0027135826864639334
2023-09-12,21.713123321533203,3.0779168391129335,0.027618676899084704
2023-09-13,22.24736595153809,3.102223617403751,0.024306778290817732
2023-09-14,22.838850021362305,3.128463034192845,0.026239416789093806
2023-09-15,22.74344825744629,3.1242771152365756,-0.004185918956269408
2023-09-18,22.64804649353028,3.1200736006832543,-0.0042035145533212415
2023-09-19,22.6575870513916,3.1204947649957626,0.0004211643125082709
2023-09-20,22.781606674194336,3.12595348556678,0.0054587205710174835
2023-09-21,22.40000534057617,3.1090611972795448,-0.016892288287235324
2023-09-22,22.3523063659668,3.1069295088436695,-0.0021316884358753008
2023-09-25,22.31414604187012,3.1052208290034793,-0.001708679840190186
2023-09-26,21.79898452758789,3.081863387406793,-0.02335744159668618
2023-09-27,21.274282455444336,3.0574989467670153,-0.02436444063977783
2023-09-28,21.73220443725586,3.07879523584436,0.02129628907734471
2023-09-29,21.770362854003903,3.0805495427237175,0.0017543068793575145
2023-10-02,21.4078426361084,3.0637573332138497,-0.016792209509867817
2023-10-03,20.67326164245605,3.028841157203407,-0.03491617601044261
2023-10-04,20.72096061706543,3.0311457781440883,0.002304620940681179
2023-10-05,20.587400436401367,3.024679259373127,-0.0064665187709613825
2023-10-06,20.78774070739746,3.0343634238818287,0.009684164508701798
2023-10-09,21.05486297607422,3.0471315536883794,0.012768129806550732
2023-10-10,21.87530517578125,3.0853583830392224,0.038226829350842984
2023-10-11,22.00886344909668,3.0914452562721775,0.006086873232955092
2023-10-13,21.4650821685791,3.066427529695244,-0.025017726576933352
2023-10-16,21.52232360839844,3.0690907038327286,0.002663174137484514
2023-10-17,20.9022216796875,3.039855453784788,-0.029235250047940475
2023-10-18,20.32027816772461,3.0116193119731087,-0.028236141811679438
2023-10-19,20.67326164245605,3.028841157203407,0.01722184523029835
2023-10-20,20.57785987854004,3.024215734645764,-0.0046254225576429775
2023-10-23,21.39830207824707,3.0633115767420644,0.03909584209630035
2023-10-24,21.207502365112305,3.054355004222194,-0.008956572519870587
2023-10-25,21.03578186035156,3.0462248858478675,-0.008130118374326312
2023-10-26,21.72266387939453,3.078356133926246,0.032131248078378416
2023-10-27,21.083480834960938,3.0484898350396765,-0.029866298886569442
2023-10-30,21.00716209411621,3.044863431679147,-0.003626403360529551
2023-10-31,21.283823013305664,3.0579473012187024,0.013083869539555426
2023-11-01,21.94208526611328,3.08840649436502,0.03045919314631762
2023-11-03,22.066104888916016,3.0940427157445645,0.005636221379544448
2023-11-06,22.066104888916016,3.0940427157445645,0.0
2023-11-07,21.846683502197266,3.0840491252246576,-0.009993590519906892
2023-11-08,21.608184814453125,3.07307216951062,-0.010976955714037562
2023-11-09,21.79898452758789,3.081863387406793,0.008791217896173098
2023-11-10,22.027944564819336,3.0923118548190467,0.010448467412253581
2023-11-13,21.751283645629883,3.079672773983068,-0.012639080835978866
2023-11-14,22.33322525024414,3.1060754911698387,0.026402717186770897
2023-11-16,22.52402877807617,3.114582685054323,0.008507193884484288
2023-11-17,22.18058586120605,3.0992173955141387,-0.015365289540184346
2023-11-20,22.47632598876953,3.112462577005313,0.013245181491174485
2023-11-21,21.846683502197266,3.0840491252246576,-0.028413451780655574
2023-11-22,21.62726402282715,3.073954742035045,-0.010094383189612532
2023-11-23,21.8562240600586,3.084485734985658,0.010530992950612994
2023-11-24,21.52232360839844,3.0690907038327286,-0.015395031152929395
2023-11-27,21.53186416625977,3.069533892219764,0.000443188387035498
2023-11-28,21.63680458068848,3.0743957804451587,0.004861888225394573
2023-11-29,21.846683502197266,3.0840491252246576,0.009653344779498862
2023-11-30,21.846683502197266,3.0840491252246576,0.0
2023-12-01,21.72266387939453,3.078356133926246,-0.005692991298411609
2023-12-04,21.54140281677246,3.0699767957344837,-0.008379338191762287
2023-12-05,21.426921844482425,3.0646481614869647,-0.0053286342475189485
2023-12-06,21.51278305053711,3.0686473189426553,0.003999157455690572
2023-12-07,21.360143661499023,3.0615267397949864,-0.007120579147668948
2023-12-08,21.15026092529297,3.0516522423094727,-0.009874497485513611
2023-12-11,21.131181716918945,3.0507497560896697,-0.0009024862198030448
2023-12-12,21.302902221679688,3.058843317972525,0.008093561882855482
2023-12-13,21.312442779541016,3.0592910702092113,0.0004477522366861386
2023-12-14,21.894386291503903,3.0862302702420683,0.02693920003285699
2023-12-15,21.770362854003903,3.0805495427237175,-0.005680727518350803
2023-12-18,21.18842124938965,3.053454864992558,-0.02709467773115959
2023-12-19,21.36968421936035,3.0619732924020537,0.008518427409495821
2023-12-20,21.56048393249512,3.0708621916374597,0.008888899235405923
2023-12-21,21.770362854003903,3.0805495427237175,0.009687351086257845
2023-12-22,21.846683502197266,3.0840491252246576,0.0034995825009400683
2023-12-26,21.8562240600586,3.084485734985658,0.00043660976100046156
2023-12-27,21.94208526611328,3.08840649436502,0.003920759379361982
2023-12-28,21.894386291503903,3.0862302702420683,-0.0021762241229517088
2024-01-02,21.226581573486328,3.0552542440732204,-0.03097602616884787
2024-01-03,21.35060310363769,3.061079987689598,0.0058257436163775544
2024-01-04,21.36968421936035,3.0619732924020537,0.0008933047124557447
2024-01-05,21.608184814453125,3.07307216951062,0.011098877108566274
2024-01-08,22.55264663696289,3.1158524265544734,0.042780257043853354
2024-01-09,22.419086456298828,3.1099126699939834,-0.0059397565604899505
2024-01-10,22.714826583862305,3.123017864749572,0.013105194755588467
2024-01-11,22.047025680541992,3.0931777030230734,-0.029840161726498504
2024-01-12,22.39046669006348,3.1086352740764864,0.015457571053413055
2024-01-15,22.218748092651367,3.100936441159409,-0.007698832917077514
2024-01-16,21.72266387939453,3.078356133926246,-0.022580307233162955
2024-01-17,21.00716209411621,3.044863431679147,-0.03349270224709899
2024-01-18,20.768659591674805,3.033445100017091,-0.01141833166205597
2024-01-19,21.36968421936035,3.0619732924020537,0.028528192384962736
2024-01-22,21.255203247070312,3.0566017240830923,-0.005371568318961462
2024-01-23,21.88484573364257,3.085794421664054,0.029192697580961546
2024-01-24,21.47462272644043,3.0668718996806295,-0.018922521983424367
2024-01-25,21.417383193969727,3.0642028910753316,-0.00266900860529784
2024-01-26,21.5986442565918,3.0726305468217303,0.008427655746398699
2024-01-29,21.80852508544922,3.082300952316975,0.009670405495244783
2024-01-30,21.58910369873047,3.0721887290160694,-0.010112223300905665
2024-01-31,21.999326705932617,3.0910118486142055,0.018823119598136095
2024-02-01,21.961166381835938,3.0892757291577904,-0.0017361194564151639
2024-02-02,21.78944396972656,3.0814256309497425,-0.007850098208047829
2024-02-05,21.62726402282715,3.073954742035045,-0.007470888914697493
2024-02-06,21.48416328430176,3.067316072289036,-0.006638669746009018
2024-02-07,22.38092613220215,3.108209084163494,0.04089301187445793
2024-02-08,22.46678733825684,3.1120381003747557,0.0038290162112617487
2024-02-09,22.981948852539062,3.1347090752885856,0.022670974913829856
2024-02-14,22.73390769958496,3.12385754123978,-0.010851534048805345
2024-02-15,22.791147232055664,3.126372181264667,0.002514640024886994
2024-02-16,22.3523063659668,3.1069295088436695,-0.01944267242099773
2024-02-19,22.171045303344727,3.0987871719684437,-0.008142336875225809
2024-02-20,22.27598762512207,3.103509310202132,0.004722138233688167
2024-02-21,21.93254470825196,3.087971593465923,-0.01553771673620874
2024-02-22,21.83714485168457,3.0836124120965396,-0.0043591813693835135
2024-02-23,21.76082420349121,3.0801112982691032,-0.003501113827436342
2024-02-26,21.684505462646484,3.0765979715233134,-0.0035133267457898576
2024-02-27,21.98978614807129,3.0905780795567304,0.013980108033416982
2024-02-28,21.82760429382324,3.083175420784332,-0.007402658772398318
2024-02-29,21.67496490478516,3.076157903508901,-0.0070175172754312065
2024-03-01,21.236122131347656,3.0557036058514147,-0.020454297657486187
2024-03-04,21.083480834960938,3.0484898350396765,-0.007213770811738129
2024-03-05,21.04532241821289,3.0466783225239418,-0.0018115125157347478
2024-03-06,21.321983337402344,3.0597386220535547,0.013060299529612962
2024-03-07,21.1025619506836,3.049394452574952,-0.010344169478602616
2024-03-08,21.18842124938965,3.053454864992558,0.0040604124176057965
2024-03-11,21.17888259887696,3.053004581410293,-0.00045028358226506526
2024-03-12,21.283823013305664,3.0579473012187024,0.004942719808409546
2024-03-13,21.15026092529297,3.0516522423094727,-0.006295058909229656
2024-03-14,21.17888259887696,3.053004581410293,0.0013523391008201102
2024-03-15,21.04532241821289,3.0466783225239418,-0.006326258886351077
2024-03-18,21.03578186035156,3.0462248858478675,-0.0004534366760742259
2024-03-19,21.00716209411621,3.044863431679147,-0.0013614541687205772
2024-03-20,21.083480834960938,3.0484898350396765,0.003626403360529551
2024-03-21,21.17888259887696,3.053004581410293,0.004514746370616329
2024-03-22,20.86406135559082,3.0380281264795093,-0.01497645493078359
2024-03-25,20.83543968200684,3.036655367699835,-0.0013727587796741325
2024-03-26,21.05486297607422,3.0471315536883794,0.010476185988544273
2024-03-27,21.43646240234375,3.065093322697938,0.017961769009558815
2024-03-28,21.236122131347656,3.0557036058514147,-0.009389716846523566
2024-04-01,21.03578186035156,3.0462248858478675,-0.009478720003547103
2024-04-02,21.48416328430176,3.067316072289036,0.021091186441168475
2024-04-03,21.274282455444336,3.0574989467670153,-0.009817125522020742
2024-04-04,21.388761520385746,3.062865621482833,0.005366674715817865
2024-04-05,21.417383193969727,3.0642028910753316,0.001337269592498469
2024-04-08,21.751283645629883,3.079672773983068,0.01546988290773621
2024-04-09,22.19966697692871,3.10007728772647,0.02040451374340213
2024-04-10,21.655885696411133,3.075277274149342,-0.0248000135771278
2024-04-11,21.67496490478516,3.076157903508901,0.0008806293595586823
2024-04-12,21.274282455444336,3.0574989467670153,-0.018658956741885557
2024-04-15,20.67326164245605,3.028841157203407,-0.028657789563608205
2024-04-16,20.39659881591797,3.015368162240158,-0.013472994963249274
2024-04-17,20.148557662963867,3.003132705828928,-0.012235456411229695
2024-04-18,20.12948036193848,3.002185425207158,-0.0009472806217702967
2024-04-19,20.272579193115234,3.0092691942595895,0.007083769052431688
2024-04-22,20.11993980407715,3.0017113533819906,-0.00755784087759892
2024-04-23,20.11993980407715,3.0017113533819906,0.0
2024-04-24,19.700176239013672,2.9806275818467522,-0.021083771535238327
2024-04-25,19.652477264404297,2.97820339980452,-0.002424182042232381
2024-04-26,19.881437301635746,2.989786497490028,0.011583097685508026
2024-04-29,19.87189674377441,2.989306509671466,-0.0004799878185619555
2024-04-30,19.23271369934082,2.956612667654922,-0.03269384201654413
2024-05-02,19.67587852478028,2.979393445137876,0.02278077748295404
2024-05-03,20.126325607299805,3.002028689821085,0.022635244683208988
2024-05-06,19.93464469909668,2.9924591577046695,-0.009569532116415314
2024-05-07,19.87714195251465,2.989570425929203,-0.0028887317754664465
2024-05-08,19.81005477905273,2.9861896259288843,-0.0033808000003188177
2024-05-09,19.608789443969727,2.9759779067357117,-0.010211719193172542
2024-05-10,20.10715675354004,3.001075809081692,0.025097902345980305
2024-05-13,19.97298240661621,2.9943804806242986,-0.006695328457393401
2024-05-14,19.78130149841309,2.9847371227363513,-0.009643357887947346
2024-05-15,19.63754272460937,2.9774431792437586,-0.007293943492592714
2024-05-16,20.164661407470703,3.0039316370844684,0.026488457840709856
2024-05-17,19.87714195251465,2.989570425929203,-0.014361211155265341
2024-05-20,19.465030670166016,2.968619556718307,-0.020950869210896172
2024-05-21,19.819639205932617,2.98667332520097,0.018053768482662935
2024-05-22,19.63754272460937,2.9774431792437586,-0.009230145957211278
2024-05-23,19.63754272460937,2.9774431792437586,0.0
2024-05-24,19.4746150970459,2.9691118276100723,-0.008331351633686257
2024-05-27,19.465030670166016,2.968619556718307,-0.0004922708917654006
2024-05-28,19.30210304260254,2.960214055912439,-0.008405500805868105
2024-05-29,18.92832946777344,2.940659713454652,-0.019554342457786866
2024-05-31,18.88999366760254,2.9386323462885096,-0.0020273671661423798
2024-06-03,19.005001068115234,2.944702158643012,0.006069812354502435
2024-06-04,19.033754348754883,2.9462139476487694,0.0015117890057574357
2024-06-05,18.976247787475582,2.9431880806703843,-0.003025866978385139
2024-06-06,19.64712715148925,2.977931126684848,0.03474304601446354
2024-06-07,18.976247787475582,2.9431880806703843,-0.03474304601446354
2024-06-10,18.784570693969727,2.9330358251033366,-0.010152255567047686
2024-06-11,19.16792869567871,2.9532385019594414,0.020202676856104773
2024-06-12,18.784570693969727,2.9330358251033366,-0.020202676856104773
2024-06-13,18.58330535888672,2.922263616319598,-0.010772208783738524
2024-06-14,18.947498321533203,2.9416719081189107,0.019408291799312583
2024-06-17,18.468299865722656,2.9160557415566015,-0.02561616656230914
2024-06-18,18.688730239868164,2.927920681217807,0.011864939661205387
2024-06-19,18.72706794738769,2.9299699610831946,0.002049279865387721
2024-06-20,18.784570693969727,2.9330358251033366,0.003065864020141973
2024-06-21,19.21584701538086,2.9557353039914513,0.022699478888114744
2024-06-24,19.417112350463867,2.9661547571862275,0.010419453194776107
2024-06-25,19.493783950805664,2.97009564299763,0.003940885811402506
2024-06-26,19.74296760559082,2.982797357335945,0.012701714338315018
2024-06-27,20.212581634521484,3.006305263708748,0.023507906372802978
2024-06-28,19.857973098754883,2.9886055939299974,-0.017699669778750593
2024-07-01,19.74296760559082,2.982797357335945,-0.005808236594052385
2024-07-02,19.8292236328125,2.987156790621179,0.004359433285233916
2024-07-03,20.27008438110352,3.0091461233118557,0.02198933269067682
2024-07-04,20.461763381958008,3.018557943611078,0.009411820299222384
2024-07-05,20.60552406311035,3.025559198250912,0.00700125463983392
2024-07-08,20.50968360900879,3.020897145783383,-0.004662052467529154
2024-07-09,20.86429023742676,3.0380390965670974,0.0171419507837145
2024-07-10,21.4201602935791,3.064332548351971,0.026293451784873856
2024-07-11,22.148542404174805,3.09777168864526,0.03343914029328898
2024-07-12,21.83227157592773,3.083389222680434,-0.014382465964826174
2024-07-15,22.19646072387696,3.099932849316033,0.01654362663559894
2024-07-16,21.86102294921875,3.0847052771347054,-0.015227572181327531
2024-07-17,21.793933868408203,3.0816316681556795,-0.003073608979025977
2024-07-18,21.70767974853516,3.077666103399097,-0.003965564756582385
2024-07-19,21.62142372131348,3.0736846620925635,-0.003981441306533551
2024-07-22,21.72684669494629,3.078548670758509,0.004864008665945274
2024-07-23,21.439329147338867,3.065227045943424,-0.01332162481508492
2024-07-24,21.180561065673828,3.053083830175269,-0.012143215768154914
2024-07-25,21.32431983947754,3.0598481978856187,0.006764367710349717
2024-07-26,21.64059066772461,3.074570748787133,0.01472255090151453
2024-07-29,21.50641632080078,3.068351324136808,-0.0062194246503253225
2024-07-30,21.266817092895508,3.0571479749912633,-0.01120334914554455
2024-07-31,21.22848129272461,3.055343737250773,-0.001804237740490322
2024-08-01,21.9472770690918,3.0886430803041405,0.03329934305336746
2024-08-02,22.436059951782227,3.110669483766884,0.022026403462743538
2024-08-05,21.74601554870605,3.079430547589836,-0.031238936177047982
2024-08-06,22.27313232421875,3.103381123566325,0.023950575976488864
2024-08-07,22.21562957763672,3.1007960761905147,-0.0025850473758102233
2024-08-08,22.829002380371094,3.128031761837087,0.027235685646572527
2024-08-09,22.598987579345703,3.117905107900724,-0.010126653936363361
2024-08-12,22.00478172302246,3.0912597807874747,-0.026645327113249184
2024-08-13,22.11020469665528,3.096039252929406,0.004779472141931418
2024-08-14,22.40730857849121,3.1093871814701126,0.013347928540706544
2024-08-15,22.857755661010746,3.1292904759883475,0.019903294518234915
2024-08-16,22.234798431396484,3.101658558547001,-0.02763191744134641
2024-08-19,22.61815643310547,3.118752965735478,0.01709440718847688
2024-08-20,22.666074752807617,3.120869302320302,0.002116336584824019
2024-08-21,22.522315979003903,3.1145066389696816,-0.006362663350620412
2024-08-22,22.40730857849121,3.1093871814701126,-0.005119457499568991
2024-08-23,22.62774085998535,3.119176625231549,0.009789443761436534
2024-08-26,21.96644592285156,3.0895161037542707,-0.02966052147727849
2024-08-27,21.89935874938965,3.086457355543975,-0.0030587482102957253
2024-08-28,21.6118392944336,3.073241280012733,-0.013216075531242044
2024-08-29,21.1230583190918,3.0503652551297518,-0.022876024882981127
2024-08-30,20.940961837768555,3.041707137423249,-0.008658117706502821
2024-09-02,20.586355209350582,3.0246284878544922,-0.01707864956875671
2024-09-03,20.538434982299805,3.022298007941238,-0.002330479913254191
2024-09-04,20.768451690673828,3.033435089643497,0.01113708170225891
2024-09-05,20.883459091186523,3.0389574145801705,0.005522324936673595
2024-09-06,20.70136260986328,3.030199524668294,-0.00875788991187676
2024-09-09,20.413843154907227,3.0162132567396434,-0.013986267928650431
2024-09-10,20.70136260986328,3.030199524668294,0.013986267928650431
2024-09-11,20.70136260986328,3.030199524668294,0.0
2024-09-12,20.222166061401367,3.0067793325532706,-0.02342019211502322
2024-09-13,20.2796688079834,3.0096188476223427,0.002839515069072096
2024-09-16,20.231748580932617,3.00725308248799,-0.0023657651343524932
2024-09-17,20.078405380249023,2.9996448783359106,-0.007608204152079523
2024-09-18,19.79088592529297,2.985221524923406,-0.014423353412504447
2024-09-19,19.62795829772949,2.976954993593725,-0.008266531329681026
2024-09-20,19.09125709533692,2.949230486556318,-0.027724507037407253
2024-09-23,18.976247787475582,2.9431880806703843,-0.006042405885933633
2024-09-24,19.19668197631836,2.954737450366303,0.011549369695918799
2024-09-25,19.005001068115234,2.944702158643012,-0.010035291723291095
2024-09-26,19.34044075012207,2.9621982793271076,0.017496120684095562
2024-09-27,19.235015869140625,2.9567323612177274,-0.00546591810938013
2024-09-30,19.16792869567871,2.9532385019594414,-0.0034938592582860473
2024-10-01,19.033754348754883,2.9462139476487694,-0.007024554310671949
2024-10-02,19.21584701538086,2.9557353039914513,0.00952135634268192
2024-10-03,18.947498321533203,2.9416719081189107,-0.014063395872540685
2024-10-04,19.12001037597656,2.9507354502997063,0.009063542180795636
2024-10-07,19.1008415222168,2.949732392836832,-0.0010030574628743238
2024-10-08,18.832489013671875,2.9355835173468736,-0.014148875489958357
2024-10-09,18.439546585083008,2.9144976291647,-0.02108588818217383
2024-10-10,18.468299865722656,2.9160557415566015,0.0015581123919017337
2024-10-11,18.334123611450195,2.9087640017144225,-0.0072917398421790125
2024-10-14,18.30537223815918,2.907194581692355,-0.0015694200220677246
2024-10-15,18.30537223815918,2.907194581692355,0.0
2024-10-16,18.44913101196289,2.9150172697547068,0.007822688062351979
2024-10-17,18.640811920166016,2.925353366257646,0.010336096502939096
2024-10-18,18.39162826538086,2.9118955755004685,-0.013457790757177346
2024-10-21,18.353290557861328,2.9098088803786153,-0.0020866951218532215
2024-10-22,18.11369132995605,2.896668079394409,-0.013140800984206447
2024-10-23,18.209531784057617,2.901945181385762,0.005277101991353117
2024-10-24,18.30537223815918,2.907194581692355,0.005249400306592822
2024-10-25,18.420379638671875,2.91345764074897,0.006263059056615283
2024-10-28,18.976247787475582,2.9431880806703843,0.02973043992141422
2024-10-29,19.07208824157715,2.9482259176327825,0.005037836962398234
2024-10-30,18.95708274841309,2.9421776215083537,-0.006048296124428809
2024-10-31,19.07208824157715,2.9482259176327825,0.006048296124428809
2024-11-01,18.640811920166016,2.925353366257646,-0.022872551375136663
2024-11-04,19.608789443969727,2.9759779067357117,0.05062454047806586
2024-11-05,19.61837387084961,2.9764665695020547,0.0004886627663429621
2024-11-06,19.83880615234375,2.987639926273216,0.01117335677116138
2024-11-07,19.26376914978028,2.958226085550677,-0.029413840722539053
2024-11-08,18.640811920166016,2.925353366257646,-0.03287271929303115
2024-11-11,18.89957618713379,2.9391394978530005,0.01378613159535469
2024-11-12,19.12959289550781,2.9512365022799694,0.012097004426968816
2024-11-13,19.244600296020508,2.957230517282328,0.0059940150023587435
2024-11-14,19.27335357666016,2.958723498247807,0.0014929809654788961
2024-11-18,19.330856323242188,2.961702592458475,0.0029790942106679985
2024-11-19,19.56087112426757,2.9735311996204725,0.011828607161997517
2024-11-21,19.08167266845703,2.948728328239385,-0.0248028713810875
2024-11-22,19.321271896362305,2.9612066597625124,0.012478331523127384
2024-11-25,19.493783950805664,2.97009564299763,0.008888983235117554
2024-11-26,19.915477752685547,2.991497205935897,0.021401562938267116
2024-11-27,19.3979434967041,2.9651670551257903,-0.02633015081010681
2024-11-28,18.612058639526367,2.923809684607482,-0.04135737051830812
2024-11-29,18.640811920166016,2.925353366257646,0.0015436816501637196
2024-12-02,18.07535743713379,2.8945495430710877,-0.030803823186558166
2024-12-03,17.979516983032227,2.889233164557612,-0.005316378513475772
2024-12-04,18.47788429260254,2.9165745733284463,0.027341408770834352
2024-12-05,18.89957618713379,2.9391394978530005,0.022564924524554275
2024-12-06,18.401212692260746,2.9124165696312407,-0.026722928221759812
2024-12-09,18.334123611450195,2.9087640017144225,-0.003652567916818228
2024-12-10,18.76540184020996,2.932014846704088,0.023250844989665342
2024-12-11,19.033754348754883,2.9462139476487694,0.014199100944681575
2024-12-12,18.56414031982422,2.9212317800566874,-0.02498216759208205
2024-12-13,18.2191162109375,2.902471384120618,-0.018760395936069596
2024-12-16,17.73033332824707,2.8752769201489357,-0.027194463971682126
2024-12-17,18.123275756835938,2.897197065558203,0.021920145409267455
2024-12-18,17.394895553588867,2.856176804193172,-0.04102026136503101
2024-12-19,17.73033332824707,2.8752769201489357,0.019100115955763552
2024-12-20,17.874094009399414,2.88335240250671,0.008075482357774444
2024-12-23,17.433231353759766,2.858378232696926,-0.024974169809784286
2024-12-26,17.212799072265625,2.84565323919885,-0.012724993498075765
2024-12-27,17.107376098632812,2.8395097213008436,-0.00614351789800649
2024-12-30,17.09779167175293,2.838949313166315,-0.0005604081345285117
2025-01-02,17.04987335205078,2.8361427756697255,-0.002806537496589545
2025-01-03,16.85819435119629,2.8248368502308834,-0.011305925438842124
2025-01-06,17.222383499145508,2.8462099040056943,0.021373053774810913
2025-01-07,17.538654327392578,2.8644072637838196,0.01819735977812531
2025-01-08,17.251136779785156,2.8478780415834413,-0.016529222200378335
2025-01-09,17.107376098632812,2.8395097213008436,-0.008368320282597708
2025-01-10,16.494001388549805,2.8029967625963064,-0.03651295870453719
2025-01-13,16.398162841796875,2.7971693067135837,-0.00582745588272271
2025-01-14,16.54192352294922,2.80589797805441,0.008728671340826555
2025-01-15,16.628177642822266,2.8110987046880433,0.005200726633633135
2025-01-16,16.206483840942383,2.7854113992600458,-0.025687305427997575
2025-01-17,16.359827041625977,2.7948287590909646,0.009417359830918848
2025-01-20,16.263986587524414,2.7889532516530795,-0.005875507437885119
2025-01-21,16.168148040771484,2.7830431364653556,-0.0059101151877238856
2025-01-22,16.28315544128418,2.7901311649678133,0.0070880285024577105
2025-01-23,16.081892013549805,2.777693919363319,-0.01243724560449433
2025-01-24,16.005220413208008,2.7729149448488997,-0.004778974514419332
2025-01-27,16.65692901611328,2.8128262869810143,0.03991134213211467
2025-01-28,16.848609924316406,2.8242681563220895,0.011441869341075162
2025-01-29,17.164880752563477,2.8428654797584327,0.018597323436343238
2025-01-30,17.557823181152344,2.8654996158958617,0.02263413613742893
2025-01-31,17.63449478149414,2.8698569146524098,0.004357298756548111
2025-02-03,17.874094009399414,2.88335240250671,0.013495487854300325
2025-02-04,17.95076560974121,2.887632766377973,0.00428036387126296
2025-02-05,17.701581954956055,2.8736540115722056,-0.01397875480576749
2025-02-06,18.084941864013672,2.8950796508019176,0.02142563922971208
2025-02-07,17.682415008544922,2.872570643387115,-0.02250900741480244
2025-02-10,17.663246154785156,2.87148599225834,-0.0010846511287754268
2025-02-11,17.98910140991211,2.8897660972937,0.01828010503536026
2025-02-12,17.797422409057617,2.87905363833237,-0.010712458961330107
2025-02-13,18.008270263671875,2.8908311114700376,0.011777473137667638
2025-02-14,18.909160614013672,2.939646493214184,0.04881538174414635
2025-02-17,18.56414031982422,2.9212317800566874,-0.018414713157496543
2025-02-18,18.228700637817383,2.9029973101117723,-0.018234469944915066
2025-02-19,17.874094009399414,2.88335240250671,-0.019644907605062212
2025-02-20,17.72075080871582,2.874736314974346,-0.00861608753236398
2025-02-21,17.31822395324707,2.8517593547613194,-0.022976960213026754
2025-02-24,17.251136779785156,2.8478780415834413,-0.0038813131778780985
2025-02-25,17.23196792602539,2.8467662591092244,-0.001111782474216838
2025-02-26,16.676097869873047,2.813976428907124,-0.03278983020210058
2025-02-27,16.724018096923828,2.816845895586763,0.0028694666796389434
2025-02-28,16.22565269470215,2.78659348949766,-0.030252406089102735
2025-03-05,16.74318504333496,2.8179913123953537,0.03139782289769366
2025-03-06,17.212799072265625,2.84565323919885,0.02766192680349633
2025-03-07,17.126544952392578,2.8406295962771595,-0.005023642921690552
2025-03-10,16.618595123291016,2.810522256569965,-0.03010733970719448
2025-03-11,16.666513442993164,2.8134015232973666,0.002879266727401575
2025-03-12,16.78152084350586,2.8202783312291513,0.00687680793178469
2025-03-13,17.05945587158203,2.836704646571409,0.01642631534225769
2025-03-14,17.251136779785156,2.8478780415834413,0.011173395012032294
2025-03-17,17.40447998046875,2.8567276432226167,0.008849601639175475
2025-03-18,17.299055099487305,2.8506518814853417,-0.006075761737275087
2025-03-19,17.44281578063965,2.8589278607602338,0.008275979274892098
2025-03-20,17.433231353759766,2.858378232696926,-0.0005496280633079387
2025-03-21,17.0402889251709,2.835580476959941,-0.022797755736984726
2025-03-24,16.36941146850586,2.795414438904498,-0.04016603805544294
2025-03-25,16.34065818786621,2.793656369395774,-0.0017580695087242582
2025-03-26,16.36941146850586,2.795414438904498,0.0017580695087242582
2025-03-27,16.59942626953125,2.8093681326887845,0.013953693784286347
2025-03-28,16.273571014404297,2.7895423817454086,-0.019825750943375908
2025-03-31,15.54518985748291,2.7437512568477076,-0.045791124897700985
2025-04-01,15.612278938293455,2.7480577160748125,0.004306459227104931
2025-04-02,16.168148040771484,2.7830431364653556,0.03498542039054309
2025-04-03,16.91569709777832,2.828242013194208,0.045198876728852255
2025-04-04,16.359827041625977,2.7948287590909646,-0.03341325410324325
2025-04-07,16.33107566833496,2.7930697755009906,-0.0017589835899740613
2025-04-08,16.13939666748047,2.7812632809461113,-0.011806494554879254
2025-04-09,16.45566749572754,2.8006699464906815,0.019406665544570156
2025-04-10,16.465251922607422,2.8012522162036797,0.0005822697129982402
2025-04-11,17.030704498291016,2.835017861892421,0.03376564568874141
2025-04-14,17.701581954956055,2.8736540115722056,0.03863614967978446
2025-04-15,17.73033332824707,2.8752769201489357,0.0016229085767300866
2025-04-16,17.739917755126953,2.87581734074481,0.0005404205958745578
2025-04-17,18.09452438354492,2.8956093722571623,0.019792031512352093
2025-04-22,18.24786949157715,2.9040483330262807,0.008438960769118431
2025-04-23,18.58330535888672,2.922263616319598,0.01821528329331734
2025-04-24,19.1008415222168,2.949732392836832,0.027468776517233895
2025-04-25,18.861242294311523,2.937109144299628,-0.012623248537203757
2025-04-28,18.75581741333008,2.931503966339376,-0.005605177960252394
2025-04-29,18.650394439697266,2.925867295447798,-0.005636670891577822
2025-04-30,18.5928897857666,2.922779238053072,-0.0030880573947258405
2025-05-02,18.468299865722656,2.9160557415566015,-0.006723496496470638
2025-05-05,18.11369132995605,2.896668079394409,-0.019387662162192676
2025-05-06,18.2574520111084,2.9045733260605506,0.007905246666141785
2025-05-07,17.969932556152344,2.888699947652773,-0.015873378407777583
2025-05-08,18.410795211791992,2.9129371888689994,0.02423724121622639
2025-05-09,17.107376098632812,2.8395097213008436,-0.07342746756815588
2025-05-12,16.589841842651367,2.8087905708628402,-0.03071915043800333
2025-05-13,17.385311126708984,2.855625661572854,0.046835090710013905
2025-05-14,16.91569709777832,2.828242013194208,-0.027383648378646264
2025-05-15,17.14571189880371,2.841748107292796,0.01350609409858805
2025-05-16,17.46198272705078,2.8600261022145372,0.018277994921741314
2025-05-19,17.4140625,2.857278069466252,-0.0027480327482853895
2025-05-20,17.835758209228516,2.88120533033944,0.023927260873187972
2025-05-21,17.23196792602539,2.8467662591092244,-0.03443907123021539
2025-05-22,17.394895553588867,2.856176804193172,0.009410545083947675
2025-05-23,17.308639526367188,2.851205771435455,-0.004971032757717264
2025-05-26,17.787837982177734,2.8785149643417194,0.027309192906264546
2025-05-27,18.30537223815918,2.907194581692355,0.0286796173506354
2025-05-28,18.1807804107666,2.900365014712852,-0.006829566979502655
2025-05-29,18.382043838500977,2.9113743097933162,0.01100929508046411
2025-05-30,18.03701972961425,2.892426297528693,-0.01894801226462306
2025-06-02,18.382043838500977,2.9113743097933162,0.01894801226462306
2025-06-03,18.774986267089844,2.932525466203318,0.02115115641000198
2025-06-04,18.832489013671875,2.9355835173468736,0.003058051143555396
2025-06-05,18.458715438842773,2.9155366404586087,-0.020046876888264897
2025-06-06,18.28620338439941,2.9061468620909365,-0.009389778367672186
2025-06-09,18.065773010253903,2.894019154176998,-0.012127707913938579
2025-06-10,18.353290557861328,2.9098088803786153,0.015789726201617338
2025-06-11,18.429962158203125,2.913977718407954,0.004168838029338762
2025-06-12,18.24786949157715,2.9040483330262807,-0.009929385381673317
2025-06-13,18.334123611450195,2.9087640017144225,0.004715668688141772
2025-06-16,18.6695613861084,2.926894464300077,0.018130462585654428
2025-06-17,18.5,2.917770732084279,-0.009123732215797986
2025-06-18,18.479999542236328,2.916689041442776,-0.0010816906415027638
2025-06-20,17.969999313354492,2.8887036625848097,-0.02798537885796648
2025-06-23,17.479999542236328,2.861057344039536,-0.02764631854527355
2025-06-24,17.84000015258789,2.881443135704996,0.02038579166545995
2025-06-25,17.75,2.8763855159214247,-0.005057619783571443
2025-06-26,17.8700008392334,2.8831233761345922,0.006737860213167579
2025-06-27,17.959999084472656,2.888147011898142,0.005023635763549805
2025-06-30,18.530000686645508,2.9193910773531506,0.031244065455008574
2025-07-01,18.68000030517578,2.9274534491377295,0.008062371784578914
2025-07-02,18.1200008392334,2.8970163469301413,-0.030437102207588218
2025-07-03,18.63999938964844,2.925309776513262,0.028293429583120755
2025-07-04,18.57999992370605,2.922085729279452,-0.00322404723381009
2025-07-07,18.299999237060547,2.906901018156694,-0.015184711122758099
2025-07-08,18.13999938964844,2.8981194110402666,-0.008781607116427281
2025-07-09,17.459999084472656,2.8599124979757535,-0.03820691306451307
2025-07-10,17.18000030517578,2.8437459343195424,-0.016166563656211164
2025-07-11,17.1200008392334,2.8402474197342373,-0.003498514585305035
2025-07-14,17.389999389648438,2.8558952932683437,0.01564787353410635
2025-07-15,17.450000762939453,2.8593396923698937,0.003444399101550033
2025-07-16,17.0,2.833213344056216,-0.02612634831367755
2025-07-17,16.719999313354492,2.8166055665892396,-0.016607777466976614
2025-07-18,16.579999923706055,2.8081971451055843,-0.008408421483655282
2025-07-21,16.610000610351562,2.810004960371233,0.0018078152656486601
2025-07-22,16.790000915527344,2.8207835256175806,0.010778565246347682
2025-07-23,17.09000015258789,2.8384935060559893,0.017709980438408657
2025-07-24,16.75,2.8183982582710754,-0.020095247784913894
2025-07-25,16.68000030517578,2.8142104152265106,-0.004187843044564765
2025-07-28,16.850000381469727,2.8243506794375235,0.010140264211012884
2025-07-29,16.850000381469727,2.8243506794375235,0.0
2025-07-30,16.610000610351562,2.810004960371233,-0.014345719066290563
2025-07-31,16.540000915527344,2.805781744947862,-0.004223215423370785
2025-08-01,16.329999923706055,2.7930039023103626,-0.012777842637499592
2025-08-04,16.440000534057617,2.79971742211329,0.006713519802927337
2025-08-05,16.540000915527344,2.805781744947862,0.0060643228345722555
2025-08-06,16.700000762939453,2.8154087651077058,0.009627020159843624
2025-08-07,16.950000762939453,2.8302678788376356,0.014859113729929874
2025-08-08,15.34000015258789,2.7304638058861697,-0.09980407295146598
2025-08-11,15.449999809265137,2.737608990998456,0.007145185112286345
2025-08-12,15.899999618530272,2.766319085234379,0.028710094235922856
2025-08-13,15.920000076293944,2.7675761852085703,0.0012570999741914335
2025-08-14,16.040000915527344,2.7750856595161313,0.007509474307560993
2025-08-15,15.960000038146973,2.770085594411824,-0.005000065104307172
2025-08-18,15.859999656677246,2.7638001945596176,-0.006285399852206552
2025-08-19,15.43000030517578,2.7363136861531494,-0.027486508406468158
2025-08-20,14.949999809265137,2.7047112870785104,-0.03160239907463902
2025-08-21,14.68000030517578,2.6864860439749103,-0.018225243103600075
2025-08-22,15.06999969482422,2.7127059923878547,0.026219948412944394
2025-08-25,14.609999656677246,2.681706202263446,-0.030999790124408566
2025-08-26,14.600000381469728,2.681021554842354,-0.0006846474210919773
2025-08-27,14.579999923706056,2.6796507213477314,-0.0013708334946227474
2025-08-28,14.619999885559082,2.6823904464939363,0.0027397251462049077
2025-08-29,14.550000190734863,2.6775910067264266,-0.004799439767509739
2025-09-01,14.31999969482422,2.6616571402213416,-0.015933866505084993
2025-09-02,14.109999656677246,2.6468837415328474,-0.014773398688494144
2025-09-03,14.210000038146973,2.6539459447935254,0.007062203260677968
2025-09-04,14.800000190734863,2.69462719365756,0.04068124886403446
2025-09-05,14.699999809265137,2.6878474808095296,-0.00677971284803025
2025-09-08,14.640000343322754,2.683757531984173,-0.004089948825356515
2025-09-09,14.529999732971191,2.6762154592044345,-0.007542072779738618
2025-09-10,14.609999656677246,2.681706202263446,0.005490743059011649
2025-09-11,15.0,2.70805020110221,0.026343998838763927
2025-09-12,14.8100004196167,2.6953026566130425,-0.012747544489167595
2025-09-15,14.859999656677246,2.6986730161857935,0.0033703595727510027
2025-09-16,14.880000114440918,2.7000180370958677,0.0013450209100742683
2025-09-17,15.279999732971191,2.7265447662626667,0.02652672916679899
2025-09-18,15.029999732971191,2.7100481859984953,-0.016496580264171445
2025-09-19,14.609999656677246,2.681706202263446,-0.028341983735049148
2025-09-22,14.90999984741211,2.7020321185427174,0.020325916279271272
2025-09-23,15.149999618530272,2.7180005067758577,0.015968388233140285
2025-09-24,15.279999732971191,2.7265447662626667,0.008544259486809036
2025-09-25,15.130000114440918,2.7166795353641056,-0.009865230898561173
2025-09-26,15.229999542236328,2.7232671368503616,0.006587601486256034
2025-09-29,15.649999618530272,2.7504708926110992,0.027203755760737636
2025-09-30,15.970000267028809,2.7707119789475727,0.02024108633647348
2025-10-01,15.739999771118164,2.756205228447844,-0.014506750499728494
2025-10-02,15.899999618530272,2.766319085234379,0.010113856786534647
2025-10-03,15.899999618530272,2.766319085234379,0.0
2025-10-06,15.75,2.7568403652716422,-0.009478719962736637
2025-10-07,15.699999809265137,2.753660700205545,-0.003179665066097126
2025-10-08,15.729999542236328,2.755569687968872,0.0019089877633269303
2025-10-09,15.489999771118164,2.740194639652674,-0.015375048316197848
2025-10-10,15.529999732971191,2.74277361996621,0.0025789803135358724
2025-10-13,15.470000267028809,2.738902681846048,-0.0038709381201620374
2025-10-14,15.369999885559082,2.7324175501047714,-0.0064851317412766285
2025-10-15,15.579999923706056,2.7459880355456865,0.013570485440915103
2025-10-16,15.050000190734863,2.7113780038682975,-0.034610031677388964
2025-10-17,15.470000267028809,2.738902681846048,0.02752467797775049
2025-10-20,15.479999542236328,2.739548838590284,0.0006461567442359595
2025-10-21,15.56999969482422,2.745345966245664,0.0057971276553798745
2025-10-22,15.369999885559082,2.7324175501047714,-0.012928416140892462
2025-10-23,15.550000190734863,2.7440606508911505,0.01164310078637909
2025-10-24,15.380000114440918,2.73306797151839,-0.010992679372760605
2025-10-27,15.5600004196167,2.744703545717899,0.011635574199509335
2025-10-28,15.800000190734863,2.7600099521047476,0.015306406386848437
2025-10-29,15.640000343322754,2.7498317570687476,-0.010178195036000037
2025-10-30,15.989999771118164,2.771963512531802,0.022131755463054237
2025-10-31,15.920000076293944,2.7675761852085703,-0.004387327323231549
2025-11-03,15.609999656677246,2.74791171253357,-0.019664472675000155
2025-11-04,15.649999618530272,2.7504708926110992,0.0025591800775290885
2025-11-05,15.779999732971191,2.7587432984957503,0.008272405884651057
2025-11-06,15.619999885559082,2.748552137084977,-0.010191161410773475
2025-11-07,15.640000343322754,2.7498317570687476,0.0012796199837707967
2025-11-10,15.8100004196167,2.760642677762601,0.010810920693853365
2025-11-11,16.31999969482422,2.7923913308364643,0.03174865307386332
2025-11-12,16.399999618530273,2.797281311569803,0.004889980733338906
2025-11-13,16.420000076293945,2.7985001086706855,0.0012187971008823517
2025-11-14,16.520000457763672,2.804571795802497,0.006071687131811387
2025-11-17,15.020000457763672,2.7093826768129303,-0.09518911898956661
2025-11-18,15.40999984741211,2.7350166394301496,0.025633962617219286
2025-11-19,15.6899995803833,2.753023540000728,0.0180069005705783
2025-11-21,15.329999923706056,2.729811687906949,-0.023211852093778962
2025-11-24,15.25,2.7245795030534206,-0.005232184853528388
2025-11-25,15.43000030517578,2.7363136861531494,0.011734183099728845
2025-11-26,16.84000015258789,2.823757017875219,0.08744333172206975
2025-11-27,17.030000686645508,2.8349765349943556,0.01121951711913649
2025-11-28,16.850000381469727,2.8243506794375235,-0.010625855556832153
2025-12-01,16.579999923706055,2.8081971451055843,-0.016153534331939223
2025-12-02,16.829999923706055,2.8231630036695035,0.014965858563919188
2025-12-03,16.670000076293945,2.813610701339424,-0.00955230233007942
2025-12-04,16.889999389648438,2.826721694682848,0.013110993343424138
2025-12-05,16.1200008392334,2.780060789140106,-0.04666090554274227
2025-12-08,15.800000190734863,2.7600099521047476,-0.02005083703535826
2025-12-09,15.56999969482422,2.745345966245664,-0.014663985859083795
2025-12-10,15.670000076293944,2.7517480612367198,0.006402094991055929
2025-12-11,15.739999771118164,2.756205228447844,0.004457167211124435
2025-12-12,15.789999961853027,2.7593768258516564,0.003171597403812232
2025-12-15,15.84000015258789,2.7625383960193535,0.0031615701676970254
2025-12-16,14.739999771118164,2.6905648712332506,-0.07197352478610286
2025-12-17,14.550000190734863,2.6775910067264266,-0.012973864506824029
2025-12-18,14.649999618530272,2.6844403094241867,0.0068493026977600735
2025-12-19,14.489999771118164,2.673458740536743,-0.010981568887443505
2025-12-22,14.420000076293944,2.6686161371476453,-0.00484260338909781
2025-12-23,14.630000114440918,2.6830742228543785,0.014458085706733126
2025-12-26,14.729999542236328,2.689886199397575,0.00681197654319643
2025-12-29,14.609999656677246,2.681706202263446,-0.008179997134128758
2025-12-30,14.760000228881836,2.691920834679226,0.01021463241577969
2026-01-02,14.75,2.691243082785829,-0.0006777518933969162
2026-01-05,14.84000015258789,2.697326248021437,0.006083165235608146
2026-01-06,14.84000015258789,2.697326248021437,0.0
2026-01-07,14.65999984741211,2.6851226860500543,-0.012203561971382726
2026-01-08,14.84000015258789,2.697326248021437,0.012203561971382726
2026-01-09,14.829999923706056,2.6966521510052726,-0.0006740970161644988
2026-01-12,14.890000343322754,2.700689869753188,0.004037718747915253
2026-01-13,14.3100004196167,2.6609586228916786,-0.039731246861509195
2026-01-14,13.699999809265137,2.6173958189118265,-0.04356280397985213
2026-01-15,13.729999542236328,2.6195831864394807,0.0021873675276542492
2026-01-16,13.600000381469728,2.6100698207912507,-0.009513365648230021
2026-01-19,13.539999961853027,2.605648264666775,-0.00442155612447559
2026-01-20,13.399999618530272,2.595254678488975,-0.010393586177800174
2026-01-21,14.050000190734863,2.64262240935519,0.04736773086621504
2026-01-22,14.220000267028809,2.6546494431534917,0.012027033798301723
2026-01-23,14.8100004196167,2.6953026566130425,0.04065321345955075
2026-01-26,14.850000381469728,2.6979998909369054,0.0026972343238629293
2026-01-27,15.050000190734863,2.7113780038682975,0.013378112931392128
2026-01-28,15.149999618530272,2.7180005067758577,0.006622502907560168
2026-01-29,14.880000114440918,2.7000180370958677,-0.017982469679989954
2026-01-30,14.760000228881836,2.691920834679226,-0.008097202416641913
2026-02-02,14.75,2.691243082785829,-0.0006777518933969162
2026-02-03,15.06999969482422,2.7127059923878547,0.021462909602025793
2026-02-04,15.270000457763672,2.725890149208515,0.01318415682066032
2026-02-05,15.1899995803833,2.7206372889831454,-0.005252860225369638
2026-02-06,15.25,2.7245795030534206,0.003942214070275174
2026-02-09,15.470000267028809,2.738902681846048,0.014323178792627456
2026-02-10,15.899999618530272,2.766319085234379,0.027416403388330846
2026-02-11,16.450000762939453,2.800325523590678,0.03400643835629902
2026-02-12,16.290000915527344,2.7905514788157535,-0.009774044774924384
2026-02-13,16.239999771118164,2.7874773206398227,-0.003074158175930819
2026-02-18,16.100000381469727,2.778819295684189,-0.008658024955633614
2026-02-19,16.450000762939453,2.800325523590678,0.021506227906488817
2026-02-20,16.510000228881836,2.803966271795261,0.003640748204583044
2026-02-23,16.690000534057617,2.814809769672402,0.010843497877141228
2026-02-24,17.15999984741211,2.842581085167748,0.02777131549534584
2026-02-25,16.670000076293945,2.813610701339424,-0.028970383828323953
2026-02-26,16.6299991607666,2.811208242739808,-0.0024024585996160752
2026-02-27,15.970000267028809,2.7707119789475727,-0.040496263792235254
2026-03-02,15.75,2.7568403652716422,-0.013871613675930483
2026-03-03,15.470000267028809,2.738902681846048,-0.01793768342559421
2026-03-04,15.720000267028809,2.7549338039876257,0.016031122141577647
2026-03-05,15.619999885559082,2.748552137084977,-0.006381666902648853
2026-03-06,15.479999542236328,2.739548838590284,-0.009003298494692835
2026-03-09,15.9399995803833,2.768831647037307,0.029282808447022912
2026-03-10,17.049999237060547,2.836150158982343,0.06731851194503591
2026-03-11,17.100000381469727,2.8390784858167852,0.0029283268344424407
2026-03-12,16.479999542236328,2.8021474967044036,-0.036930989112381685
2026-03-13,16.260000228881836,2.788708118196038,-0.013439378508365518
2026-03-16,16.469999313354492,2.8015405024988675,0.012832384302829514
